-- phpMyAdmin SQL Dump
-- version 5.2.1
-- https://www.phpmyadmin.net/
--
-- Servidor: localhost:3306
-- Tiempo de generación: 22-08-2024 a las 17:25:42
-- Versión del servidor: 10.4.32-MariaDB
-- Versión de PHP: 8.2.12

SET SQL_MODE = "NO_AUTO_VALUE_ON_ZERO";
START TRANSACTION;
SET time_zone = "+00:00";


/*!40101 SET @OLD_CHARACTER_SET_CLIENT=@@CHARACTER_SET_CLIENT */;
/*!40101 SET @OLD_CHARACTER_SET_RESULTS=@@CHARACTER_SET_RESULTS */;
/*!40101 SET @OLD_COLLATION_CONNECTION=@@COLLATION_CONNECTION */;
/*!40101 SET NAMES utf8mb4 */;

--
-- Base de datos: `cfe_sibae`
--

-- --------------------------------------------------------

--
-- Estructura de tabla para la tabla `balance_am_at`
--

CREATE TABLE `balance_am_at` (
  `id` int(11) NOT NULL,
  `id_year` int(11) DEFAULT NULL,
  `energia_anual_recibida` decimal(28,8) DEFAULT NULL,
  `energia_anual_entregada` decimal(28,8) DEFAULT NULL,
  `energia_anual_perdida` decimal(20,8) GENERATED ALWAYS AS (`energia_anual_recibida` - `energia_anual_entregada`) VIRTUAL,
  `porcentaje` decimal(20,8) GENERATED ALWAYS AS (`energia_anual_perdida` / (`energia_anual_recibida` / 100)) VIRTUAL
) ENGINE=InnoDB DEFAULT CHARSET=utf8mb4 COLLATE=utf8mb4_general_ci;

--
-- Volcado de datos para la tabla `balance_am_at`
--

INSERT INTO `balance_am_at` (`id`, `id_year`, `energia_anual_recibida`, `energia_anual_entregada`) VALUES
(1, 18, 1028607152.00000000, 979288234.99999952),
(2, 19, 1007626211.00000000, 941704514.00000000),
(3, 20, 1027583441.00000000, 966250454.00000000),
(4, 21, 1026192592.00000000, 965074680.99999995),
(5, 22, 1171849673.05651659, 1112744923.99999928),
(6, 23, 1365555405.58493090, 1307360908.99998424),
(7, 24, 857604878.00000000, 823184960.00000000),
(8, 25, 0.00000000, 0.00000000);

-- --------------------------------------------------------

--
-- Estructura de tabla para la tabla `balance_am_at2`
--

CREATE TABLE `balance_am_at2` (
  `id` int(11) NOT NULL,
  `id_fecha` int(11) DEFAULT NULL,
  `energia_anual_recibida` decimal(24,8) DEFAULT NULL,
  `energia_anual_entregada` decimal(24,8) DEFAULT NULL,
  `energia_anual_perdida` decimal(24,8) GENERATED ALWAYS AS (`energia_anual_recibida` - `energia_anual_entregada`) VIRTUAL,
  `porcentaje` decimal(20,8) GENERATED ALWAYS AS (`energia_anual_perdida` / (`energia_anual_recibida` / 100)) VIRTUAL
) ENGINE=InnoDB DEFAULT CHARSET=utf8mb4 COLLATE=utf8mb4_general_ci;

--
-- Volcado de datos para la tabla `balance_am_at2`
--

INSERT INTO `balance_am_at2` (`id`, `id_fecha`, `energia_anual_recibida`, `energia_anual_entregada`) VALUES
(1, 1, 86716752.00000000, 81616253.00000000),
(2, 2, 165040597.00000000, 157398115.99999952),
(3, 3, 253645274.00000000, 239371770.99999952),
(4, 4, 340745666.00000000, 321291972.99999952),
(5, 5, 429414783.00000000, 405083353.99999952),
(6, 6, 513895280.00000000, 486951776.99999952),
(7, 7, 596887839.00000000, 566298451.99999952),
(8, 8, 682719682.00000000, 647189054.99999952),
(9, 9, 766376251.00000000, 726163394.99999952),
(10, 10, 851777457.00000000, 813627570.99999952),
(11, 11, 935852692.00000000, 890321230.99999952),
(12, 12, 1028607152.00000000, 979288234.99999952),
(13, 13, 1024109252.00000000, 975808737.99999952),
(14, 14, 1027507669.00000000, 978961060.00000000),
(15, 15, 1012973812.00000000, 957928383.00000000),
(16, 16, 1012565343.00000000, 957110845.00000000),
(17, 17, 1011942723.00000000, 954452838.00000000),
(18, 18, 1011186261.00000000, 952315052.00000000),
(19, 19, 1012750602.00000000, 952538404.00000000),
(20, 20, 1017108533.00000000, 956655118.00000000),
(21, 21, 1020141072.00000000, 959152970.00000000),
(22, 22, 1021647690.00000000, 954101672.00000000),
(23, 23, 1019269869.00000000, 954576008.00000000),
(24, 24, 1007626211.00000000, 941704514.00000000),
(25, 25, 1011317499.00000000, 944662578.00000000),
(26, 26, 1004403452.00000000, 937483355.00000000),
(27, 27, 1017010245.00000000, 955025235.00000000),
(28, 28, 1008238571.00000000, 946884178.00000000),
(29, 29, 1003358864.00000000, 943095937.00000000),
(30, 30, 1006029035.00000000, 945603697.00000000),
(31, 31, 1011233434.00000000, 950710927.00000000),
(32, 32, 1007716413.00000000, 947837066.00000000),
(33, 33, 1007419759.00000000, 947716008.00000000),
(34, 34, 1012772495.00000000, 952907024.00000000),
(35, 35, 1021451794.00000000, 961379870.00000000),
(36, 36, 1027583441.00000000, 966250454.00000000),
(37, 37, 1023326959.00000000, 961010009.00000003),
(38, 38, 1027682943.00000000, 965300589.99999998),
(39, 39, 1029258210.00000000, 966494520.00000003),
(40, 40, 1039466695.00000000, 976783691.00000000),
(41, 41, 1053211158.00000000, 990334352.00000001),
(42, 42, 1048985187.00000000, 986417537.00000001),
(43, 43, 1045892165.00000000, 983134586.00000001),
(44, 44, 1048613852.00000000, 985907221.00000001),
(45, 45, 1039640349.00000000, 977961617.00000001),
(46, 46, 1027440724.00000000, 965092880.99999995),
(47, 47, 1024085929.00000000, 962084743.99999995),
(48, 48, 1026192592.00000000, 965074680.99999995),
(49, 49, 1035605582.00000000, 975366104.99999989),
(50, 50, 1040191137.59953300, 980033825.00000003),
(51, 51, 1044969819.59953300, 988673369.99999996),
(52, 52, 1058533656.52276280, 1002534331.99999999),
(53, 53, 1059750562.51882260, 1002441832.00000001),
(54, 54, 1073453848.51882260, 1016376517.00000001),
(55, 55, 1092952196.51882260, 1036404540.99999997),
(56, 56, 1098187575.51882260, 1043666593.00000003),
(57, 57, 1121564008.51882260, 1064447030.99999969),
(58, 58, 1151007927.05651659, 1092737009.99999923),
(59, 59, 1168401702.05651659, 1109289879.99999923),
(60, 60, 1171849673.05651659, 1112744923.99999928),
(61, 61, 1182672152.05651659, 1123457311.99999886),
(62, 62, 1188848287.80678959, 1127460464.99999892),
(63, 63, 1209941262.80678959, 1146931043.99999893),
(64, 64, 1218213702.75103079, 1154555207.99999892),
(65, 65, 1219524538.94494999, 1158297505.99999839),
(66, 66, 1220976925.60962499, 1159016956.99999096),
(67, 67, 1224925716.60962499, 1162740271.99998342),
(68, 68, 1265818542.60962499, 1202551941.99998411),
(69, 69, 1296112890.60962499, 1233905731.99998380),
(70, 70, 1308446988.58493090, 1249108428.99998426),
(71, 71, 1333687902.58493090, 1276484045.99998431),
(72, 72, 1365555405.58493090, 1307360908.99998424),
(73, 73, 1394975801.58493090, 1336105364.99998469),
(74, 74, 1438682238.23512490, 1384682741.99998454),
(75, 75, 1468392220.23512490, 1413320189.99998455),
(76, 76, 1462808832.36765390, 1407292957.99998456),
(77, 77, 1488063173.17767490, 1429280413.99998506),
(78, 78, 1491991895.51299990, 1434128600.99999249),
(79, 79, 1500377399.51299990, 1443781495.00000007),
(80, 80, NULL, NULL),
(81, 81, NULL, NULL),
(82, 82, NULL, NULL),
(83, 83, NULL, NULL),
(84, 84, NULL, NULL),
(85, 133, 0.00000000, 0.00000000),
(86, 134, 0.00000000, 0.00000000),
(87, 135, 0.00000000, 0.00000000),
(88, 136, 0.00000000, 0.00000000),
(89, 137, 0.00000000, 0.00000000),
(90, 138, 0.00000000, 0.00000000),
(91, 139, 0.00000000, 0.00000000),
(92, 140, 0.00000000, 0.00000000),
(93, 141, 0.00000000, 0.00000000),
(94, 142, 0.00000000, 0.00000000),
(95, 143, 0.00000000, 0.00000000),
(96, 144, 0.00000000, 0.00000000);

-- --------------------------------------------------------

--
-- Estructura de tabla para la tabla `balance_am_mt`
--

CREATE TABLE `balance_am_mt` (
  `id` int(11) NOT NULL,
  `id_fecha` int(11) DEFAULT NULL,
  `energia_anual_recibida` decimal(24,8) DEFAULT NULL,
  `energia_anual_entregada` decimal(24,8) DEFAULT NULL,
  `energia_anual_perdida` decimal(24,8) GENERATED ALWAYS AS (`energia_anual_recibida` - `energia_anual_entregada`) VIRTUAL,
  `porcentaje` decimal(20,8) GENERATED ALWAYS AS (`energia_anual_perdida` / (`energia_anual_recibida` / 100)) VIRTUAL
) ENGINE=InnoDB DEFAULT CHARSET=utf8mb4 COLLATE=utf8mb4_general_ci;

--
-- Volcado de datos para la tabla `balance_am_mt`
--

INSERT INTO `balance_am_mt` (`id`, `id_fecha`, `energia_anual_recibida`, `energia_anual_entregada`) VALUES
(1, 1, 29364750.00000000, 24626070.00000000),
(2, 2, 56809179.00000000, 49790720.00000000),
(3, 3, 88535417.00000000, 75451886.00000000),
(4, 4, 120661608.00000000, 102881646.00000000),
(5, 5, 152716924.00000000, 129750014.00000000),
(6, 6, 182118577.00000000, 156190733.00000000),
(7, 7, 212701250.00000000, 181169510.00000000),
(8, 8, 244221107.00000000, 208100839.00000000),
(9, 9, 273974759.00000000, 233055726.00000000),
(10, 10, 304810271.00000000, 259339325.00000000),
(11, 11, 334581247.00000000, 283923758.00000000),
(12, 12, 364755719.05852500, 309006556.00000000),
(13, 13, 365314792.05852500, 310074918.00000000),
(14, 14, 366113021.05852500, 310402725.00000000),
(15, 15, 366651934.05852500, 311024623.00000000),
(16, 16, 366629666.05852500, 310772689.00000000),
(17, 17, 368797205.05852500, 311677217.00000000),
(18, 18, 369128198.05852500, 312385906.00000000),
(19, 19, 370514627.05852500, 313125049.00000000),
(20, 20, 371129273.05852500, 313371236.00000000),
(21, 21, 372617977.05852500, 314656900.00000000),
(22, 22, 373117055.05852500, 315196933.00000000),
(23, 23, 373240637.05852500, 316270682.00000000),
(24, 24, 373569440.00000000, 316956953.00000000),
(25, 25, 374059671.00000000, 316510190.00000000),
(26, 26, 374721265.00000000, 316790436.00000000),
(27, 27, 374734504.00000000, 316350190.00000000),
(28, 28, 372757227.00000000, 314619290.00000000),
(29, 29, 369692234.00000000, 312226749.00000000),
(30, 30, 371176575.00000000, 312322429.00000000),
(31, 31, 370746425.00000000, 312674247.00000000),
(32, 32, 370017781.00000000, 312509091.00000000),
(33, 33, 369520121.00000000, 311944164.00000000),
(34, 34, 371555929.00000000, 313869877.00000000),
(35, 35, 372829657.00000000, 314861829.00000000),
(36, 36, 374496208.00000000, 315350713.00000000),
(37, 37, 375878883.00000000, 316286099.00000000),
(38, 38, 376283139.00000000, 316808297.00000000),
(39, 39, 377986074.00000000, 317834655.00000000),
(40, 40, 381470212.00000000, 320633325.00000000),
(41, 41, 383699081.00000000, 322275709.00000000),
(42, 42, 383101627.00000000, 321856334.00000000),
(43, 43, 383143731.00000000, 321268570.00000000),
(44, 44, 384291581.00000000, 322093312.00000000),
(45, 45, 383274745.00000000, 322033416.00000000),
(46, 46, 382046220.00000000, 319695234.00000000),
(47, 47, 381753492.00000000, 319178755.00000000),
(48, 48, 381746270.00000000, 319181569.00000000),
(49, 49, 381236307.69539699, 318432369.00000000),
(50, 50, 381054184.29492999, 318085348.00000000),
(51, 51, 380886124.29492999, 319135878.00000000),
(52, 52, 381788913.29492999, 319840257.00000000),
(53, 53, 384674813.05869198, 321970421.93023256),
(54, 54, 387768629.31944498, 325236155.20930233),
(55, 55, 390967367.31944498, 328303445.13953489),
(56, 56, 392771751.77450598, 329063762.72093024),
(57, 57, 395564587.77450598, 332097006.30232559),
(58, 58, 396925256.31219997, 334400070.23255815),
(59, 59, 398256657.14308297, 335947618.16279071),
(60, 60, 399110931.45628097, 337412656.74418606),
(61, 61, 396172493.62716499, 339042012.67441862),
(62, 62, 397301696.37743799, 340072380.90697676),
(63, 63, 398216145.36924199, 340078880.90697676),
(64, 64, 398418721.83671299, 340237326.83720932),
(65, 65, 397431387.26293000, 340920826.83720932),
(66, 66, 400560454.19685200, 342441529.48837211),
(67, 67, 401669496.05708100, 343911960.55813955),
(68, 68, 402525043.83297500, 347014305.97674420),
(69, 69, 406037000.07578599, 348780888.39534885),
(70, 70, 407040176.36182700, 350842766.46511629),
(71, 71, 406719192.94945797, 351281796.53488373),
(72, 72, 406343779.84894097, 349798644.53488373),
(73, 73, 411236957.98265996, 349884492.60465117),
(74, 74, 412118750.63285396, 350575428.37209303),
(75, 75, 413509692.64104996, 350761290.37209303),
(76, 76, 415193405.17357896, 352540078.44186047),
(77, 77, 419677962.98359996, 354346462.51162791),
(78, 78, NULL, NULL),
(79, 79, NULL, NULL),
(80, 80, NULL, NULL),
(81, 81, NULL, NULL),
(82, 82, NULL, NULL),
(83, 83, NULL, NULL),
(84, 84, NULL, NULL),
(133, 133, 0.00000000, 0.00000000),
(134, 134, 0.00000000, 0.00000000),
(135, 135, 0.00000000, 0.00000000),
(136, 136, 0.00000000, 0.00000000),
(137, 137, 0.00000000, 0.00000000),
(138, 138, 0.00000000, 0.00000000),
(139, 139, 0.00000000, 0.00000000),
(140, 140, 0.00000000, 0.00000000),
(141, 141, 0.00000000, 0.00000000),
(142, 142, 0.00000000, 0.00000000),
(143, 143, 0.00000000, 0.00000000),
(144, 144, 0.00000000, 0.00000000);

-- --------------------------------------------------------

--
-- Estructura de tabla para la tabla `balance_media_tension`
--

CREATE TABLE `balance_media_tension` (
  `id` int(11) NOT NULL,
  `id_fecha` int(11) DEFAULT NULL,
  `energia_mensual_recibida` decimal(20,8) DEFAULT NULL,
  `energia_mensual_entregada` decimal(20,8) DEFAULT NULL,
  `energia_mensual_perdida` decimal(20,8) GENERATED ALWAYS AS (`energia_mensual_recibida` - `energia_mensual_entregada`) VIRTUAL,
  `porcentaje` decimal(20,8) GENERATED ALWAYS AS (`energia_mensual_perdida` / (`energia_mensual_recibida` / 100)) VIRTUAL
) ENGINE=InnoDB DEFAULT CHARSET=utf8mb4 COLLATE=utf8mb4_general_ci;

--
-- Volcado de datos para la tabla `balance_media_tension`
--

INSERT INTO `balance_media_tension` (`id`, `id_fecha`, `energia_mensual_recibida`, `energia_mensual_entregada`) VALUES
(1, 1, 29364750.00000000, 24626070.00000000),
(2, 2, 27444429.00000000, 25164650.00000000),
(3, 3, 31726238.00000000, 25661166.00000000),
(4, 4, 32126191.00000000, 27429760.00000000),
(5, 5, 32055316.00000000, 26868368.00000000),
(6, 6, 29401653.00000000, 26440719.00000000),
(7, 7, 30582673.00000000, 24978777.00000000),
(8, 8, 31519857.00000000, 26931329.00000000),
(9, 9, 29753652.00000000, 24954887.00000000),
(10, 10, 30835512.00000000, 26283599.00000000),
(11, 11, 29770976.00000000, 24584433.00000000),
(12, 12, 30174472.05852500, 25082798.00000000),
(13, 13, 29923823.00000000, 25694432.00000000),
(14, 14, 28242658.00000000, 25492457.00000000),
(15, 15, 32265151.00000000, 26283064.00000000),
(16, 16, 32103923.00000000, 27177826.00000000),
(17, 17, 34222855.00000000, 27772896.00000000),
(18, 18, 29732646.00000000, 27149408.00000000),
(19, 19, 31969102.00000000, 25717920.00000000),
(20, 20, 32134503.00000000, 27177516.00000000),
(21, 21, 31242356.00000000, 26240551.00000000),
(22, 22, 31334590.00000000, 26823632.00000000),
(23, 23, 29894558.00000000, 25658182.00000000),
(24, 24, 30503275.00000000, 25769069.00000000),
(25, 25, 30414054.00000000, 25247669.00000000),
(26, 26, 28904252.00000000, 25772703.00000000),
(27, 27, 32278390.00000000, 25842818.00000000),
(28, 28, 30126646.00000000, 25446926.00000000),
(29, 29, 31157862.00000000, 25380355.00000000),
(30, 30, 31216987.00000000, 27245088.00000000),
(31, 31, 31538952.00000000, 26069738.00000000),
(32, 32, 31405859.00000000, 27012360.00000000),
(33, 33, 30744696.00000000, 25675624.00000000),
(34, 34, 33370398.00000000, 28749345.00000000),
(35, 35, 31168286.00000000, 26650134.00000000),
(36, 36, 32169826.00000000, 26257953.00000000),
(37, 37, 31796729.00000000, 26183055.00000000),
(38, 38, 29308508.00000000, 26294901.00000000),
(39, 39, 33981325.00000000, 26869176.00000000),
(40, 40, 33610784.00000000, 28245596.00000000),
(41, 41, 33386731.00000000, 27022739.00000000),
(42, 42, 30619533.00000000, 26825713.00000000),
(43, 43, 31581056.00000000, 25481974.00000000),
(44, 44, 32553709.00000000, 27837102.00000000),
(45, 45, 29727860.00000000, 25615728.00000000),
(46, 46, 32141873.00000000, 26411163.00000000),
(47, 47, 30875558.00000000, 26133655.00000000),
(48, 48, 32162604.00000000, 26260767.00000000),
(49, 49, 31286766.69539699, 25433855.00000000),
(50, 50, 29126384.59953300, 25947880.00000000),
(51, 51, 33813265.00000000, 27919706.00000000),
(52, 52, 34513573.00000000, 28949975.00000000),
(53, 53, 36272630.76376199, 29152903.93023256),
(54, 54, 33713349.26075300, 30091446.27906977),
(55, 55, 34779794.00000000, 28549263.93023256),
(56, 56, 34358093.45506100, 28597419.58139535),
(57, 57, 32520696.00000000, 28648971.58139535),
(58, 58, 33502541.53769399, 28714226.93023256),
(59, 59, 32206958.83088300, 27681202.93023256),
(60, 60, 33016878.31319800, 27725805.58139535),
(61, 61, 28348328.86628101, 27063210.93023256),
(62, 62, 30255587.34980600, 26978248.23255814),
(63, 63, 34727713.99180400, 27926206.00000000),
(64, 64, 34716149.46747100, 29108420.93023256),
(65, 65, 35285296.18997900, 29836403.93023256),
(66, 66, 36842416.19467500, 31612148.93023256),
(67, 67, 35888835.86022900, 30019695.00000000),
(68, 68, 35213641.23095500, 31699765.00000000),
(69, 69, 36032652.24281099, 30415554.00000000),
(70, 70, 34505717.82373500, 30776105.00000000),
(71, 71, 31885975.41851397, 28120233.00000000),
(72, 72, 32641465.21268100, 26242653.58139535),
(73, 73, 33241507.00000000, 27149059.00000000),
(74, 74, 31137380.00000000, 27669184.00000000),
(75, 75, 36118656.00000000, 28112068.00000000),
(76, 76, 36399862.00000000, 30887209.00000000),
(77, 77, 39769854.00000000, 31642788.00000000),
(78, 78, NULL, NULL),
(79, 79, NULL, NULL),
(80, 80, NULL, NULL),
(81, 81, NULL, NULL),
(82, 82, NULL, NULL),
(83, 83, NULL, NULL),
(84, 84, NULL, NULL),
(133, 133, NULL, NULL),
(134, 134, NULL, NULL),
(135, 135, NULL, NULL),
(136, 136, NULL, NULL),
(137, 137, NULL, NULL),
(138, 138, NULL, NULL),
(139, 139, NULL, NULL),
(140, 140, NULL, NULL),
(141, 141, NULL, NULL),
(142, 142, NULL, NULL),
(143, 143, NULL, NULL),
(144, 144, NULL, NULL);

--
-- Disparadores `balance_media_tension`
--
DELIMITER $$
CREATE TRIGGER `calcular_am_mt_total` AFTER UPDATE ON `balance_media_tension` FOR EACH ROW BEGIN
    DECLARE energia INT;
    
    SELECT COUNT(*) 
    INTO energia 
    FROM balance_am_mt 
    WHERE id_fecha = (NEW.id_fecha - 1) 
    AND energia_anual_recibida IS NOT NULL 
    AND energia_anual_entregada IS NOT NULL;

    IF energia > 0 THEN
        UPDATE balance_am_mt
        SET energia_anual_recibida = (
                SELECT COALESCE(SUM(energia_mensual_recibida), 0)
                FROM balance_media_tension
                WHERE id_fecha BETWEEN (NEW.id_fecha - 11) AND NEW.id_fecha
            ),
            energia_anual_entregada = (
                SELECT COALESCE(SUM(energia_mensual_entregada), 0)
                FROM balance_media_tension 
                WHERE id_fecha BETWEEN (NEW.id_fecha - 11) AND NEW.id_fecha
            )
        WHERE id_fecha = NEW.id_fecha;
    ELSE
        UPDATE balance_am_mt
        SET energia_anual_recibida = COALESCE((
                SELECT energia_mensual_recibida 
                FROM balance_media_tension
                WHERE id_fecha = NEW.id_fecha
                LIMIT 1
            ), 0),
            energia_anual_entregada = COALESCE((
                SELECT COALESCE(SUM(energia_mensual_entregada), 0)
                FROM balance_media_tension
                WHERE id_fecha = NEW.id_fecha
                LIMIT 1
            ), 0)
        WHERE id_fecha = NEW.id_fecha;
    END IF;
END
$$
DELIMITER ;

-- --------------------------------------------------------

--
-- Estructura de tabla para la tabla `balance_mensual`
--

CREATE TABLE `balance_mensual` (
  `id` int(11) NOT NULL,
  `id_fecha` int(11) DEFAULT NULL,
  `energia_mensual_recibida` decimal(22,8) DEFAULT NULL,
  `energia_mensual_entregada` decimal(22,8) DEFAULT NULL,
  `sino` decimal(20,8) DEFAULT NULL,
  `sino2` decimal(20,8) GENERATED ALWAYS AS (`sino` + 0) VIRTUAL,
  `energia_mensual_perdida` decimal(20,8) GENERATED ALWAYS AS (`energia_mensual_recibida` - `energia_mensual_entregada` - `sino`) VIRTUAL,
  `porcentaje` decimal(20,8) GENERATED ALWAYS AS (`energia_mensual_perdida` / (`energia_mensual_recibida` / 100)) VIRTUAL
) ENGINE=InnoDB DEFAULT CHARSET=utf8mb4 COLLATE=utf8mb4_general_ci;

--
-- Volcado de datos para la tabla `balance_mensual`
--

INSERT INTO `balance_mensual` (`id`, `id_fecha`, `energia_mensual_recibida`, `energia_mensual_entregada`, `sino`) VALUES
(1, 1, 86716752.00000000, 81282186.00000000, 334067.00000000),
(2, 2, 78323845.00000000, 75661897.25806452, 119965.74193500),
(3, 3, 88604677.00000000, 81794201.00000000, 179454.00000000),
(4, 4, 87100392.00000000, 81979526.00000000, -59324.00000000),
(5, 5, 88669117.00000000, 83371236.00000000, 420145.00000000),
(6, 6, 84480497.00000000, 81557432.00000000, 310991.00000000),
(7, 7, 82992559.00000000, 78435730.00000000, 910945.00000000),
(8, 8, 85831843.00000000, 80801436.00000000, 89167.00000000),
(9, 9, 83656569.00000000, 78726462.00000000, 247878.00000000),
(10, 10, 85401206.00000000, 87150046.00000000, 314130.00000000),
(11, 11, 84075235.00000000, 76508589.00000000, 185071.00000000),
(12, 12, 92754460.00000000, 88860152.00000000, 106852.00000000),
(13, 13, 82218852.00000000, 77402698.00000000, 734058.00000000),
(14, 14, 81722262.00000000, 78411024.00000000, 523161.00000000),
(15, 15, 74070820.00000000, 60962423.00000000, -21445.00000000),
(16, 16, 86691923.00000000, 81232670.00000000, -130006.00000000),
(17, 17, 88046497.00000000, 80819327.00000000, 314047.00000000),
(18, 18, 83724035.00000000, 79396070.00000000, 334567.00000000),
(19, 19, 84556900.00000000, 78616672.00000000, 953355.00000000),
(20, 20, 90189774.00000000, 84937279.00000000, 70038.00000000),
(21, 21, 86689108.00000000, 81095709.00000000, 376483.00000000),
(22, 22, 86907824.00000000, 82031440.00000000, 381438.00000000),
(23, 23, 81697414.00000000, 76911795.00000000, 256201.00000000),
(24, 24, 81110802.00000000, 75882705.00000000, 212805.00000000),
(25, 25, 85910140.00000000, 80254512.00000000, 840308.00000000),
(26, 26, 74808215.00000000, 71246693.00000000, 508269.00000000),
(27, 27, 86677613.00000000, 79678604.00000000, -1195746.00000000),
(28, 28, 77920249.00000000, 72836459.00000000, 125148.00000000),
(29, 29, 83166790.00000000, 76881775.00000000, 463358.00000000),
(30, 30, 86394206.00000000, 81951395.00000000, 287002.00000000),
(31, 31, 89761299.00000000, 83807742.00000000, 869515.00000000),
(32, 32, 86672753.00000000, 82062828.00000000, 70628.00000000),
(33, 33, 86392454.00000000, 80857560.00000000, 493574.00000000),
(34, 34, 92260560.00000000, 87210149.00000000, 393745.00000000),
(35, 35, 90376713.00000000, 85379313.00000000, 261529.00000000),
(36, 36, 87242449.00000000, 80861414.00000000, 104680.00000000),
(37, 37, 81653658.00000000, 75021357.00000003, 833018.00000000),
(38, 38, 79164199.00000000, 75708337.99999995, 337205.00000000),
(39, 39, 88252880.00000000, 80937801.00000005, -1261013.00000000),
(40, 40, 88128734.00000000, 82744291.99999997, 506486.00000000),
(41, 41, 96911253.00000000, 90509119.00000001, 386675.00000000),
(42, 42, 82168235.00000000, 78340730.00000000, -19148.00000000),
(43, 43, 86668277.00000000, 80531531.00000000, 862775.00000000),
(44, 44, 89394440.00000000, 84670408.00000000, 235683.00000000),
(45, 45, 77418951.00000000, 72879261.00000000, 526269.00000000),
(46, 46, 80060935.00000000, 74384575.99999994, 350582.00000000),
(47, 47, 87021918.00000000, 82389884.00000000, 242821.00000000),
(48, 48, 89349112.00000000, 83593721.00000000, 362310.00000000),
(49, 49, 91066648.00000000, 85297852.99999997, 847946.00000000),
(50, 50, 83749754.59953300, 80521024.00000009, 192239.00000000),
(51, 51, 93031562.00000000, 87938059.99999998, 378273.00000000),
(52, 52, 101692570.92322980, 96610826.00000000, 500914.00000000),
(53, 53, 98128158.99605980, 79752068.00000003, 11051226.00000000),
(54, 54, 95871521.00000000, 92227524.00000000, 28743.00000000),
(55, 55, 106166625.00000000, 100572264.99999996, 850065.00000000),
(56, 56, 94629819.00000000, 91777259.00000006, 390884.00000000),
(57, 57, 100795384.00000000, 93515137.00004366, 670830.99995600),
(58, 58, 109504853.53769399, 102842031.99999948, 183105.00000000),
(59, 59, 104415693.00000000, 99057689.00000000, 127886.00000000),
(60, 60, 92797083.00000000, 87178047.00000005, 233028.00000000),
(61, 61, 101889127.00000000, 96008660.93023255, 849526.06976700),
(62, 62, 89925890.34980600, 86383210.00000015, -1666794.00000000),
(63, 63, 114124537.00000000, 106950900.99999999, 836011.00000000),
(64, 64, 109965010.86747100, 104119360.78023299, 616543.21976700),
(65, 65, 99438995.18997900, 93844683.58763250, 700908.41236700),
(66, 66, 97323907.66467500, 91844840.17023257, 1130877.82976000),
(67, 67, 110115416.00000000, 103818990.93023242, 1326654.06976000),
(68, 68, 135522645.00000000, 131312088.27906975, 667724.72093100),
(69, 69, 131089732.00000000, 125114090.65139535, 425667.34860400),
(70, 70, 121838951.51299990, 117409103.99999994, 818730.00000000),
(71, 71, 129656607.00000000, 126161843.00000006, 399348.99999999),
(72, 72, 124664586.00000000, 117958066.99999998, 329871.00000000),
(73, 73, 131309523.00000000, 124695456.00000000, 907187.00000000),
(74, 74, 133632327.00000000, 134562832.00000000, -1269039.00000000),
(75, 75, 143834519.00000000, 135445759.00000000, 978601.00000000),
(76, 76, 104381623.00000000, 98370532.00000000, 338140.00000000),
(77, 77, 124693336.00000000, 115838521.00000000, 694527.00000000),
(78, 78, 101252630.00000000, 97466964.00000000, 356941.00000000),
(79, 79, 118500920.00000000, 113725891.00000000, 1072648.00000000),
(80, 80, NULL, NULL, 0.00000000),
(81, 81, NULL, NULL, 0.00000000),
(82, 82, NULL, NULL, 0.00000000),
(83, 83, NULL, NULL, 0.00000000),
(84, 84, NULL, NULL, 0.00000000),
(133, 133, NULL, NULL, 0.00000000),
(134, 134, NULL, NULL, 0.00000000),
(135, 135, NULL, NULL, 0.00000000),
(136, 136, NULL, NULL, 0.00000000),
(137, 137, NULL, NULL, 0.00000000),
(138, 138, NULL, NULL, 0.00000000),
(139, 139, NULL, NULL, 0.00000000),
(140, 140, NULL, NULL, 0.00000000),
(141, 141, NULL, NULL, 0.00000000),
(142, 142, NULL, NULL, 0.00000000),
(143, 143, NULL, NULL, 0.00000000),
(144, 144, NULL, NULL, 0.00000000);

--
-- Disparadores `balance_mensual`
--
DELIMITER $$
CREATE TRIGGER `calcular_am_at2_total` AFTER UPDATE ON `balance_mensual` FOR EACH ROW BEGIN
    DECLARE energia INT;
    
    SELECT COUNT(*) 
    INTO energia 
    FROM balance_am_at2 
    WHERE id_fecha = (NEW.id_fecha - 1) 
    AND energia_anual_recibida IS NOT NULL 
    AND energia_anual_entregada IS NOT NULL;

    IF energia > 0 THEN
        UPDATE balance_am_at2
        SET energia_anual_recibida = (
                SELECT COALESCE(SUM(energia_mensual_recibida), 0)
                FROM balance_mensual 
                WHERE id_fecha BETWEEN (NEW.id_fecha - 11) AND NEW.id_fecha
            ),
            energia_anual_entregada = (
                SELECT COALESCE(SUM(energia_mensual_entregada + sino2), 0)
                FROM balance_mensual 
                WHERE id_fecha BETWEEN (NEW.id_fecha - 11) AND NEW.id_fecha
            )
        WHERE id_fecha = NEW.id_fecha;
    ELSE
        UPDATE balance_am_at2
        SET energia_anual_recibida = COALESCE((
                SELECT energia_mensual_recibida 
                FROM balance_mensual 
                WHERE id_fecha = NEW.id_fecha
                LIMIT 1
            ), 0),
            energia_anual_entregada = COALESCE((
                SELECT COALESCE(SUM(energia_mensual_entregada + sino2), 0)
                FROM balance_mensual 
                WHERE id_fecha = NEW.id_fecha
                LIMIT 1
            ), 0)
        WHERE id_fecha = NEW.id_fecha;
    END IF;
END
$$
DELIMITER ;
DELIMITER $$
CREATE TRIGGER `calcular_am_at_total` AFTER UPDATE ON `balance_mensual` FOR EACH ROW BEGIN
    DECLARE anio INT;

    SELECT id_year INTO anio 
    FROM fechas 
    WHERE id = NEW.id_fecha;

    UPDATE balance_am_at 
    SET 
        energia_anual_recibida = (
            SELECT COALESCE(SUM(bm.energia_mensual_recibida), 0)
            FROM balance_mensual bm
            INNER JOIN fechas f ON f.id = bm.id_fecha
            WHERE f.id_year = anio
        ),
        energia_anual_entregada = (
            SELECT COALESCE(SUM(bm.energia_mensual_entregada + bm.sino2), 0)
            FROM balance_mensual bm
            INNER JOIN fechas f ON f.id = bm.id_fecha
            WHERE f.id_year = anio
        )
    WHERE id_year = anio;
END
$$
DELIMITER ;

-- --------------------------------------------------------

--
-- Estructura de tabla para la tabla `banco`
--

CREATE TABLE `banco` (
  `id_banco` int(11) NOT NULL,
  `banco` varchar(255) NOT NULL
) ENGINE=InnoDB DEFAULT CHARSET=utf8mb4 COLLATE=utf8mb4_general_ci;

--
-- Volcado de datos para la tabla `banco`
--

INSERT INTO `banco` (`id_banco`, `banco`) VALUES
(1, 'T1'),
(2, 'T2'),
(3, 'T3'),
(4, 'CMX'),
(5, 'PMR'),
(6, 'HUMEDADES'),
(7, 'TECOZAUTLA'),
(8, 'ZIMAPÁN'),
(9, 'CASA DE MÁQUINAS'),
(10, 'CERRO BOLUDO'),
(11, 'SE JUANDHO 85'),
(12, 'RECIBIDO SJR-Boquillas');

-- --------------------------------------------------------

--
-- Estructura de tabla para la tabla `cache`
--

CREATE TABLE `cache` (
  `key` varchar(255) NOT NULL,
  `value` mediumtext NOT NULL,
  `expiration` int(11) NOT NULL
) ENGINE=InnoDB DEFAULT CHARSET=utf8mb4 COLLATE=utf8mb4_unicode_ci;

-- --------------------------------------------------------

--
-- Estructura de tabla para la tabla `cache_locks`
--

CREATE TABLE `cache_locks` (
  `key` varchar(255) NOT NULL,
  `owner` varchar(255) NOT NULL,
  `expiration` int(11) NOT NULL
) ENGINE=InnoDB DEFAULT CHARSET=utf8mb4 COLLATE=utf8mb4_unicode_ci;

-- --------------------------------------------------------

--
-- Estructura de tabla para la tabla `cipes`
--

CREATE TABLE `cipes` (
  `id` varchar(20) NOT NULL
) ENGINE=InnoDB DEFAULT CHARSET=utf8mb4 COLLATE=utf8mb4_general_ci;

-- --------------------------------------------------------

--
-- Estructura de tabla para la tabla `cipes_mt`
--

CREATE TABLE `cipes_mt` (
  `id` int(11) NOT NULL,
  `codigo` varchar(25) NOT NULL
) ENGINE=InnoDB DEFAULT CHARSET=utf8mb4 COLLATE=utf8mb4_general_ci;

--
-- Volcado de datos para la tabla `cipes_mt`
--

INSERT INTO `cipes_mt` (`id`, `codigo`) VALUES
(1, 'PH0E0DP130TCZ52020'),
(2, 'PH0E0DP130TCZ42010'),
(3, 'PH0E0DP130HCH42020'),
(4, 'PH0E0DP130HUM52010'),
(5, 'PH0E0DP130HUM52020'),
(6, 'PH0E0DP130ZMN52010'),
(7, 'PH0E0DP130ZMN52020'),
(8, 'PH0E0DP130ZMN52030');

-- --------------------------------------------------------

--
-- Estructura de tabla para la tabla `circuito`
--

CREATE TABLE `circuito` (
  `id_circuito` int(11) NOT NULL,
  `nombre` varchar(255) NOT NULL,
  `id_banco` int(11) DEFAULT NULL,
  `img` text DEFAULT NULL,
  `marca_medidor` varchar(255) DEFAULT NULL,
  `num_medidor` varchar(255) DEFAULT NULL,
  `ip_medidor` varchar(255) DEFAULT NULL,
  `rtc_medidor` varchar(255) DEFAULT NULL,
  `rtp_medidor` varchar(255) DEFAULT NULL,
  `modelo_medidor` varchar(255) DEFAULT NULL,
  `tension_medidor` varchar(255) DEFAULT NULL,
  `poblado` varchar(255) DEFAULT NULL
) ENGINE=InnoDB DEFAULT CHARSET=utf8mb4 COLLATE=utf8mb4_general_ci;

--
-- Volcado de datos para la tabla `circuito`
--

INSERT INTO `circuito` (`id_circuito`, `nombre`, `id_banco`, `img`, `marca_medidor`, `num_medidor`, `ip_medidor`, `rtc_medidor`, `rtp_medidor`, `modelo_medidor`, `tension_medidor`, `poblado`) VALUES
(1, 'HUM-53010', 2, 'medidor1.png', 'ARTECHE', '003267', '10.171.125.1', '1200/5', '70/5', 'DM9200T', '23', 'MAYE'),
(2, 'HUM-53020', 2, 'medidor2.png', 'ARTECHE', '003270', '10.171.125.2', '1200/5', '70/5', 'DM9200T', '23', 'ALFAJAYUCAN'),
(3, 'HUM-53030', 3, 'medidor3.png', 'ARTECHE', '003525', '10.171.125.3', '1200/5', '70/5', 'DM9200T', '23', 'CARDONAL'),
(4, 'HUM-53040', 2, 'medidor4.png', 'ION', 'PT6801', '10.171.125.6', '1200/5', '70/5', '8600', '23', 'JULIÁN VILLAGRAN'),
(5, 'HUM-53050', 2, '1724161790_med15.png', NULL, NULL, NULL, NULL, NULL, NULL, NULL, 'CAPULA'),
(6, 'RESPALDO HUM-52020', 2, 'med6.png', 'ARTECHE', '000912', '10.171.125.5', '800/5', '14400/120', 'DM9200T', '23', NULL),
(7, 'RESPALDO HUM-52010', 1, 'med7.png', 'ARTECHE', '003302', '10.171.125.4', '400/5', '14400/120', 'DM9200T', '23', NULL),
(8, 'HCH-43010', 2, 'med8.png', 'SEL', '2009104475', '10.171.125.66', '1200/5', '70/5', '734', '13.8', NULL),
(9, 'HCH-43020', 2, 'med9.png', 'SEL', '2009104469', '10.171.125.67', '1200/5', '70/5', '734', '13.8', NULL),
(10, 'HCH-43030', 2, 'med10.png', 'SEL', '2009104461', '10.171.125.68', '1200/5', '70/5', '734', '13.8', NULL),
(11, 'HCH-43040', 2, 'med11.png', 'SEL', '1112940488', '10.171.125.69', '1200/5', '70/5', '735', '13.8', NULL),
(12, 'HCH-43050', 2, 'med12.png', 'SEL', '1112900478', '10.171.125.70', '1200/5', '70/5', '735', '13.8', NULL),
(13, 'RESPALDO HCH-42020', 2, 'med13.png', 'ION', 'PT3601', '10.171.125.65', '1200/5', '8400/120', '8600', '13.8', NULL),
(14, 'TCZ-53010', 2, 'med14.png', 'ION', '562BMC', '10.171.125.197', '1200/5', '70/5', '8650', '34.5', NULL),
(15, 'TCZ-53020', 2, 'med15.png', 'ION', '537BMC', '10.171.125.198', '1200/5', '70/5', '8650', '34.5', NULL),
(16, 'RESPALDO TCZ-52020', 2, 'med16.png', 'ION', '1F1C05', '10.171.125.196', '400/5', '20125/115', '8650', '34.5', NULL),
(17, 'TCZ-43010', 1, 'med17.png', 'ION', '500BMC', '10.171.125.194', '1200/5', '70/5', '8650', '13.8', NULL),
(18, 'TCZ-43020', 1, 'med18.png', 'ION', '534BMC', '10.171.125.195', '1200/5', '70/5', '8650', '13.8', NULL),
(19, 'TCZ-43030', 1, 'med19.png', 'SEL', '1173630528', '10.171.125.202', '1200/5', '70/5', '735', '13.8', NULL),
(20, 'RESPALDO TCZ-42010', 1, '1724211510_med15.png', 'ION', '1F0C76', '10.171.125.193', '1000/5', '8400/120', '8650', '13.8', NULL),
(21, 'ZIM-53010', 1, 'med21.png', 'SEL', '1112940482', '10.171.125.132', '1200/5', '70/5', '735', '23', NULL),
(22, 'ZIM-53020', 1, 'med22.png', 'SEL', '1112910410', '10.171.125.133', '1200/5', '70/5', '735', '23', NULL),
(23, 'RESPALDO ZIM-52010', 1, 'med23.png', 'ION', 'M656WG', '10.171.125.129', '400/5', '14400/120', '8650', '23', NULL),
(24, 'ZIM-53030', 2, 'med24.png', 'ION', '546BMC', '10.171.125.134', '1200/5', '70/5', '8650', '23', NULL),
(25, 'ZIM-53040', 2, 'med25.png', 'ION', '1BY004', '10.171.125.135', '1200/5', '70/5', '8300', '23', NULL),
(26, 'RESPALDO ZIM-52020', 2, 'med26.png', 'ARTECHE', '003255', '10.171.125.130', '800/5', '14400/120', 'DM9200T', '23', NULL),
(27, 'ZIM-53050', 3, 'med27.png', 'ION', '493BMC', '10.171.125.136', '1200/5', '70/5', '8650', '23', NULL),
(28, 'RESPALDO ZIM-52030', 3, 'med28.png', 'ION', '524BMC', '10.171.125.131', '200/5', '20125/115', '8650', '23', NULL),
(29, 'CEMEX MÉXICO SA DE CV', 4, '', '', '', '', '', '', '', '', NULL),
(30, 'PETRÓLEOS MEXICANOS', 5, '', '', '', '', '', '', '', '', NULL),
(31, 'HUM-72020', 6, 'med31.png', 'ION', 'PT2501', '10.171.125.8', '', '', '8600', '', NULL),
(32, 'TCZ-72010', 7, '1721893890_med15.png', 'ION', '1F0C94', '10.171.125.199', '', '', '8650', '', NULL),
(33, 'TCZ-72020', 7, '1724211450_med15.png', 'ION', '1F0C93', '10.171.125.200', NULL, NULL, '8650', NULL, NULL),
(34, 'TCZ-73880', 8, '1721893905_med15.png', 'ION', 'PT0702', '10.171.125.201', '1000/5', '600/5', '8600', '115', NULL),
(35, 'ZIM-72030', 8, '', 'ION', '545BMC', '10.171.125.137', '', '', '8650', '', NULL),
(36, 'ZIM-73700', 8, 'med36.png', 'SEL', '1112980507', '10.171.125.138', '1000/5', '600/5', '735', '115', NULL),
(37, 'ZIM-73620', 9, '1721893935_med6.png', 'ION', '', '', '', '', '', '', NULL),
(38, 'ZIM-73630', 9, '1721893962_med6.png', 'ARTECHE', '', '', '', '', '', '', NULL),
(39, 'TZE-5020', 10, 'med39.png', 'ION', '545BMC', '10.171.125.137', '', 'jdjd', '8650', '', NULL),
(40, 'JDO-85', 11, 'med40.png', '', '', '', '', '', '', '', NULL),
(41, 'TRA5020(ABIERTO)', NULL, '', '', '', '', '', '', '', '', NULL),
(42, 'ZIM-73630', 9, '', 'ION', '', '', '', '', '', '', NULL),
(43, 'ZIM-72620', 9, '', 'ARTECHE', '', '', '', '', '', '', NULL),
(44, 'SE BOQUILLAS SJR-IXM', 12, '', NULL, NULL, NULL, NULL, NULL, NULL, NULL, NULL);

-- --------------------------------------------------------

--
-- Estructura de tabla para la tabla `consumo`
--

CREATE TABLE `consumo` (
  `id` int(11) NOT NULL,
  `id_fecha` int(11) DEFAULT NULL,
  `id_circuito` int(11) DEFAULT NULL,
  `energia` decimal(40,10) DEFAULT NULL
) ENGINE=InnoDB DEFAULT CHARSET=utf8mb4 COLLATE=utf8mb4_general_ci;

--
-- Volcado de datos para la tabla `consumo`
--

INSERT INTO `consumo` (`id`, `id_fecha`, `id_circuito`, `energia`) VALUES
(1, 61, 1, 2514156.4999999900),
(2, 61, 2, 2496529.8099999900),
(3, 61, 3, 1836627.4100000000),
(4, 61, 4, 1502259.7797240000),
(5, 61, 5, 1553034.1979510100),
(6, 61, 6, 9955608.0000000000),
(7, 61, 7, 0.0000000000),
(8, 61, 8, 1654230.0880000000),
(9, 61, 9, 1119168.1620000000),
(10, 61, 10, 881404.5519999970),
(11, 61, 11, 1478157.8345183800),
(12, 61, 12, 696369.9494171280),
(13, 61, 13, 5852030.9886470000),
(14, 61, 14, 1242590.8558160000),
(15, 61, 15, 207334.4440130010),
(16, 61, 16, 1461450.4000000000),
(17, 61, 17, 1076609.1176970000),
(18, 61, 18, 1300577.5930120100),
(19, 61, 19, 918851.1672209700),
(20, 61, 20, 3313704.2825879900),
(21, 61, 21, 2094290.2650611300),
(22, 61, 22, 3012374.3599627100),
(23, 61, 23, 5229793.0863669600),
(24, 61, 24, 1121390.7847820000),
(25, 61, 25, 2719575.8840220000),
(26, 61, 26, 3862060.6100000000),
(27, 61, 27, 1586149.3483190000),
(28, 61, 28, 1576008.2541850000),
(29, 61, 29, 35485950.0000000000),
(30, 61, 30, 22816992.0000000000),
(31, 61, 31, 9733853.7531530100),
(32, 61, 32, 3332780.3886190101),
(33, 61, 33, 1485335.0483190001),
(34, 61, 34, 5893585.0376490301),
(35, 61, 35, 1374381.2142970000),
(36, 61, 36, 10065391.1720580000),
(37, 61, 37, 20911629.7499999000),
(38, 61, 38, 16581943.0900000000),
(39, 61, 39, 1928111.0142159900),
(40, 61, 40, 0.0000000000),
(41, 62, 1, 2335636.2400000000),
(42, 62, 2, 2260183.5800000000),
(43, 62, 3, 1741280.3500000000),
(44, 62, 4, 1403626.2226030000),
(45, 62, 5, 1475435.2716579900),
(46, 62, 6, 9269162.0000000000),
(47, 62, 7, 0.0000000000),
(48, 62, 8, 1520230.0400000000),
(49, 62, 9, 1037935.6680000000),
(50, 62, 10, 823772.3200000040),
(51, 62, 11, 1457273.0672298400),
(52, 62, 12, 658532.7497676990),
(53, 62, 13, 5514890.5051050000),
(54, 62, 14, 1206041.0501030000),
(55, 62, 15, 210142.5820600010),
(56, 62, 16, 1427071.4585100000),
(57, 62, 17, 1132262.3198940000),
(58, 62, 18, 1299306.8248610000),
(59, 62, 19, 838552.7368812790),
(60, 62, 20, 3286197.7824560000),
(61, 62, 21, 1866674.5489215600),
(62, 62, 22, 2742936.0621490900),
(63, 62, 23, 4622704.2670429900),
(64, 62, 24, 974618.2664950020),
(65, 62, 25, 2656868.3333930000),
(66, 62, 26, 3650884.4700000100),
(67, 62, 27, 1487231.2284220000),
(68, 62, 28, 1493302.4712990000),
(69, 62, 29, 32255402.0000000000),
(70, 62, 30, 27576298.0000000000),
(71, 62, 31, 9046948.7274629700),
(72, 62, 32, 3304565.7770369900),
(73, 62, 33, 1449636.0132500000),
(74, 62, 34, 5556366.6884520200),
(75, 62, 35, 1296123.1019890000),
(76, 62, 36, 0.0000000000),
(77, 62, 37, 19246573.5600000000),
(78, 62, 38, 14858047.7899999000),
(79, 62, 39, 1803716.0000000000),
(80, 62, 40, 0.0000000000),
(81, 63, 1, 2581145.1700000100),
(82, 63, 2, 2633976.0599999900),
(83, 63, 3, 1954005.5000000100),
(84, 63, 4, 1646849.1594020000),
(85, 63, 5, 1633854.6864030000),
(86, 63, 6, 10502832.6021460000),
(87, 63, 7, 0.0000000000),
(88, 63, 8, 1698906.6080000000),
(89, 63, 9, 1153560.9960000000),
(90, 63, 10, 844910.4719999960),
(91, 63, 11, 1738422.6346754900),
(92, 63, 12, 831974.2108279740),
(93, 63, 13, 6286068.2416080200),
(94, 63, 14, 1617720.2222870000),
(95, 63, 15, 433079.2205170000),
(96, 63, 16, 2062856.5244880000),
(97, 63, 17, 1502141.7160699900),
(98, 63, 18, 1607561.6948550000),
(99, 63, 19, 989074.3463452440),
(100, 63, 20, 4117017.4092980000),
(101, 63, 21, 2061611.5897533700),
(102, 63, 22, 3244336.2705019500),
(103, 63, 23, 5325985.9821520200),
(104, 63, 24, 1118397.6635130000),
(105, 63, 25, 2826800.8867360000),
(106, 63, 26, 3971700.2899999900),
(107, 63, 27, 1596859.8714950000),
(108, 63, 28, 1602805.8068180000),
(109, 63, 29, 30759110.0000000000),
(110, 63, 30, 30246012.0000000000),
(111, 63, 31, 10271597.4021460000),
(112, 63, 32, 4139186.2597960000),
(113, 63, 33, 2089450.3390139900),
(114, 63, 34, 0.0000000000),
(115, 63, 35, 1397493.5473410000),
(116, 63, 36, 10593998.3888727000),
(117, 63, 37, 21746693.3600001000),
(118, 63, 38, 16141041.8800000000),
(119, 63, 39, 2173192.6771950000),
(120, 63, 40, 0.0000000000),
(121, 64, 1, 2402721.6700000000),
(122, 64, 2, 2433940.3900000000),
(123, 64, 3, 1974573.0600000000),
(124, 64, 4, 1609645.5800000000),
(125, 64, 5, 1581347.9100000000),
(126, 64, 6, 10205131.6500000000),
(127, 64, 7, 0.0000000000),
(128, 64, 8, 1599293.0200000000),
(129, 64, 9, 1112574.5400000000),
(130, 64, 10, 962112.2000000000),
(131, 64, 11, 1566465.6600000000),
(132, 64, 12, 840502.0900000000),
(133, 64, 13, 6104020.1600000000),
(134, 64, 14, 1603048.8900000000),
(135, 64, 15, 256976.6800000000),
(136, 64, 16, 1871622.3200000000),
(137, 64, 17, 1539837.5400000000),
(138, 64, 18, 1748665.3700000000),
(139, 64, 19, 1104069.0600000000),
(140, 64, 20, 4403630.8800000000),
(141, 64, 21, 2026905.8000000000),
(142, 64, 22, 2843173.2700000000),
(143, 64, 23, 4893718.2600000000),
(144, 64, 24, 1088951.3400000000),
(145, 64, 25, 2555330.6900000000),
(146, 64, 26, 3656390.3300000000),
(147, 64, 27, 1435457.1600000000),
(148, 64, 28, 1440823.7200000000),
(149, 64, 29, 29480885.4600000000),
(150, 64, 30, 29994905.9800000000),
(151, 64, 31, 0.0000000000),
(152, 64, 32, 0.0000000000),
(153, 64, 33, 0.0000000000),
(154, 64, 34, 0.0000000000),
(155, 64, 35, 0.0000000000),
(156, 64, 36, 0.0000000000),
(157, 64, 37, 0.0000000000),
(158, 64, 38, 0.0000000000),
(159, 64, 39, 0.0000000000),
(160, 64, 40, 0.0000000000),
(161, 65, 1, 2382721.6700000000),
(162, 65, 2, 2434473.0600000000),
(163, 65, 3, 2003512.0400000100),
(164, 65, 4, 1519169.7900000000),
(165, 65, 5, 1579780.5900000000),
(166, 65, 6, 9960870.8900000000),
(167, 65, 7, 0.0000000000),
(168, 65, 8, 1423204.2700000000),
(169, 65, 9, 1334483.9300000000),
(170, 65, 10, 616631.7900000000),
(171, 65, 11, 1728674.1000000000),
(172, 65, 12, 1016765.9500000000),
(173, 65, 13, 6139384.1900000000),
(174, 65, 14, 1408031.4600000000),
(175, 65, 15, 236538.1500000000),
(176, 65, 16, 1655645.8700000000),
(177, 65, 17, 1234063.0700000000),
(178, 65, 18, 1518837.5400000000),
(179, 65, 19, 1001069.0600000000),
(180, 65, 20, 3756489.8500000000),
(181, 65, 21, 2386657.2400000000),
(182, 65, 22, 2922016.9900000000),
(183, 65, 23, 5336503.1000000000),
(184, 65, 24, 1051362.8100000000),
(185, 65, 25, 3075478.4100000000),
(186, 65, 26, 3756489.8500000000),
(187, 65, 27, 1571583.2500000000),
(188, 65, 28, 1575898.2600000000),
(189, 65, 29, 30701080.9600000000),
(190, 65, 30, 16820077.4700000000),
(191, 65, 31, 0.0000000000),
(192, 65, 32, 0.0000000000),
(193, 65, 33, 0.0000000000),
(194, 65, 34, 0.0000000000),
(195, 65, 35, 0.0000000000),
(196, 65, 36, 0.0000000000),
(197, 65, 37, 0.0000000000),
(198, 65, 38, 0.0000000000),
(199, 65, 39, 0.0000000000),
(200, 65, 40, 0.0000000000),
(201, 66, 1, 2400234.0100000000),
(202, 66, 2, 2853713.3100000000),
(203, 66, 3, 2130321.4100000000),
(204, 66, 4, 1621731.0100000000),
(205, 66, 5, 1612690.8400000000),
(206, 66, 6, 10618793.3600000000),
(207, 66, 7, 0.0000000000),
(208, 66, 8, 1629936.1700000000),
(209, 66, 9, 1169536.3300000000),
(210, 66, 10, 1231077.5100000000),
(211, 66, 11, 1896098.4100000000),
(212, 66, 12, 555367.9900000000),
(213, 66, 13, 6499995.7200000000),
(214, 66, 14, 1718683.0300000000),
(215, 66, 15, 221642.6500000000),
(216, 66, 16, 1951663.8900000000),
(217, 66, 17, 1718792.9200000000),
(218, 66, 18, 1234063.0700000000),
(219, 66, 19, 1015609.1200000000),
(220, 66, 20, 3981115.9700000000),
(221, 66, 21, 2219508.8800000000),
(222, 66, 22, 3533701.5600000000),
(223, 66, 23, 5748723.9800000000),
(224, 66, 24, 1132673.3600000000),
(225, 66, 25, 2406636.8400000000),
(226, 66, 26, 3981115.9700000000),
(227, 66, 27, 1522742.7600000000),
(228, 66, 28, 1528580.6400000000),
(229, 66, 29, 27366341.1200000000),
(230, 66, 30, 16949688.6700000000),
(231, 66, 31, 0.0000000000),
(232, 66, 32, 0.0000000000),
(233, 66, 33, 0.0000000000),
(234, 66, 34, 0.0000000000),
(235, 66, 35, 0.0000000000),
(236, 66, 36, 0.0000000000),
(237, 66, 37, 0.0000000000),
(238, 66, 38, 0.0000000000),
(239, 66, 39, 0.0000000000),
(240, 66, 40, 0.0000000000),
(241, 67, 1, 2618680.0000000000),
(242, 67, 2, 2806484.0000000000),
(243, 67, 3, 2107018.0000000000),
(244, 67, 4, 1700697.0000000000),
(245, 67, 5, 1640800.0000000000),
(246, 67, 6, 10907116.0000000000),
(247, 67, 7, 0.0000000000),
(248, 67, 8, 1637118.0000000000),
(249, 67, 9, 1116850.0000000000),
(250, 67, 10, 1196312.0000000000),
(251, 67, 11, 1754482.0000000000),
(252, 67, 12, 528731.0000000000),
(253, 67, 13, 6245315.0000000000),
(254, 67, 14, 1383549.0000000000),
(255, 67, 15, 224027.0000000000),
(256, 67, 16, 1621845.0000000000),
(257, 67, 17, 2800679.0000000000),
(258, 67, 18, 0.0000000000),
(259, 67, 19, 1033436.0000000000),
(260, 67, 20, 3843819.0000000000),
(261, 67, 21, 2301162.0000000000),
(262, 67, 22, 3111154.0000000000),
(263, 67, 23, 5454416.0000000000),
(264, 67, 24, 1147375.0000000000),
(265, 67, 25, 2818906.0000000000),
(266, 67, 26, 3843819.0000000000),
(267, 67, 27, 1516903.0000000000),
(268, 67, 28, 1522042.0000000000),
(269, 67, 29, 33458221.9800000000),
(270, 67, 30, 25418259.2700000000),
(271, 67, 31, 10716412.0000000000),
(272, 67, 32, 3865823.0000000000),
(273, 67, 33, 1646627.0000000000),
(274, 67, 34, 6294989.0000000000),
(275, 67, 35, 1341238.0000000000),
(276, 67, 36, 11054785.0000000000),
(277, 67, 37, 14818962.0000000000),
(278, 67, 38, 14886698.0000000000),
(279, 67, 39, 2374206.0502290000),
(280, 67, 40, 0.0000000000),
(281, 68, 1, 2696058.0000000000),
(282, 68, 2, 2762857.0000000000),
(283, 68, 3, 2047282.0000000000),
(284, 68, 4, 1609348.0000000000),
(285, 68, 5, 1602930.0000000000),
(286, 68, 6, 10762290.0000000000),
(287, 68, 7, 0.0000000000),
(288, 68, 8, 1633106.0000000000),
(289, 68, 9, 1123929.0000000000),
(290, 68, 10, 953013.0000000000),
(291, 68, 11, 1742953.0000000000),
(292, 68, 12, 739003.0000000000),
(293, 68, 13, 6211789.0000000000),
(294, 68, 14, 1422617.0000000000),
(295, 68, 15, 228835.0000000000),
(296, 68, 16, 1662638.0000000000),
(297, 68, 17, 1860447.0000000000),
(298, 68, 18, 0.0000000000),
(299, 68, 19, 1792251.0000000000),
(300, 68, 20, 3661498.0000000000),
(301, 68, 21, 2203884.0000000000),
(302, 68, 22, 3150174.0000000000),
(303, 68, 23, 5270809.3000000000),
(304, 68, 24, 1099658.0000000000),
(305, 68, 25, 2696424.0000000000),
(306, 68, 26, 3661498.0000000000),
(307, 68, 27, 1582470.0000000000),
(308, 68, 28, 1585959.0000000000),
(309, 68, 29, 33651881.8600000000),
(310, 68, 30, 25604644.4100000000),
(311, 68, 31, 10559070.0000000000),
(312, 68, 32, 3681727.0000000000),
(313, 68, 33, 1687597.0000000000),
(314, 68, 34, 6260496.0000000000),
(315, 68, 35, 1384659.0000000000),
(316, 68, 36, 10900068.0000000000),
(317, 68, 37, 21928209.8900000000),
(318, 68, 38, 14823621.4300000000),
(319, 68, 39, 2320088.2409550000),
(320, 68, 40, 0.0000000000),
(321, 69, 1, 2544586.0000000000),
(322, 69, 2, 2619206.0000000000),
(323, 69, 3, 2014256.0000000000),
(324, 69, 4, 1506649.0000000000),
(325, 69, 5, 1567972.0000000000),
(326, 69, 6, 10233760.0000000000),
(327, 69, 7, 63006.0000000000),
(328, 69, 8, 1604891.0000000000),
(329, 69, 9, 1121778.0000000000),
(330, 69, 10, 967462.0000000000),
(331, 69, 11, 1877430.0000000000),
(332, 69, 12, 724015.0000000000),
(333, 69, 13, 6313467.0000000000),
(334, 69, 14, 1762199.0000000000),
(335, 69, 15, 246511.0000000000),
(336, 69, 16, 2018421.0000000000),
(337, 69, 17, 2249329.0000000000),
(338, 69, 18, 978976.0000000000),
(339, 69, 19, 978671.0000000000),
(340, 69, 20, 4220175.0000000000),
(341, 69, 21, 2022965.0000000000),
(342, 69, 22, 3140364.0000000000),
(343, 69, 23, 5156490.0000000000),
(344, 69, 24, 1131723.0000000000),
(345, 69, 25, 2747852.0000000000),
(346, 69, 26, 3898513.0000000000),
(347, 69, 27, 1524698.0000000000),
(348, 69, 28, 1529322.0000000000),
(349, 69, 29, 26463600.0000000000),
(350, 69, 30, 26470907.0000000000),
(351, 69, 31, 10038872.0000000000),
(352, 69, 32, 4243739.0000000000),
(353, 69, 33, 2043953.0000000000),
(354, 69, 34, 6363857.0000000000),
(355, 69, 35, 1339143.0000000000),
(356, 69, 36, 10365835.0000000000),
(357, 69, 37, 21195494.0000000000),
(358, 69, 38, 15350651.0000000000),
(359, 69, 39, 2435571.2428109900),
(360, 69, 40, 63006.0000000000),
(361, 70, 1, 2497229.0000000000),
(362, 70, 2, 2557539.0000000000),
(363, 70, 3, 1959461.0000000000),
(364, 70, 4, 1518137.0000000000),
(365, 70, 5, 1591725.0000000000),
(366, 70, 6, 10174328.0000000000),
(367, 70, 7, 0.0000000000),
(368, 70, 8, 1625306.0000000000),
(369, 70, 9, 1141948.0000000000),
(370, 70, 10, 963739.0000000000),
(371, 70, 11, 1634456.0000000000),
(372, 70, 12, 709090.0000000000),
(373, 70, 13, 6094574.4507350000),
(374, 70, 14, 1421848.0000000000),
(375, 70, 15, 246469.0000000000),
(376, 70, 16, 1677104.0000000000),
(377, 70, 17, 1269226.0000000000),
(378, 70, 18, 1497679.0000000000),
(379, 70, 19, 922243.0000000000),
(380, 70, 20, 3702735.0000000000),
(381, 70, 21, 2086739.0000000000),
(382, 70, 22, 3162481.0000000000),
(383, 70, 23, 5309417.0000000000),
(384, 70, 24, 1071009.0000000000),
(385, 70, 25, 2989978.0000000000),
(386, 70, 26, 3702735.0000000000),
(387, 70, 27, 1636875.9952819900),
(388, 70, 28, 1642289.0000000000),
(389, 70, 29, 19120335.0000000000),
(390, 70, 30, 32580290.0000000000),
(391, 70, 31, 9954413.0000000000),
(392, 70, 32, 3724438.0000000000),
(393, 70, 33, 1715570.0000000000),
(394, 70, 34, 6140430.0000000000),
(395, 70, 35, 1434729.0000000000),
(396, 70, 36, 10290219.1261772000),
(397, 70, 37, 21505091.6400000000),
(398, 70, 38, 15860733.4999999000),
(399, 70, 39, 2126008.3730000000),
(400, 70, 40, 0.0000000000),
(401, 71, 1, 2401706.0700000100),
(402, 71, 2, 2415152.6900000000),
(403, 71, 3, 1808844.2000000000),
(404, 71, 4, 1446489.8290000000),
(405, 71, 5, 1528947.5414150000),
(406, 71, 6, 9657804.6899999800),
(407, 71, 7, 0.0000000000),
(408, 71, 8, 1556205.7840000000),
(409, 71, 9, 1074574.9140000000),
(410, 71, 10, 906583.5519999980),
(411, 71, 11, 1449585.9344709900),
(412, 71, 12, 668997.2921184710),
(413, 71, 13, 5677274.4756430000),
(414, 71, 14, 1246044.5526090000),
(415, 71, 15, 217146.4711379990),
(416, 71, 16, 1477669.0313720000),
(417, 71, 17, 984649.2415060020),
(418, 71, 18, 1293315.6073140000),
(419, 71, 19, 831466.2794076860),
(420, 71, 20, 3126917.8001080000),
(421, 71, 21, 1994298.8425139000),
(422, 71, 22, 3329530.8775479300),
(423, 71, 23, 5379526.2993539900),
(424, 71, 24, 1028167.0661770000),
(425, 71, 25, 2799482.4676639900),
(426, 71, 26, 3126918.0000000000),
(427, 71, 27, 1527538.0136910100),
(428, 71, 28, 1531600.8359290000),
(429, 71, 29, 24324414.7600000000),
(430, 71, 30, 33986626.3807218000),
(431, 71, 31, 9441786.0647620200),
(432, 71, 32, 3145092.0082590000),
(433, 71, 33, 1500712.6064730000),
(434, 71, 34, 5718956.5069940000),
(435, 71, 35, 1322681.7932060000),
(436, 71, 36, 9758049.8070069600),
(437, 71, 37, 19268868.4700000000),
(438, 71, 38, 15394019.3200000000),
(439, 71, 39, 1834984.4860000000),
(440, 71, 40, 0.0000000000),
(441, 72, 1, 2652194.7100000100),
(442, 72, 2, 2510854.0500000000),
(443, 72, 3, 1885915.6999999900),
(444, 72, 4, 1509272.1414800000),
(445, 72, 5, 1597955.3244810000),
(446, 72, 6, 10210790.6431925000),
(447, 72, 7, 0.0000000000),
(448, 72, 8, 1654575.1040000000),
(449, 72, 9, 1067108.2800000000),
(450, 72, 10, 933326.8000000020),
(451, 72, 11, 1419153.4152025500),
(452, 72, 12, 724766.7172316100),
(453, 72, 13, 5822623.5537960300),
(454, 72, 14, 1014379.1871260000),
(455, 72, 15, 181385.7239919990),
(456, 72, 16, 1208940.6295710000),
(457, 72, 17, 788089.4915930030),
(458, 72, 18, 1212839.7982940000),
(459, 72, 19, 889601.1531143340),
(460, 72, 20, 2902840.8921900100),
(461, 72, 21, 2204912.1166077900),
(462, 72, 22, 2623752.4094619500),
(463, 72, 23, 4745505.9931999900),
(464, 72, 24, 1199505.0533630000),
(465, 72, 25, 2785737.3347550000),
(466, 72, 26, 4009080.4700000100),
(467, 72, 27, 1659659.1553180000),
(468, 72, 28, 1662608.7333850000),
(469, 72, 29, 24599396.0000000000),
(470, 72, 30, 26816150.0000000000),
(471, 72, 31, 9985952.2622049700),
(472, 72, 32, 2929013.4465579900),
(473, 72, 33, 1231900.1890120000),
(474, 72, 34, 5864440.3311449700),
(475, 72, 35, 1437172.8316120100),
(476, 72, 36, 10321552.6232909000),
(477, 72, 37, 21068441.0500001000),
(478, 72, 38, 15591406.7700000000),
(479, 72, 39, 0.0000000000),
(480, 72, 40, 0.0000000000),
(1339, 73, 1, 2514156.0000000000),
(1340, 73, 2, 2496530.0000000000),
(1341, 73, 3, 1836627.0000000000),
(1342, 73, 4, 1502260.0000000000),
(1343, 73, 5, 1553034.0000000000),
(1344, 73, 6, 9955608.0000000000),
(1345, 73, 7, 0.0000000000),
(1346, 73, 8, 1654230.0000000000),
(1347, 73, 9, 1119168.0000000000),
(1348, 73, 10, 881405.0000000000),
(1349, 73, 11, 1478158.0000000000),
(1350, 73, 12, 696370.0000000000),
(1351, 73, 13, 5852031.0000000000),
(1352, 73, 14, 1242591.0000000000),
(1353, 73, 15, 207334.0000000000),
(1354, 73, 16, 1461450.0000000000),
(1355, 73, 17, 1076609.0000000000),
(1356, 73, 18, 1300578.0000000000),
(1357, 73, 19, 918851.0000000000),
(1358, 73, 20, 3313704.0000000000),
(1359, 73, 21, 2094290.0000000000),
(1360, 73, 22, 3012374.0000000000),
(1361, 73, 23, 5229793.0000000000),
(1362, 73, 24, 1121391.0000000000),
(1363, 73, 25, 2719576.0000000000),
(1364, 73, 26, 3862061.0000000000),
(1365, 73, 27, 1586149.0000000000),
(1366, 73, 28, 1576008.0000000000),
(1367, 73, 29, 35485950.0000000000),
(1368, 73, 30, 22816992.0000000000),
(1369, 73, 31, 9733854.0000000000),
(1370, 73, 32, 3332780.0000000000),
(1371, 73, 33, 1485335.0000000000),
(1372, 73, 34, 5893585.0000000000),
(1373, 73, 35, 1374381.0000000000),
(1374, 73, 36, 10065391.0000000000),
(1375, 73, 37, 20911630.0000000000),
(1376, 73, 38, 16581943.0000000000),
(1377, 73, 39, 1928111.0000000000),
(1378, 73, 40, 0.0000000000),
(1379, 73, 41, 0.0000000000),
(1380, 73, 42, 0.0000000000),
(1381, 73, 43, 0.0000000000),
(1382, 73, 44, 10694211.0000000000),
(1506, 74, 1, 2335636.0000000000),
(1507, 74, 2, 2260184.0000000000),
(1508, 74, 3, 1741280.0000000000),
(1509, 74, 4, 1403626.0000000000),
(1510, 74, 5, 1475435.0000000000),
(1511, 74, 6, 9269162.0000000000),
(1512, 74, 7, 0.0000000000),
(1513, 74, 8, 1520230.0000000000),
(1514, 74, 9, 1037936.0000000000),
(1515, 74, 10, 823772.0000000000),
(1516, 74, 11, 1457273.0000000000),
(1517, 74, 12, 658533.0000000000),
(1518, 74, 13, 5514891.0000000000),
(1519, 74, 14, 1206041.0000000000),
(1520, 74, 15, 210143.0000000000),
(1521, 74, 16, 1427071.0000000000),
(1522, 74, 17, 1132262.0000000000),
(1523, 74, 18, 1299307.0000000000),
(1524, 74, 19, 838553.0000000000),
(1525, 74, 20, 3286198.0000000000),
(1526, 74, 21, 1866675.0000000000),
(1527, 74, 22, 2742936.0000000000),
(1528, 74, 23, 4622704.0000000000),
(1529, 74, 24, 974618.0000000000),
(1530, 74, 25, 2656868.0000000000),
(1531, 74, 26, 3650884.0000000000),
(1532, 74, 27, 1487231.0000000000),
(1533, 74, 28, 1493302.0000000000),
(1534, 74, 29, 32255402.0000000000),
(1535, 74, 30, 27576298.0000000000),
(1536, 74, 31, 9046949.0000000000),
(1537, 74, 32, 3304566.0000000000),
(1538, 74, 33, 1449636.0000000000),
(1539, 74, 34, 5556367.0000000000),
(1540, 74, 35, 1296123.0000000000),
(1541, 74, 36, 0.0000000000),
(1542, 74, 37, 19246574.0000000000),
(1543, 74, 38, 14858048.0000000000),
(1544, 74, 39, 1803716.0000000000),
(1545, 74, 40, 0.0000000000),
(1546, 74, 44, 10203686.0000000000),
(1547, 75, 1, 2581145.0000000000),
(1548, 75, 2, 2633976.0000000000),
(1549, 75, 3, 1954006.0000000000),
(1550, 75, 4, 1646849.0000000000),
(1551, 75, 5, 1633855.0000000000),
(1552, 75, 6, 10502833.0000000000),
(1553, 75, 7, 0.0000000000),
(1554, 75, 8, 1698907.0000000000),
(1555, 75, 9, 1153561.0000000000),
(1556, 75, 10, 844910.0000000000),
(1557, 75, 11, 1738423.0000000000),
(1558, 75, 12, 831974.0000000000),
(1559, 75, 13, 6286068.0000000000),
(1560, 75, 14, 1617720.0000000000),
(1561, 75, 15, 433079.0000000000),
(1562, 75, 16, 2062857.0000000000),
(1563, 75, 17, 1502142.0000000000),
(1564, 75, 18, 1607562.0000000000),
(1565, 75, 19, 989074.0000000000),
(1566, 75, 20, 4117017.0000000000),
(1567, 75, 21, 2061612.0000000000),
(1568, 75, 22, 3244336.0000000000),
(1569, 75, 23, 5325986.0000000000),
(1570, 75, 24, 1118398.0000000000),
(1571, 75, 25, 2826801.0000000000),
(1572, 75, 26, 3971700.0000000000),
(1573, 75, 27, 1596860.0000000000),
(1574, 75, 28, 1602806.0000000000),
(1575, 75, 29, 30759110.0000000000),
(1576, 75, 30, 30246012.0000000000),
(1577, 75, 31, 10271597.0000000000),
(1578, 75, 32, 4139186.0000000000),
(1579, 75, 33, 2089450.0000000000),
(1580, 75, 34, 6117629.0000000000),
(1581, 75, 35, 1397494.0000000000),
(1582, 75, 36, 10593998.0000000000),
(1583, 75, 37, 21746693.0000000000),
(1584, 75, 38, 16141042.0000000000),
(1585, 75, 39, 2173193.0000000000),
(1586, 75, 40, 0.0000000000),
(1587, 75, 44, 12446265.0000000000),
(1588, 76, 1, 2557517.0000000000),
(1589, 76, 2, 2602909.0000000000),
(1590, 76, 3, 2045868.0000000000),
(1591, 76, 4, 1609813.0000000000),
(1592, 76, 5, 1650042.0000000000),
(1593, 76, 6, 10519148.0000000000),
(1594, 76, 7, 0.0000000000),
(1595, 76, 8, 1647520.0000000000),
(1596, 76, 9, 1168455.0000000000),
(1597, 76, 10, 896993.0000000000),
(1598, 76, 11, 1824948.0000000000),
(1599, 76, 12, 790369.0000000000),
(1600, 76, 13, 6343731.0000000000),
(1601, 76, 14, 1746442.0000000000),
(1602, 76, 15, 339867.0000000000),
(1603, 76, 16, 2090119.0000000000),
(1604, 76, 17, 1569710.0000000000),
(1605, 76, 18, 1696734.0000000000),
(1606, 76, 19, 1025396.0000000000),
(1607, 76, 20, 4289416.0000000000),
(1608, 76, 21, 2097982.0000000000),
(1609, 76, 22, 3168440.0000000000),
(1610, 76, 23, 5260787.0000000000),
(1611, 76, 24, 1107335.0000000000),
(1612, 76, 25, 2835613.0000000000),
(1613, 76, 26, 4009509.0000000000),
(1614, 76, 27, 1811275.0000000000),
(1615, 76, 28, 1814126.0000000000),
(1616, 76, 29, 29633521.0000000000),
(1617, 76, 30, 12010771.0000000000),
(1618, 76, 31, 10318187.0000000000),
(1619, 76, 32, 4067353.0000000000),
(1620, 76, 33, 2124452.0000000000),
(1621, 76, 34, 6443953.0000000000),
(1622, 76, 35, 1609392.0000000000),
(1623, 76, 36, 10649634.0000000000),
(1624, 76, 37, 21994997.0000000000),
(1625, 76, 38, 13922779.0000000000),
(1626, 76, 39, 1997848.0000000000),
(1627, 76, 40, 0.0000000000),
(1628, 76, 44, 12735758.0000000000),
(1629, 77, 1, 2861659.0000000000),
(1630, 77, 2, 3054216.0000000000),
(1631, 77, 3, 2409370.0000000000),
(1632, 77, 4, 1774743.0000000000),
(1633, 77, 5, 1852196.0000000000),
(1634, 77, 6, 11748778.1400000000),
(1635, 77, 7, 0.0000000000),
(1636, 77, 8, 1794777.0000000000),
(1637, 77, 9, 1256910.0000000000),
(1638, 77, 10, 1037793.0000000000),
(1639, 77, 11, 2020240.0000000000),
(1640, 77, 12, 856514.0000000000),
(1641, 77, 13, 6980349.0000000000),
(1642, 77, 14, 1667662.0000000000),
(1643, 77, 15, 253425.0000000000),
(1644, 77, 16, 1933893.0000000000),
(1645, 77, 17, 1589048.0000000000),
(1646, 77, 18, 1919994.0000000000),
(1647, 77, 19, 1150097.0000000000),
(1648, 77, 20, 4677014.0000000000),
(1649, 77, 21, 2428616.0000000000),
(1650, 77, 22, 2980684.0000000000),
(1651, 77, 23, 5427911.0000000000),
(1652, 77, 24, 1146273.0000000000),
(1653, 77, 25, 3142716.0000000000),
(1654, 77, 26, 4677014.0000000000),
(1655, 77, 27, 1944312.0000000000),
(1656, 77, 28, 1948006.0000000000),
(1657, 77, 29, 36057074.0000000000),
(1658, 77, 30, 16552570.0000000000),
(1659, 77, 31, 11802880.0000000000),
(1660, 77, 32, 4701258.0000000000),
(1661, 77, 33, 1958677.0000000000),
(1662, 77, 34, 7038790.0000000000),
(1663, 77, 35, 1746315.0000000000),
(1664, 77, 36, 12174646.0000000000),
(1665, 77, 37, 24043616.0000000000),
(1666, 77, 38, 15067698.0000000000),
(1667, 77, 39, 2754144.0000000000),
(1668, 77, 40, 0.0000000000),
(1669, 77, 44, 13580773.0000000000),
(1670, 78, 1, 2220142.9000000000),
(1671, 78, 2, 2660415.9400000000),
(1672, 78, 3, 2584063.0000000000),
(1673, 78, 4, 1599820.0000000000),
(1674, 78, 5, 1696627.0000000000),
(1675, 78, 6, 10814088.9000000000),
(1676, 78, 7, 0.0000000000),
(1677, 78, 8, 1598554.0000000000),
(1678, 78, 9, 1132032.0000000000),
(1679, 78, 10, 938202.0000000000),
(1680, 78, 11, 1628393.0000000000),
(1681, 78, 12, 760783.0000000000),
(1682, 78, 13, 6073844.0000000000),
(1683, 78, 14, 1313109.0000000000),
(1684, 78, 15, 200184.0000000000),
(1685, 78, 16, 1525226.0000000000),
(1686, 78, 17, 1083102.0000000000),
(1687, 78, 18, 1502682.0000000000),
(1688, 78, 19, 947511.0000000000),
(1689, 78, 20, 3549273.0000000000),
(1690, 78, 21, 2135866.0000000000),
(1691, 78, 22, 3192877.0000000000),
(1692, 78, 23, 5293004.2800000000),
(1693, 78, 24, 1111697.0000000000),
(1694, 78, 25, 3005691.0000000000),
(1695, 78, 26, 3549273.0000000000),
(1696, 78, 27, 1828064.0000000000),
(1697, 78, 28, 1833039.0000000000),
(1698, 78, 29, 30005906.0000000000),
(1699, 78, 30, 9698969.0000000000),
(1700, 78, 31, 10609155.0000000000),
(1701, 78, 32, 3569120.0000000000),
(1702, 78, 33, 1548561.0000000000),
(1703, 78, 34, 6119943.0000000000),
(1704, 78, 35, 1632106.0000000000),
(1705, 78, 36, 10944618.0000000000),
(1706, 78, 37, 22515606.0000000000),
(1707, 78, 38, 15575220.0000000000),
(1708, 78, 39, 2552472.0000000000),
(1709, 78, 40, 0.0000000000),
(1710, 78, 44, 11126489.0000000000),
(1711, 79, 1, 2517918.0000000000),
(1712, 79, 2, 2397411.0000000000),
(1713, 79, 3, 2142618.0000000000),
(1714, 79, 4, 1506820.0000000000),
(1715, 79, 5, 1624477.0000000000),
(1716, 79, 6, 10242274.0000000000),
(1717, 79, 7, 0.0000000000),
(1718, 79, 8, 1571191.0000000000),
(1719, 79, 9, 1072724.0000000000),
(1720, 79, 10, 928611.0000000000),
(1721, 79, 11, 1364802.0000000000),
(1722, 79, 12, 736339.0000000000),
(1723, 79, 13, 5692830.0000000000),
(1724, 79, 14, 889646.0000000000),
(1725, 79, 15, 186288.0000000000),
(1726, 79, 16, 1088294.0000000000),
(1727, 79, 17, 888371.0000000000),
(1728, 79, 18, 1163874.0000000000),
(1729, 79, 19, 891749.0000000000),
(1730, 79, 20, 2958402.0000000000),
(1731, 79, 21, 2035111.0000000000),
(1732, 79, 22, 2987108.0000000000),
(1733, 79, 23, 4985181.0000000000),
(1734, 79, 24, 1076450.0000000000),
(1735, 79, 25, 3026459.0000000000),
(1736, 79, 26, 2958402.0000000000),
(1737, 79, 27, 1615226.0000000000),
(1738, 79, 28, 1620044.0000000000),
(1739, 79, 29, 29809767.0000000000),
(1740, 79, 30, 20206780.0000000000),
(1741, 79, 31, 10040981.0000000000),
(1742, 79, 32, 2975957.0000000000),
(1743, 79, 33, 1110845.0000000000),
(1744, 79, 34, 5734003.0000000000),
(1745, 79, 35, 1416648.0000000000),
(1746, 79, 36, 10357718.0000000000),
(1747, 79, 37, 21358105.0000000000),
(1748, 79, 38, 14882035.0000000000),
(1749, 79, 39, 2255401.0000000000),
(1750, 79, 40, 0.0000000000),
(1751, 79, 44, 9708067.0000000000);

--
-- Disparadores `consumo`
--
DELIMITER $$
CREATE TRIGGER `insert_perdidas_desviaciones_porcentaje` AFTER INSERT ON `consumo` FOR EACH ROW BEGIN
    DECLARE A1 DECIMAL(20,10);
    DECLARE A2 DECIMAL(20,10);
    DECLARE A3 DECIMAL(20,10);
    DECLARE A4 DECIMAL(20,10);
    DECLARE A5 DECIMAL(20,10);
    
    DECLARE B1 DECIMAL(20,10);
    DECLARE B2 DECIMAL(20,10);
    
    DECLARE perdida DECIMAL(20,10);
    DECLARE perdida2 DECIMAL(20,10);
    DECLARE eperdida DECIMAL(20,10);
    DECLARE eperdida2 DECIMAL(20,10);
    
    -- p1 1
    IF NEW.id_circuito = 33 THEN
        SELECT energia INTO A1
        FROM consumo 
        WHERE id_circuito = 16 AND id_fecha = NEW.id_fecha;

        SELECT energia INTO B1 
        FROM consumo 
        WHERE id_circuito = 33 AND id_fecha = NEW.id_fecha;

        SET eperdida = B1 - A1;
        SET perdida = (1 - (A1 / B1)) * 100;

        UPDATE porcentaje_perdesv SET energia = eperdida WHERE id_fecha = NEW.id_fecha and id_perdesv = 1;
        UPDATE porcentaje_perdesv SET porcentaje = perdida WHERE id_fecha = NEW.id_fecha and id_perdesv = 1;
    END IF;
    
    -- p2 2
    IF NEW.id_circuito = 32 THEN
        SELECT energia INTO A1 
        FROM consumo 
        WHERE id_circuito = 20 AND id_fecha = NEW.id_fecha;

        SELECT energia INTO B1 
        FROM consumo 
        WHERE id_circuito = 32 AND id_fecha = NEW.id_fecha;

        SET eperdida = B1 - A1;
        SET perdida = (1 - (A1 / B1)) * 100;
        
        UPDATE porcentaje_perdesv SET energia = eperdida WHERE id_fecha = NEW.id_fecha and id_perdesv = 2;
        UPDATE porcentaje_perdesv SET porcentaje = perdida WHERE id_fecha = NEW.id_fecha and id_perdesv = 2;
    END IF;
    
    -- p3 3
    IF NEW.id_circuito = 34 THEN
        SELECT energia INTO A1 
        FROM consumo 
        WHERE id_circuito = 13 AND id_fecha = NEW.id_fecha;

        SELECT energia INTO B1 
        FROM consumo 
        WHERE id_circuito = 34 AND id_fecha = NEW.id_fecha;

        SET eperdida = B1 - A1;
        SET perdida = (1 - (A1 / B1)) * 100;
        
        UPDATE porcentaje_perdesv SET energia = eperdida WHERE id_fecha = NEW.id_fecha and id_perdesv = 3;
        UPDATE porcentaje_perdesv SET porcentaje = perdida WHERE id_fecha = NEW.id_fecha and id_perdesv = 3;
    END IF;
    
    -- p4 4
    IF NEW.id_circuito = 37 THEN
        SELECT energia INTO A1
        FROM consumo 
        WHERE id_circuito = 36 AND id_fecha = NEW.id_fecha;

        SELECT energia INTO A2
        FROM consumo 
        WHERE id_circuito = 31 AND id_fecha = NEW.id_fecha;
        
        SELECT energia INTO B1 
        FROM consumo 
        WHERE id_circuito = 37 AND id_fecha = NEW.id_fecha;

        SET eperdida = B1 - (A1 + A2);
        SET perdida = (1 - ((A1 + A2) / B1)) * 100;
        
        UPDATE porcentaje_perdesv SET energia = eperdida WHERE id_fecha = NEW.id_fecha and id_perdesv = 4;
        UPDATE porcentaje_perdesv SET porcentaje = perdida WHERE id_fecha = NEW.id_fecha and id_perdesv = 4;
    END IF;

    -- d1 5
    IF NEW.id_circuito = 16 THEN
        SELECT energia INTO A1
        FROM consumo 
        WHERE id_circuito = 14 AND id_fecha = NEW.id_fecha;
        
        SELECT energia INTO A2
        FROM consumo 
        WHERE id_circuito = 15 AND id_fecha = NEW.id_fecha;

        SELECT energia INTO B1 
        FROM consumo 
        WHERE id_circuito = 16 AND id_fecha = NEW.id_fecha;

        SET eperdida = B1 - (A1 + A2);
        SET perdida = (1 - ((A1 + A2) / B1)) * 100;
        
        UPDATE porcentaje_perdesv SET energia = eperdida WHERE id_fecha = NEW.id_fecha and id_perdesv = 5;
        UPDATE porcentaje_perdesv SET porcentaje = perdida WHERE id_fecha = NEW.id_fecha and id_perdesv = 5;
    END IF;
    
     -- d2 6
    IF NEW.id_circuito = 20 THEN
        SELECT energia INTO A1
        FROM consumo 
        WHERE id_circuito = 17 AND id_fecha = NEW.id_fecha;
        
        SELECT energia INTO A2
        FROM consumo 
        WHERE id_circuito = 18 AND id_fecha = NEW.id_fecha;
        
        SELECT energia INTO A3
        FROM consumo 
        WHERE id_circuito = 19 AND id_fecha = NEW.id_fecha;

        SELECT energia INTO B1 
        FROM consumo 
        WHERE id_circuito = 20 AND id_fecha = NEW.id_fecha;

        SET eperdida =  B1 - (A1 + A2 + A3);
        SET perdida = (1 - ((A1 + A2 + A3)/ B1)) * 100;
        
        UPDATE porcentaje_perdesv SET energia = eperdida WHERE id_fecha = NEW.id_fecha and id_perdesv = 6;
        UPDATE porcentaje_perdesv SET porcentaje = perdida WHERE id_fecha = NEW.id_fecha and id_perdesv = 6;
    END IF;
    
    -- p5 7
    IF NEW.id_circuito = 40 THEN
        SELECT energia INTO A1
        FROM consumo 
        WHERE id_circuito = 7 AND id_fecha = NEW.id_fecha;

        SELECT energia INTO B1 
        FROM consumo 
        WHERE id_circuito = 40 AND id_fecha = NEW.id_fecha;

        SET eperdida = B1 - A1;
        SET perdida = (1 - (A1 / B1)) * 100;
        
        UPDATE porcentaje_perdesv SET energia = eperdida WHERE id_fecha = NEW.id_fecha and id_perdesv = 7;
        UPDATE porcentaje_perdesv SET porcentaje = perdida WHERE id_fecha = NEW.id_fecha and id_perdesv = 7;
    END IF;
    
    -- p6 8
    IF NEW.id_circuito = 36 THEN
        SELECT energia INTO A1
        FROM consumo 
        WHERE id_circuito = 23 AND id_fecha = NEW.id_fecha;

        SELECT energia INTO A2
        FROM consumo 
        WHERE id_circuito = 26 AND id_fecha = NEW.id_fecha;

        SELECT energia INTO A3
        FROM consumo 
        WHERE id_circuito = 28 AND id_fecha = NEW.id_fecha;


        SELECT energia INTO B1 
        FROM consumo 
        WHERE id_circuito = 36 AND id_fecha = NEW.id_fecha;

        SET eperdida = B1 - A1 - A2 - A3;
        SET perdida = (1 - ((A1 + A2 + A3) / B1)) * 100;
        
        UPDATE porcentaje_perdesv SET energia = eperdida WHERE id_fecha = NEW.id_fecha and id_perdesv = 8;

        UPDATE porcentaje_perdesv SET porcentaje = perdida WHERE id_fecha = NEW.id_fecha and id_perdesv = 8;
    END IF;
    
    -- d3 9 
    IF NEW.id_circuito = 23 THEN
        SELECT energia INTO A1
        FROM consumo 
        WHERE id_circuito = 21 AND id_fecha = NEW.id_fecha;
        
        SELECT energia INTO A2
        FROM consumo 
        WHERE id_circuito = 22 AND id_fecha = NEW.id_fecha;

        SELECT energia INTO B1 
        FROM consumo 
        WHERE id_circuito = 23 AND id_fecha = NEW.id_fecha;
        
        SET eperdida = B1 - (A1 + A2);
        SET perdida = (1 - ((A1 + A2) / B1)) * 100;
        
        UPDATE porcentaje_perdesv SET energia = eperdida WHERE id_fecha = NEW.id_fecha and id_perdesv = 9;
        UPDATE porcentaje_perdesv SET porcentaje = perdida WHERE id_fecha = NEW.id_fecha and id_perdesv = 9;
    END IF;
    
    -- d4 10
    IF NEW.id_circuito = 26 THEN
        SELECT energia INTO A3
        FROM consumo 
        WHERE id_circuito = 24 AND id_fecha = NEW.id_fecha;
        
        SELECT energia INTO A4
        FROM consumo 
        WHERE id_circuito = 25 AND id_fecha = NEW.id_fecha;

        SELECT energia INTO B1 
        FROM consumo 
        WHERE id_circuito = 26 AND id_fecha = NEW.id_fecha;
        
        SET eperdida2 = B1 - (A3 + A4);
        SET perdida2 = (1 - ((A3 + A4) / B1)) * 100;
        
        UPDATE porcentaje_perdesv SET energia = eperdida2 WHERE id_fecha = NEW.id_fecha and id_perdesv = 10;
        UPDATE porcentaje_perdesv SET porcentaje = perdida2 WHERE id_fecha = NEW.id_fecha and id_perdesv = 10;
    END IF;
    
    -- d5 11
    IF NEW.id_circuito = 28 THEN
        SELECT energia INTO A1
        FROM consumo 
        WHERE id_circuito = 27 AND id_fecha = NEW.id_fecha;

        SELECT energia INTO B1 
        FROM consumo 
        WHERE id_circuito = 28 AND id_fecha = NEW.id_fecha;

        SET eperdida = B1 - A1;
        SET perdida = (1 - (A1/ B1)) * 100;
        
        UPDATE porcentaje_perdesv SET energia = eperdida WHERE id_fecha = NEW.id_fecha and id_perdesv = 11;
        UPDATE porcentaje_perdesv SET porcentaje = perdida WHERE id_fecha = NEW.id_fecha and id_perdesv = 11;
    END IF;
    
    -- d6 12
    IF NEW.id_circuito = 7 OR NEW.id_circuito = 6 THEN
        SELECT energia INTO A1
        FROM consumo 
        WHERE id_circuito = 1 AND id_fecha = NEW.id_fecha;
        
        SELECT energia INTO A2
        FROM consumo 
        WHERE id_circuito = 2 AND id_fecha = NEW.id_fecha;
        
        SELECT energia INTO A3
        FROM consumo 
        WHERE id_circuito = 3 AND id_fecha = NEW.id_fecha;
        
        SELECT energia INTO A4
        FROM consumo 
        WHERE id_circuito = 4 AND id_fecha = NEW.id_fecha;
        
        SELECT energia INTO A5
        FROM consumo 
        WHERE id_circuito = 5 AND id_fecha = NEW.id_fecha;

        SELECT energia INTO B1 
        FROM consumo 
        WHERE id_circuito = 7 AND id_fecha = NEW.id_fecha;
        
        SELECT energia INTO B2 
        FROM consumo 
        WHERE id_circuito = 6 AND id_fecha = NEW.id_fecha;

        SET eperdida = (B1 + B2) - (A1 + A2 + A3 + A4 + A5);
        SET perdida = (1 - ((A1 + A2 + A3 + A4 + A5) / (B1 + B2))) * 100;
        
        UPDATE porcentaje_perdesv SET energia = eperdida WHERE id_fecha = NEW.id_fecha and id_perdesv = 12;
        UPDATE porcentaje_perdesv SET porcentaje = perdida WHERE id_fecha = NEW.id_fecha and id_perdesv = 12;
    END IF;
    
    -- d7 13
    IF NEW.id_circuito = 13 THEN
        SELECT energia INTO A1
        FROM consumo 
        WHERE id_circuito = 8 AND id_fecha = NEW.id_fecha;
        
        SELECT energia INTO A2
        FROM consumo 
        WHERE id_circuito = 9 AND id_fecha = NEW.id_fecha;
        
        SELECT energia INTO A3
        FROM consumo 
        WHERE id_circuito = 10 AND id_fecha = NEW.id_fecha;
        
        SELECT energia INTO A4
        FROM consumo 
        WHERE id_circuito = 11 AND id_fecha = NEW.id_fecha;
        
        SELECT energia INTO A5
        FROM consumo 
        WHERE id_circuito = 12 AND id_fecha = NEW.id_fecha;

        SELECT energia INTO B1 
        FROM consumo 
        WHERE id_circuito = 13 AND id_fecha = NEW.id_fecha;
        
        SET eperdida = B1 - (A1 + A2 + A3 + A4 + A5);
        SET perdida = (1 - ((A1 + A2 + A3 + A4 + A5) / B1)) * 100;
        
        UPDATE porcentaje_perdesv SET energia = eperdida WHERE id_fecha = NEW.id_fecha and id_perdesv = 13;
        UPDATE porcentaje_perdesv SET porcentaje = perdida WHERE id_fecha = NEW.id_fecha and id_perdesv = 13;
    END IF;


-- p 14
    IF NEW.id_circuito = 36 THEN

        SELECT energia INTO A1
        FROM consumo 
        WHERE id_circuito = 36 AND id_fecha = NEW.id_fecha;

        SELECT energia INTO B1
        FROM consumo 
        WHERE id_circuito = 31 AND id_fecha = NEW.id_fecha;

        
        SET eperdida = A1 - B1;
        SET perdida = (1 - (B1 / A1)) * 100;
        
        UPDATE porcentaje_perdesv SET energia = eperdida WHERE id_fecha = NEW.id_fecha and id_perdesv = 14;
        UPDATE porcentaje_perdesv SET porcentaje = perdida WHERE id_fecha = NEW.id_fecha and id_perdesv = 14;
    END IF;



-- p 15
    IF NEW.id_circuito = 44 THEN

        SELECT energia INTO A1
        FROM consumo 
        WHERE id_circuito = 44 AND id_fecha = NEW.id_fecha;
 
        SELECT energia INTO A2
        FROM consumo 
        WHERE id_circuito = 33 AND id_fecha = NEW.id_fecha;

        SELECT energia INTO A3
        FROM consumo 
        WHERE id_circuito = 32 AND id_fecha = NEW.id_fecha;

        SELECT energia INTO A4
        FROM consumo 
        WHERE id_circuito = 34 AND id_fecha = NEW.id_fecha;
        
        SET eperdida = A1 - (A2 + A3 + A4);
        SET perdida = (1 - ((A2 + A3 + A4) / (A2 + A3 + A4))) * 100;
        
        UPDATE porcentaje_perdesv SET energia = eperdida WHERE id_fecha = NEW.id_fecha and id_perdesv = 15;
        UPDATE porcentaje_perdesv SET porcentaje = perdida WHERE id_fecha = NEW.id_fecha and id_perdesv = 15;
    END IF;

END
$$
DELIMITER ;
DELIMITER $$
CREATE TRIGGER `insert_totales_suma` AFTER INSERT ON `consumo` FOR EACH ROW BEGIN
    DECLARE A DECIMAL(20,10);
    DECLARE B DECIMAL(20,10);
    DECLARE C DECIMAL(20,10);
    DECLARE D DECIMAL(20,10);
    DECLARE E DECIMAL(20,10);
    DECLARE total DECIMAL(20,10);
    DECLARE total2 DECIMAL(20,10);
    -- s1
    IF NEW.id_circuito = 33 OR NEW.id_circuito = 32 OR NEW.id_circuito = 34 THEN
        SELECT energia INTO A
        FROM consumo 
        WHERE id_circuito = 33 AND id_fecha = NEW.id_fecha;

        SELECT energia INTO B
        FROM consumo 
        WHERE id_circuito = 32 AND id_fecha = NEW.id_fecha;
        
        SELECT energia INTO C
        FROM consumo 
        WHERE id_circuito = 34 AND id_fecha = NEW.id_fecha;

        SET total = (A + B + C);
 
        UPDATE suma_total SET suma_energia = total WHERE id_fecha = NEW.id_fecha and id_total = 1;
    END IF;
    
    -- s2
    IF NEW.id_circuito = 31 THEN
        SELECT energia INTO A
        FROM consumo 
        WHERE id_circuito = 31 AND id_fecha = NEW.id_fecha;
 
        UPDATE suma_total SET suma_energia = A WHERE id_fecha = NEW.id_fecha and id_total = 2;
    END IF;
    
      -- s3 
    IF NEW.id_circuito = 23 OR NEW.id_circuito = 26 OR NEW.id_circuito = 28 THEN
        SELECT energia INTO A
        FROM consumo 
        WHERE id_circuito = 23 AND id_fecha = NEW.id_fecha;

        SELECT energia INTO B
        
        FROM consumo 
        WHERE id_circuito = 26 AND id_fecha = NEW.id_fecha;
        
        SELECT energia INTO C
        FROM consumo 
        WHERE id_circuito = 28 AND id_fecha = NEW.id_fecha;
        
       
        SET total = (A + B + C);

 
        UPDATE suma_total SET suma_energia = total WHERE id_fecha = NEW.id_fecha and id_total = 3;

    END IF;

 -- s4
    IF NEW.id_circuito = 31 OR NEW.id_circuito = 36 THEN
        SELECT energia INTO A
        FROM consumo 
        WHERE id_circuito = 31 AND id_fecha = NEW.id_fecha;

        SELECT energia INTO B
        
        FROM consumo 
        WHERE id_circuito = 36 AND id_fecha = NEW.id_fecha;        
       
        SET total = (A + B);

 
        UPDATE suma_total SET suma_energia = total WHERE id_fecha = NEW.id_fecha and id_total = 4;

    END IF;

END
$$
DELIMITER ;
DELIMITER $$
CREATE TRIGGER `update_perdidas_desviaciones_porcentaje` AFTER UPDATE ON `consumo` FOR EACH ROW BEGIN
    DECLARE A1 DECIMAL(20,10);
    DECLARE A2 DECIMAL(20,10);
    DECLARE A3 DECIMAL(20,10);
    DECLARE A4 DECIMAL(20,10);
    DECLARE A5 DECIMAL(20,10);
    DECLARE B1 DECIMAL(20,10);
    DECLARE B2 DECIMAL(20,10);
    DECLARE perdida DECIMAL(20,10);
    DECLARE perdida2 DECIMAL(20,10);
    DECLARE eperdida DECIMAL(20,10);
    DECLARE eperdida2 DECIMAL(20,10);
    -- p1 1
    IF NEW.id_circuito = 16 THEN
        SELECT energia INTO A1
        FROM consumo 
        WHERE id_circuito = 16 AND id_fecha = NEW.id_fecha;

        SELECT energia INTO B1 
        FROM consumo 
        WHERE id_circuito = 33 AND id_fecha = NEW.id_fecha;
        
        SET eperdida = B1 - A1;
        SET perdida = (1 - (A1 / B1)) * 100;

        UPDATE porcentaje_perdesv SET energia = eperdida WHERE id_fecha = NEW.id_fecha and id_perdesv = 1;
        UPDATE porcentaje_perdesv SET porcentaje = perdida WHERE id_fecha = NEW.id_fecha and id_perdesv = 1;
    END IF;
    
    -- p2 2
    IF NEW.id_circuito = 20 THEN
        SELECT energia INTO A1 
        FROM consumo 
        WHERE id_circuito = 20 AND id_fecha = NEW.id_fecha;

        SELECT energia INTO B1 
        FROM consumo 
        WHERE id_circuito = 32 AND id_fecha = NEW.id_fecha;
        
        SET eperdida = B1 - A1;
        SET perdida = (1 - (A1 / B1)) * 100;
        
        UPDATE porcentaje_perdesv SET energia = eperdida WHERE id_fecha = NEW.id_fecha and id_perdesv = 2;
        UPDATE porcentaje_perdesv SET porcentaje = perdida WHERE id_fecha = NEW.id_fecha and id_perdesv = 2;
    END IF;
    
    -- p3 3
    IF NEW.id_circuito = 13 THEN
        SELECT energia INTO A1 
        FROM consumo 
        WHERE id_circuito = 13 AND id_fecha = NEW.id_fecha;

        SELECT energia INTO B1 
        FROM consumo 
        WHERE id_circuito = 34 AND id_fecha = NEW.id_fecha;
        
        SET eperdida = B1 - A1;
        SET perdida = (1 - (A1 / B1)) * 100;
        
        UPDATE porcentaje_perdesv SET energia = eperdida WHERE id_fecha = NEW.id_fecha and id_perdesv = 3;
        UPDATE porcentaje_perdesv SET porcentaje = perdida WHERE id_fecha = NEW.id_fecha and id_perdesv = 3;
    END IF;
    
    -- p4 4
    IF NEW.id_circuito = 36 OR NEW.id_circuito = 31 THEN
        SELECT energia INTO A1
        FROM consumo 
        WHERE id_circuito = 36 AND id_fecha = NEW.id_fecha;

        SELECT energia INTO A2
        FROM consumo 
        WHERE id_circuito = 31 AND id_fecha = NEW.id_fecha;
        
        SELECT energia INTO B1 
        FROM consumo 
        WHERE id_circuito = 37 AND id_fecha = NEW.id_fecha;

        SET eperdida = B1 - (A1 + A2);
        SET perdida = (1 - ((A1 + A2) / B1)) * 100;
        
        UPDATE porcentaje_perdesv SET energia = eperdida WHERE id_fecha = NEW.id_fecha and id_perdesv = 4;
        UPDATE porcentaje_perdesv SET porcentaje = perdida WHERE id_fecha = NEW.id_fecha and id_perdesv = 4;

    END IF;
    
    -- d1 5
    IF NEW.id_circuito = 14 OR NEW.id_circuito = 15 THEN
        SELECT energia INTO A1
        FROM consumo 
        WHERE id_circuito = 14 AND id_fecha = NEW.id_fecha;
        
        SELECT energia INTO A2
        FROM consumo 
        WHERE id_circuito = 15 AND id_fecha = NEW.id_fecha;

        SELECT energia INTO B1 
        FROM consumo 
        WHERE id_circuito = 16 AND id_fecha = NEW.id_fecha;
        
        SET eperdida = B1 - (A1 + A2);
        SET perdida = (1 - ((A1 + A2) / B1)) * 100;
        
        UPDATE porcentaje_perdesv SET energia = eperdida WHERE id_fecha = NEW.id_fecha and id_perdesv = 5;
        UPDATE porcentaje_perdesv SET porcentaje = perdida WHERE id_fecha = NEW.id_fecha and id_perdesv = 5;
    END IF;
    
     -- d2 6
    IF NEW.id_circuito = 17 OR NEW.id_circuito = 18 OR NEW.id_circuito = 19 THEN
        SELECT energia INTO A1
        FROM consumo 
        WHERE id_circuito = 17 AND id_fecha = NEW.id_fecha;
        
        SELECT energia INTO A2
        FROM consumo 
        WHERE id_circuito = 18 AND id_fecha = NEW.id_fecha;
        
        SELECT energia INTO A3
        FROM consumo 
        WHERE id_circuito = 19 AND id_fecha = NEW.id_fecha;

        SELECT energia INTO B1 
        FROM consumo 
        WHERE id_circuito = 20 AND id_fecha = NEW.id_fecha;

        SET eperdida =  B1 - (A1 + A2 + A3);
        SET perdida = (1 - ((A1 + A2 + A3)/ B1)) * 100;
        
        UPDATE porcentaje_perdesv SET energia = eperdida WHERE id_fecha = NEW.id_fecha and id_perdesv = 6;
        UPDATE porcentaje_perdesv SET porcentaje = perdida WHERE id_fecha = NEW.id_fecha and id_perdesv = 6;
    END IF;
    
    -- p5 7
    IF NEW.id_circuito = 7 THEN
        SELECT energia INTO A1
        FROM consumo 
        WHERE id_circuito = 7 AND id_fecha = NEW.id_fecha;

        SELECT energia INTO B1 
        FROM consumo 
        WHERE id_circuito = 40 AND id_fecha = NEW.id_fecha;

        SET eperdida = B1 - A1;
        SET perdida = (1 - (A1 / B1)) * 100;
        
        UPDATE porcentaje_perdesv SET energia = eperdida WHERE id_fecha = NEW.id_fecha and id_perdesv = 7;
        UPDATE porcentaje_perdesv SET porcentaje = perdida WHERE id_fecha = NEW.id_fecha and id_perdesv = 7;
    END IF;
    
    -- p6 8
    IF NEW.id_circuito = 23 OR NEW.id_circuito = 26 OR NEW.id_circuito = 28 THEN

        SELECT energia INTO A1
        FROM consumo 
        WHERE id_circuito = 23 AND id_fecha = NEW.id_fecha;

        SELECT energia INTO A2
        FROM consumo 
        WHERE id_circuito = 26 AND id_fecha = NEW.id_fecha;

        SELECT energia INTO A3
        FROM consumo 
        WHERE id_circuito = 28 AND id_fecha = NEW.id_fecha;


        SELECT energia INTO B1 
        FROM consumo 
        WHERE id_circuito = 36 AND id_fecha = NEW.id_fecha;

        SET eperdida = B1 - A1 - A2 - A3;
        SET perdida = (1 - ((A1 + A2 + A3) / B1)) * 100;
        
        UPDATE porcentaje_perdesv SET energia = eperdida WHERE id_fecha = NEW.id_fecha and id_perdesv = 8;

        UPDATE porcentaje_perdesv SET porcentaje = perdida WHERE id_fecha = NEW.id_fecha and id_perdesv = 8;

    END IF;
    
    -- d3 9 and 10
    IF NEW.id_circuito = 21 OR NEW.id_circuito = 22 OR NEW.id_circuito = 24 OR NEW.id_circuito = 25 THEN
        SELECT energia INTO A1
        FROM consumo 
        WHERE id_circuito = 21 AND id_fecha = NEW.id_fecha;
        
        SELECT energia INTO A2
        FROM consumo 
        WHERE id_circuito = 22 AND id_fecha = NEW.id_fecha;
        
        SELECT energia INTO A3
        FROM consumo 
        WHERE id_circuito = 24 AND id_fecha = NEW.id_fecha;
        
        SELECT energia INTO A4
        FROM consumo 
        WHERE id_circuito = 25 AND id_fecha = NEW.id_fecha;

        SELECT energia INTO B1 
        FROM consumo 
        WHERE id_circuito = 23 AND id_fecha = NEW.id_fecha;
        
        SELECT energia INTO B2
        FROM consumo 
        WHERE id_circuito = 26 AND id_fecha = NEW.id_fecha;

        SET eperdida = B1 - (A1 + A2);
        SET perdida = (1 - ((A1 + A2) / B1)) * 100;
        SET eperdida2 = B2 - (A3 + A4);
        SET perdida2 = (1 - ((A3 + A4) / B2)) * 100;
        
        UPDATE porcentaje_perdesv SET energia = eperdida WHERE id_fecha = NEW.id_fecha and id_perdesv = 9;
        UPDATE porcentaje_perdesv SET porcentaje = perdida WHERE id_fecha = NEW.id_fecha and id_perdesv = 9;
        UPDATE porcentaje_perdesv SET energia = eperdida2 WHERE id_fecha = NEW.id_fecha and id_perdesv = 10;
        UPDATE porcentaje_perdesv SET porcentaje = perdida2 WHERE id_fecha = NEW.id_fecha and id_perdesv = 10;

    END IF;
    
    -- d5 11
    IF NEW.id_circuito = 27 THEN
        SELECT energia INTO A1
        FROM consumo 
        WHERE id_circuito = 27 AND id_fecha = NEW.id_fecha;

        SELECT energia INTO B1 
        FROM consumo 
        WHERE id_circuito = 28 AND id_fecha = NEW.id_fecha;

        SET eperdida = B1 - A1;
        SET perdida = (1 - (A1/ B1)) * 100;
        
        UPDATE porcentaje_perdesv SET energia = eperdida WHERE id_fecha = NEW.id_fecha and id_perdesv = 11;
        UPDATE porcentaje_perdesv SET porcentaje = perdida WHERE id_fecha = NEW.id_fecha and id_perdesv = 11;
    END IF;
    
    -- d6 12
    IF NEW.id_circuito = 1 OR NEW.id_circuito = 2 OR NEW.id_circuito = 3 OR NEW.id_circuito = 4 OR NEW.id_circuito = 5 THEN
        SELECT energia INTO A1
        FROM consumo 
        WHERE id_circuito = 1 AND id_fecha = NEW.id_fecha;
        
        SELECT energia INTO A2
        FROM consumo 
        WHERE id_circuito = 2 AND id_fecha = NEW.id_fecha;
        
        SELECT energia INTO A3
        FROM consumo 
        WHERE id_circuito = 3 AND id_fecha = NEW.id_fecha;
        
        SELECT energia INTO A4
        FROM consumo 
        WHERE id_circuito = 4 AND id_fecha = NEW.id_fecha;
        
        SELECT energia INTO A5
        FROM consumo 
        WHERE id_circuito = 5 AND id_fecha = NEW.id_fecha;

        SELECT energia INTO B1 
        FROM consumo 
        WHERE id_circuito = 7 AND id_fecha = NEW.id_fecha;
        
        SELECT energia INTO B2 
        FROM consumo 
        WHERE id_circuito = 6 AND id_fecha = NEW.id_fecha;

        SET eperdida = (B1 + B2) - (A1 + A2 + A3 + A4 + A5);
        SET perdida = (1 - ((A1 + A2 + A3 + A4 + A5) / (B1 + B2))) * 100;
        
        UPDATE porcentaje_perdesv SET energia = eperdida WHERE id_fecha = NEW.id_fecha and id_perdesv = 12;
        UPDATE porcentaje_perdesv SET porcentaje = perdida WHERE id_fecha = NEW.id_fecha and id_perdesv = 12;
    END IF;
    
    -- d7 13
    IF NEW.id_circuito = 8 OR NEW.id_circuito = 9 OR NEW.id_circuito = 10 OR NEW.id_circuito = 11 OR NEW.id_circuito = 12 THEN
        SELECT energia INTO A1
        FROM consumo 
        WHERE id_circuito = 8 AND id_fecha = NEW.id_fecha;
        
        SELECT energia INTO A2
        FROM consumo 
        WHERE id_circuito = 9 AND id_fecha = NEW.id_fecha;
        
        SELECT energia INTO A3
        FROM consumo 
        WHERE id_circuito = 10 AND id_fecha = NEW.id_fecha;
        
        SELECT energia INTO A4
        FROM consumo 
        WHERE id_circuito = 11 AND id_fecha = NEW.id_fecha;
        
        SELECT energia INTO A5
        FROM consumo 
        WHERE id_circuito = 12 AND id_fecha = NEW.id_fecha;

        SELECT energia INTO B1 
        FROM consumo 
        WHERE id_circuito = 13 AND id_fecha = NEW.id_fecha;
        
        SET eperdida = B1 - (A1 + A2 + A3 + A4 + A5);
        SET perdida = (1 - ((A1 + A2 + A3 + A4 + A5) / B1)) * 100;
        
        UPDATE porcentaje_perdesv SET energia = eperdida WHERE id_fecha = NEW.id_fecha and id_perdesv = 13;
        UPDATE porcentaje_perdesv SET porcentaje = perdida WHERE id_fecha = NEW.id_fecha and id_perdesv = 13;
   END IF;

-- p 14
    IF NEW.id_circuito = 36 THEN

        SELECT energia INTO A1
        FROM consumo 
        WHERE id_circuito = 36 AND id_fecha = NEW.id_fecha;

        SELECT energia INTO B1
        FROM consumo 
        WHERE id_circuito = 31 AND id_fecha = NEW.id_fecha;

        
        SET eperdida = A1 - B1;
        SET perdida = (1 - (B1 / A1)) * 100;
        
        UPDATE porcentaje_perdesv SET energia = eperdida WHERE id_fecha = NEW.id_fecha and id_perdesv = 14;
        UPDATE porcentaje_perdesv SET porcentaje = perdida WHERE id_fecha = NEW.id_fecha and id_perdesv = 14;
    END IF;


-- p 15
    IF NEW.id_circuito = 44 THEN

        SELECT energia INTO A1
        FROM consumo 
        WHERE id_circuito = 44 AND id_fecha = NEW.id_fecha;
 
        SELECT energia INTO A2
        FROM consumo 
        WHERE id_circuito = 33 AND id_fecha = NEW.id_fecha;

        SELECT energia INTO A3
        FROM consumo 
        WHERE id_circuito = 32 AND id_fecha = NEW.id_fecha;

        SELECT energia INTO A4
        FROM consumo 
        WHERE id_circuito = 34 AND id_fecha = NEW.id_fecha;
        
        SET eperdida = A1 - (A2 + A3 + A4);
        SET perdida = (1 - ((A2 + A3 + A4) / (A2 + A3 + A4))) * 100;
        
        UPDATE porcentaje_perdesv SET energia = eperdida WHERE id_fecha = NEW.id_fecha and id_perdesv = 15;
        UPDATE porcentaje_perdesv SET porcentaje = perdida WHERE id_fecha = NEW.id_fecha and id_perdesv = 15;
    END IF;


END
$$
DELIMITER ;
DELIMITER $$
CREATE TRIGGER `update_totales_suma` AFTER UPDATE ON `consumo` FOR EACH ROW BEGIN
    DECLARE A DECIMAL(20,10);
    DECLARE B DECIMAL(20,10);
    DECLARE C DECIMAL(20,10);
    DECLARE D DECIMAL(20,10);
    DECLARE E DECIMAL(20,10);
    DECLARE total DECIMAL(20,10);
    DECLARE total2 DECIMAL(20,10);
    -- s1
    IF NEW.id_circuito = 33 OR NEW.id_circuito = 32 OR NEW.id_circuito = 34 THEN
        SELECT energia INTO A
        FROM consumo 
        WHERE id_circuito = 33 AND id_fecha = NEW.id_fecha;

        SELECT energia INTO B
        FROM consumo 
        WHERE id_circuito = 32 AND id_fecha = NEW.id_fecha;
        
        SELECT energia INTO C
        FROM consumo 
        WHERE id_circuito = 34 AND id_fecha = NEW.id_fecha;

        SET total = (A + B + C);
 
        UPDATE suma_total SET suma_energia = total WHERE id_fecha = NEW.id_fecha and id_total = 1;
    END IF;
    
    -- s2
    IF NEW.id_circuito = 31 THEN
        SELECT energia INTO A
        FROM consumo 
        WHERE id_circuito = 31 AND id_fecha = NEW.id_fecha;
 
        UPDATE suma_total SET suma_energia = A WHERE id_fecha = NEW.id_fecha and id_total = 2;
    END IF;
    
      -- s3 
    IF NEW.id_circuito = 23 OR NEW.id_circuito = 26 OR NEW.id_circuito = 28 THEN
        SELECT energia INTO A
        FROM consumo 
        WHERE id_circuito = 23 AND id_fecha = NEW.id_fecha;

        SELECT energia INTO B
        
        FROM consumo 
        WHERE id_circuito = 26 AND id_fecha = NEW.id_fecha;
        
        SELECT energia INTO C
        FROM consumo 
        WHERE id_circuito = 28 AND id_fecha = NEW.id_fecha;
        
       
        SET total = (A + B + C);

 
        UPDATE suma_total SET suma_energia = total WHERE id_fecha = NEW.id_fecha and id_total = 3;

    END IF;

 -- s4
    IF NEW.id_circuito = 31 OR NEW.id_circuito = 36 THEN
        SELECT energia INTO A
        FROM consumo 
        WHERE id_circuito = 31 AND id_fecha = NEW.id_fecha;

        SELECT energia INTO B
        
        FROM consumo 
        WHERE id_circuito = 36 AND id_fecha = NEW.id_fecha;        
       
        SET total = (A + B);

 
        UPDATE suma_total SET suma_energia = total WHERE id_fecha = NEW.id_fecha and id_total = 4;

    END IF;

END
$$
DELIMITER ;

-- --------------------------------------------------------

--
-- Estructura de tabla para la tabla `energia_entregada`
--

CREATE TABLE `energia_entregada` (
  `id` int(11) NOT NULL,
  `id_punto` int(11) DEFAULT NULL,
  `id_fecha` int(11) DEFAULT NULL,
  `energia` decimal(20,8) DEFAULT NULL
) ENGINE=InnoDB DEFAULT CHARSET=utf8mb4 COLLATE=utf8mb4_general_ci;

--
-- Volcado de datos para la tabla `energia_entregada`
--

INSERT INTO `energia_entregada` (`id`, `id_punto`, `id_fecha`, `energia`) VALUES
(1, 22, 1, 7842.00000000),
(2, 24, 1, 8470.00000000),
(3, 25, 1, 324.00000000),
(4, 26, 1, 203.00000000),
(5, 27, 1, 1431.00000000),
(6, 28, 1, 114441.00000000),
(7, 30, 1, 12671.00000000),
(8, 31, 1, 17667.00000000),
(9, 32, 1, 255.00000000),
(10, 33, 1, 355.00000000),
(11, 34, 1, 93528.00000000),
(12, 35, 1, 9893.00000000),
(13, 36, 1, 98559.00000000),
(14, 37, 1, 35760.00000000),
(15, 38, 1, 34989.00000000),
(16, 40, 1, 33558.00000000),
(17, 41, 1, 38627.00000000),
(18, 42, 1, 16054279.00000000),
(19, 44, 1, 25758.00000000),
(20, 45, 1, 4577.00000000),
(21, 46, 1, 20984.00000000),
(22, 47, 1, 3995.00000000),
(23, 48, 1, 9013501.00000000),
(24, 49, 1, 8532003.00000000),
(25, 50, 1, 6478.00000000),
(26, 51, 1, 21692011.00000000),
(27, 52, 1, 13392.00000000),
(28, 53, 1, 1766655.00000000),
(29, 54, 1, 3034.00000000),
(30, 55, 1, 466.00000000),
(31, 56, 1, 57434.00000000),
(32, 57, 1, 26411.00000000),
(33, 22, 2, 6834.00000000),
(34, 24, 2, 7210.00000000),
(35, 25, 2, 292.00000000),
(36, 26, 2, 212.00000000),
(37, 27, 2, 1133.00000000),
(38, 28, 2, 94817.00000000),
(39, 29, 2, 49780.00000000),
(40, 30, 2, 12177.00000000),
(41, 31, 2, 15949.00000000),
(42, 32, 2, 218.00000000),
(43, 33, 2, 247.00000000),
(44, 34, 2, 81630.00000000),
(45, 35, 2, 8909.00000000),
(46, 36, 2, 88657.00000000),
(47, 37, 2, 32160.00000000),
(48, 38, 2, 32332.00000000),
(49, 40, 2, 30088.00000000),
(50, 41, 2, 38692.00000000),
(51, 42, 2, 13920027.00000000),
(52, 44, 2, 24798.00000000),
(53, 45, 2, 4319.00000000),
(54, 46, 2, 18197.00000000),
(55, 47, 2, 4055.00000000),
(56, 48, 2, 9149562.00000000),
(57, 49, 2, 5773493.00000000),
(58, 50, 2, 7483.00000000),
(59, 51, 2, 20085212.00000000),
(60, 52, 2, 12095.00000000),
(61, 53, 2, 1925933.00000000),
(62, 54, 2, 2581.00000000),
(63, 55, 2, 5591.00000000),
(64, 56, 2, 55882.00000000),
(65, 57, 2, 12518.00000000),
(66, 22, 3, 7270.00000000),
(67, 24, 3, 8764.00000000),
(68, 25, 3, 324.00000000),
(69, 26, 3, 286.00000000),
(70, 27, 3, 1197.00000000),
(71, 28, 3, 99563.00000000),
(72, 29, 3, 7820.00000000),
(73, 30, 3, 12958.00000000),
(74, 31, 3, 18361.00000000),
(75, 32, 3, 226.00000000),
(76, 33, 3, 223.00000000),
(77, 34, 3, 90317.00000000),
(78, 35, 3, 9486.00000000),
(79, 36, 3, 98400.00000000),
(80, 37, 3, 36600.00000000),
(81, 38, 3, 35111.00000000),
(82, 40, 3, 35043.00000000),
(83, 41, 3, 61982.00000000),
(84, 42, 3, 15934733.00000000),
(85, 44, 3, 30322.00000000),
(86, 45, 3, 4821.00000000),
(87, 46, 3, 23192.00000000),
(88, 47, 3, 7323.00000000),
(89, 48, 3, 9009569.00000000),
(90, 49, 3, 7076766.00000000),
(91, 50, 3, 9164.00000000),
(92, 51, 3, 22314524.00000000),
(93, 52, 3, 13391.00000000),
(94, 53, 3, 2198567.00000000),
(95, 54, 3, 2690.00000000),
(96, 55, 3, 5309.00000000),
(97, 56, 3, 63974.00000000),
(98, 59, 3, 74884.00000000),
(99, 22, 4, 6866.00000000),
(100, 24, 4, 8106.00000000),
(101, 25, 4, 306.00000000),
(102, 26, 4, 286.00000000),
(103, 27, 4, 1147.00000000),
(104, 28, 4, 94775.00000000),
(105, 29, 4, 94920.00000000),
(106, 30, 4, 12498.00000000),
(107, 31, 4, 17864.00000000),
(108, 32, 4, 258.00000000),
(109, 33, 4, 272.00000000),
(110, 34, 4, 90174.00000000),
(111, 35, 4, 9033.00000000),
(112, 36, 4, 93053.00000000),
(113, 37, 4, 36240.00000000),
(114, 38, 4, 31993.00000000),
(115, 40, 4, 35829.00000000),
(116, 41, 4, 76541.00000000),
(117, 42, 4, 14355427.00000000),
(118, 44, 4, 30993.00000000),
(119, 45, 4, 5076.00000000),
(120, 46, 4, 23227.00000000),
(121, 47, 4, 8990.00000000),
(122, 48, 4, 8213093.00000000),
(123, 49, 4, 9446238.00000000),
(124, 50, 4, 9112.00000000),
(125, 51, 4, 20645266.00000000),
(126, 52, 4, 12878.00000000),
(127, 53, 4, 1830727.00000000),
(128, 54, 4, 3952.00000000),
(129, 55, 4, 3222.00000000),
(130, 56, 4, 63980.00000000),
(131, 58, 4, 1799.00000000),
(132, 59, 4, 74673.00000000),
(133, 22, 5, 7564.00000000),
(134, 24, 5, 8529.00000000),
(135, 25, 5, 317.00000000),
(136, 26, 5, 296.00000000),
(137, 27, 5, 1281.00000000),
(138, 28, 5, 98486.00000000),
(139, 30, 5, 12943.00000000),
(140, 31, 5, 18926.00000000),
(141, 32, 5, 237.00000000),
(142, 33, 5, 272.00000000),
(143, 34, 5, 94067.00000000),
(144, 35, 5, 9355.00000000),
(145, 36, 5, 96374.00000000),
(146, 37, 5, 34560.00000000),
(147, 38, 5, 31772.00000000),
(148, 40, 5, 36585.00000000),
(149, 41, 5, 67187.00000000),
(150, 42, 5, 15028973.00000000),
(151, 44, 5, 34254.00000000),
(152, 45, 5, 5554.00000000),
(153, 46, 5, 25717.00000000),
(154, 47, 5, 7788.00000000),
(155, 48, 5, 8765610.00000000),
(156, 49, 5, 8601173.00000000),
(157, 50, 5, 10029.00000000),
(158, 51, 5, 22257893.00000000),
(159, 52, 5, 13390.00000000),
(160, 53, 5, 1918752.00000000),
(161, 54, 5, 36609.00000000),
(162, 55, 5, 388.00000000),
(163, 56, 5, 67801.00000000),
(164, 58, 5, 750.00000000),
(165, 59, 5, 75276.00000000),
(166, 22, 6, 6673.00000000),
(167, 24, 6, 8249.00000000),
(168, 25, 6, 307.00000000),
(169, 26, 6, 285.00000000),
(170, 27, 6, 1215.00000000),
(171, 28, 6, 87866.00000000),
(172, 29, 6, 20.00000000),
(173, 30, 6, 12823.00000000),
(174, 31, 6, 17711.00000000),
(175, 32, 6, 213.00000000),
(176, 33, 6, 209.00000000),
(177, 34, 6, 92537.00000000),
(178, 35, 6, 9069.00000000),
(179, 36, 6, 93615.00000000),
(180, 37, 6, 31200.00000000),
(181, 38, 6, 28570.00000000),
(182, 40, 6, 36700.00000000),
(183, 41, 6, 38842.00000000),
(184, 42, 6, 13612460.00000000),
(185, 44, 6, 32338.00000000),
(186, 45, 6, 5170.00000000),
(187, 46, 6, 2712.00000000),
(188, 47, 6, 7269.00000000),
(189, 48, 6, 10123654.00000000),
(190, 49, 6, 8240287.00000000),
(191, 50, 6, 9471.00000000),
(192, 51, 6, 21185536.00000000),
(193, 52, 6, 12819.00000000),
(194, 53, 6, 2060118.00000000),
(195, 54, 6, 33744.00000000),
(196, 55, 6, 2617.00000000),
(197, 56, 6, 64154.00000000),
(198, 58, 6, 1632.00000000),
(199, 59, 6, 75261.00000000),
(200, 22, 7, 7481.00000000),
(201, 24, 7, 8529.00000000),
(202, 25, 7, 317.00000000),
(203, 26, 7, 296.00000000),
(204, 27, 7, 1280.00000000),
(205, 28, 7, 96464.00000000),
(206, 30, 7, 11830.00000000),
(207, 31, 7, 18205.00000000),
(208, 32, 7, 193.00000000),
(209, 33, 7, 220.00000000),
(210, 34, 7, 89986.00000000),
(211, 35, 7, 9355.00000000),
(212, 36, 7, 96374.00000000),
(213, 37, 7, 33240.00000000),
(214, 38, 7, 28878.00000000),
(215, 40, 7, 37842.00000000),
(216, 41, 7, 53050.00000000),
(217, 42, 7, 11953545.00000000),
(218, 44, 7, 34508.00000000),
(219, 45, 7, 5259.00000000),
(220, 46, 7, 18770.00000000),
(221, 47, 7, 7449.00000000),
(222, 48, 7, 7832060.00000000),
(223, 49, 7, 10091179.00000000),
(224, 50, 7, 9802.00000000),
(225, 51, 7, 21754947.00000000),
(226, 52, 7, 13389.00000000),
(227, 53, 7, 1933064.00000000),
(228, 54, 7, 36681.00000000),
(229, 55, 7, 1307.00000000),
(230, 56, 7, 55700.00000000),
(231, 58, 7, 2417.00000000),
(232, 59, 7, 78492.00000000),
(233, 22, 8, 7254.00000000),
(234, 24, 8, 9252.00000000),
(235, 25, 8, 319.00000000),
(236, 26, 8, 295.00000000),
(237, 27, 8, 1260.00000000),
(238, 28, 8, 100641.00000000),
(239, 30, 8, 11733.00000000),
(240, 31, 8, 17998.00000000),
(241, 32, 8, 183.00000000),
(242, 33, 8, 208.00000000),
(243, 34, 8, 88832.00000000),
(244, 35, 8, 9403.00000000),
(245, 36, 8, 96954.00000000),
(246, 37, 8, 40440.00000000),
(247, 38, 8, 28698.00000000),
(248, 40, 8, 37842.00000000),
(249, 41, 8, 55335.00000000),
(250, 42, 8, 15540547.00000000),
(251, 44, 8, 29870.00000000),
(252, 45, 8, 5280.00000000),
(253, 46, 8, 19473.00000000),
(254, 47, 8, 12581.00000000),
(255, 48, 8, 6399028.00000000),
(256, 49, 8, 7879052.00000000),
(257, 50, 8, 8239.00000000),
(258, 51, 8, 22141852.00000000),
(259, 52, 8, 13391.00000000),
(260, 53, 8, 2014013.00000000),
(261, 54, 8, 36773.00000000),
(262, 55, 8, 3218.00000000),
(263, 56, 8, 54892.00000000),
(264, 58, 8, 1617.00000000),
(265, 59, 8, 79524.00000000),
(266, 60, 8, 6848.00000000),
(267, 22, 9, 6545.00000000),
(268, 24, 9, 8694.00000000),
(269, 25, 9, 305.00000000),
(270, 26, 9, 286.00000000),
(271, 27, 9, 987.00000000),
(272, 28, 9, 100562.00000000),
(273, 29, 9, 13220.00000000),
(274, 30, 9, 12114.00000000),
(275, 31, 9, 17604.00000000),
(276, 32, 9, 190.00000000),
(277, 33, 9, 211.00000000),
(278, 34, 9, 88190.00000000),
(279, 35, 9, 9022.00000000),
(280, 36, 9, 93034.00000000),
(281, 37, 9, 38040.00000000),
(282, 38, 9, 29185.00000000),
(283, 40, 9, 37842.00000000),
(284, 41, 9, 45339.00000000),
(285, 42, 9, 13771318.00000000),
(286, 44, 9, 25827.00000000),
(287, 45, 9, 2057.00000000),
(288, 46, 9, 18047.00000000),
(289, 47, 9, 6536.00000000),
(290, 48, 9, 11244668.00000000),
(291, 49, 9, 6695189.00000000),
(292, 50, 9, 9201.00000000),
(293, 51, 9, 19906334.00000000),
(294, 52, 9, 12958.00000000),
(295, 54, 9, 2097108.00000000),
(296, 55, 9, 35740.00000000),
(297, 56, 9, 3783.00000000),
(298, 57, 9, 54554.00000000),
(299, 59, 9, 990.00000000),
(300, 60, 9, 65323.00000000),
(301, 61, 9, 3583.00000000),
(302, 22, 10, 6561.00000000),
(303, 24, 10, 1740.00000000),
(304, 25, 10, 104602.00000000),
(305, 26, 10, 35405.00000000),
(306, 27, 10, 30588.00000000),
(307, 28, 10, 89269.00000000),
(308, 29, 10, 9296.00000000),
(309, 30, 10, 18649.00000000),
(310, 31, 10, 12554.00000000),
(311, 32, 10, 324.00000000),
(312, 33, 10, 1343.00000000),
(313, 34, 10, 298.00000000),
(314, 35, 10, 211.00000000),
(315, 36, 10, 229.00000000),
(316, 37, 10, 9475.00000000),
(317, 38, 10, 97343.00000000),
(318, 40, 10, 38556.00000000),
(319, 41, 10, 45910.00000000),
(320, 42, 10, 13714949.00000000),
(321, 44, 10, 31240.00000000),
(322, 45, 10, 4344.00000000),
(323, 46, 10, 23130.00000000),
(324, 47, 10, 13922.00000000),
(325, 48, 10, 10862914.00000000),
(326, 49, 10, 6758143.00000000),
(327, 50, 10, 9477.00000000),
(328, 51, 10, 20888607.00000000),
(329, 52, 10, 13385.00000000),
(330, 54, 10, 1018096.00000000),
(331, 55, 10, 35934.00000000),
(332, 56, 10, 5765.00000000),
(333, 57, 10, 61581.00000000),
(334, 59, 10, 1302.00000000),
(335, 60, 10, 79101.00000000),
(336, 61, 10, 4040.00000000),
(337, 22, 11, 8632.00000000),
(338, 24, 11, 67900.00000000),
(339, 25, 11, 104240.00000000),
(340, 26, 11, 40199.00000000),
(341, 27, 11, 30774.00000000),
(342, 28, 11, 91050.00000000),
(343, 29, 11, 9045.00000000),
(344, 30, 11, 18629.00000000),
(345, 31, 11, 12356.00000000),
(346, 32, 11, 335.00000000),
(347, 33, 11, 1301.00000000),
(348, 34, 11, 300.00000000),
(349, 35, 11, 178.00000000),
(350, 36, 11, 247.00000000),
(351, 37, 11, 9531.00000000),
(352, 38, 11, 95258.00000000),
(353, 40, 11, 39270.00000000),
(354, 41, 11, 42483.00000000),
(355, 42, 11, 13408821.00000000),
(356, 44, 11, 30874.00000000),
(357, 45, 11, 2859.00000000),
(358, 46, 11, 17217.00000000),
(359, 47, 11, 12783.00000000),
(360, 48, 11, 9377538.00000000),
(361, 49, 11, 6243488.00000000),
(362, 50, 11, 7518.00000000),
(363, 51, 11, 21552293.00000000),
(364, 52, 11, 12960.00000000),
(365, 54, 11, 790857.00000000),
(366, 55, 11, 31141.00000000),
(367, 56, 11, 5512.00000000),
(368, 57, 11, 56456.00000000),
(369, 59, 11, 4129.00000000),
(370, 60, 11, 70017.00000000),
(371, 61, 11, 5730.00000000),
(372, 22, 12, 8640.00000000),
(373, 24, 12, 49360.00000000),
(374, 25, 12, 106051.00000000),
(375, 26, 12, 41178.00000000),
(376, 27, 12, 31241.00000000),
(377, 28, 12, 93605.00000000),
(378, 29, 12, 9548.00000000),
(379, 30, 12, 20574.00000000),
(380, 31, 12, 12557.00000000),
(381, 32, 12, 342.00000000),
(382, 33, 12, 1216.00000000),
(383, 34, 12, 310.00000000),
(384, 35, 12, 200.00000000),
(385, 36, 12, 11545.00000000),
(386, 37, 12, 9732.00000000),
(387, 38, 12, 97309.00000000),
(388, 40, 12, 38556.00000000),
(389, 41, 12, 41840.00000000),
(390, 42, 12, 15392536.00000000),
(391, 44, 12, 29492.00000000),
(392, 45, 12, 4693.00000000),
(393, 46, 12, 17626.00000000),
(394, 47, 12, 12985.00000000),
(395, 48, 12, 11525513.00000000),
(396, 49, 12, 13074170.00000000),
(397, 50, 12, 3292.00000000),
(398, 51, 12, 21588255.00000000),
(399, 52, 12, 13392.00000000),
(400, 54, 12, 1082462.00000000),
(401, 55, 12, 30845.00000000),
(402, 56, 12, 5573.00000000),
(403, 57, 12, 56772.00000000),
(404, 59, 12, 7724.00000000),
(405, 60, 12, 26666.00000000),
(406, 61, 12, 6187.00000000),
(407, 62, 12, 2579.00000000),
(408, 22, 13, 7120.00000000),
(409, 23, 13, 51573.00000000),
(410, 24, 13, 51573.00000000),
(411, 25, 13, 107118.00000000),
(412, 26, 13, 41584.00000000),
(413, 27, 13, 31608.00000000),
(414, 28, 13, 94147.00000000),
(415, 29, 13, 9665.00000000),
(416, 30, 13, 20600.00000000),
(417, 31, 13, 12684.00000000),
(418, 32, 13, 347.00000000),
(419, 33, 13, 1233.00000000),
(420, 34, 13, 310.00000000),
(421, 35, 13, 202.00000000),
(422, 36, 13, 233.00000000),
(423, 37, 13, 9863.00000000),
(424, 38, 13, 98559.00000000),
(425, 40, 13, 37842.00000000),
(426, 41, 13, 41126.00000000),
(427, 42, 13, 15099655.00000000),
(428, 44, 13, 27824.00000000),
(429, 45, 13, 4717.00000000),
(430, 46, 13, 17447.00000000),
(431, 47, 13, 12966.00000000),
(432, 48, 13, 10791935.00000000),
(433, 49, 13, 3887925.00000000),
(434, 50, 13, 4505.00000000),
(435, 51, 13, 19054666.00000000),
(436, 52, 13, 13392.00000000),
(437, 53, 13, 1024244.00000000),
(438, 54, 13, 15654.00000000),
(439, 55, 13, 5348.00000000),
(440, 56, 13, 54963.00000000),
(441, 58, 13, 9191.00000000),
(442, 59, 13, 23530.00000000),
(443, 60, 13, 6281.00000000),
(444, 61, 13, 2466.00000000),
(445, 63, 13, 10902.00000000),
(446, 22, 14, 7526.00000000),
(447, 25, 14, 96425.00000000),
(448, 26, 14, 37428.00000000),
(449, 27, 14, 32332.00000000),
(450, 28, 14, 84858.00000000),
(451, 29, 14, 9420.00000000),
(452, 30, 14, 18592.00000000),
(453, 31, 14, 12177.00000000),
(454, 32, 14, 311.00000000),
(455, 33, 14, 980.00000000),
(456, 34, 14, 280.00000000),
(457, 35, 14, 207.00000000),
(458, 36, 14, 172.00000000),
(459, 37, 14, 8909.00000000),
(460, 38, 14, 88657.00000000),
(461, 40, 14, 37842.00000000),
(462, 41, 14, 38556.00000000),
(463, 42, 14, 14069449.00000000),
(464, 44, 14, 25923.00000000),
(465, 45, 14, 4599.00000000),
(466, 46, 14, 18014.00000000),
(467, 47, 14, 12047.00000000),
(468, 48, 14, 10080040.00000000),
(469, 49, 14, 7984046.00000000),
(470, 50, 14, 4920.00000000),
(471, 51, 14, 19742437.00000000),
(472, 52, 14, 12082.00000000),
(473, 53, 14, 640482.00000000),
(474, 54, 14, 10405.00000000),
(475, 55, 14, 5090.00000000),
(476, 56, 14, 21168.00000000),
(477, 58, 14, 2691.00000000),
(478, 59, 14, 23583.00000000),
(479, 60, 14, 6372.00000000),
(480, 62, 14, 4908.00000000),
(481, 63, 14, 10300.00000000),
(482, 22, 15, 6178.00000000),
(483, 25, 15, 106407.00000000),
(484, 26, 15, 41292.00000000),
(485, 27, 15, 35612.00000000),
(486, 28, 15, 93757.00000000),
(487, 29, 15, 9584.00000000),
(488, 30, 15, 20564.00000000),
(489, 31, 15, 12603.00000000),
(490, 32, 15, 343.00000000),
(491, 33, 15, 984.00000000),
(492, 34, 15, 309.00000000),
(493, 35, 15, 222.00000000),
(494, 36, 15, 241.00000000),
(495, 37, 15, 9774.00000000),
(496, 38, 15, 97775.00000000),
(497, 40, 15, 37171.00000000),
(498, 41, 15, 38813.00000000),
(499, 42, 15, 15647449.00000000),
(500, 44, 15, 31137.00000000),
(501, 45, 15, 4208.00000000),
(502, 46, 15, 21303.00000000),
(503, 47, 15, 14705.00000000),
(504, 48, 15, 3008299.00000000),
(505, 49, 15, 4487434.00000000),
(506, 50, 15, 6042.00000000),
(507, 51, 15, 18214961.00000000),
(508, 52, 15, 13392.00000000),
(509, 53, 15, 10431.00000000),
(510, 54, 15, 9424.00000000),
(511, 55, 15, 5708.00000000),
(512, 56, 15, 23247.00000000),
(513, 58, 15, 5691.00000000),
(514, 59, 15, 7671.00000000),
(515, 60, 15, 8509.00000000),
(516, 61, 15, 4159.00000000),
(517, 62, 15, 5636.00000000),
(518, 63, 15, 11726.00000000),
(519, 25, 16, 101281.00000000),
(520, 26, 16, 38694.00000000),
(521, 27, 16, 33084.00000000),
(522, 28, 16, 90765.00000000),
(523, 29, 16, 9679.00000000),
(524, 30, 16, 15292.00000000),
(525, 31, 16, 13047.00000000),
(526, 32, 16, 312.00000000),
(527, 33, 16, 967.00000000),
(528, 34, 16, 227.00000000),
(529, 35, 16, 211.00000000),
(530, 36, 16, 224.00000000),
(531, 37, 16, 9277.00000000),
(532, 38, 16, 94089.00000000),
(533, 40, 16, 35486.00000000),
(534, 41, 16, 38485.00000000),
(535, 42, 16, 15230752.00000000),
(536, 44, 16, 32896.00000000),
(537, 45, 16, 4603.00000000),
(538, 46, 16, 16256.00000000),
(539, 47, 16, 12839.00000000),
(540, 48, 16, 2776422.00000000),
(541, 49, 16, 7587662.00000000),
(542, 50, 16, 6392.00000000),
(543, 51, 16, 21468492.00000000),
(544, 52, 16, 12941.00000000),
(545, 53, 16, 681622.00000000),
(546, 54, 16, 34486.00000000),
(547, 55, 16, 5098.00000000),
(548, 56, 16, 23411.00000000),
(549, 58, 16, 3112.00000000),
(550, 60, 16, 8428.00000000),
(551, 61, 16, 6744.00000000),
(552, 62, 16, 5622.00000000),
(553, 63, 16, 11640.00000000),
(554, 25, 17, 103636.00000000),
(555, 26, 17, 39430.00000000),
(556, 27, 17, 31772.00000000),
(557, 28, 17, 91290.00000000),
(558, 29, 17, 9854.00000000),
(559, 30, 17, 15805.00000000),
(560, 31, 17, 13422.00000000),
(561, 32, 17, 317.00000000),
(562, 33, 17, 980.00000000),
(563, 34, 17, 236.00000000),
(564, 35, 17, 214.00000000),
(565, 36, 17, 228.00000000),
(566, 37, 17, 9355.00000000),
(567, 38, 17, 96374.00000000),
(568, 40, 17, 37128.00000000),
(569, 41, 17, 38556.00000000),
(570, 42, 17, 16910493.00000000),
(571, 44, 17, 35694.00000000),
(572, 45, 17, 5834.00000000),
(573, 46, 17, 2585.00000000),
(574, 47, 17, 10335.00000000),
(575, 49, 17, 3532580.00000000),
(576, 50, 17, 6739.00000000),
(577, 51, 17, 22107809.00000000),
(578, 52, 17, 13392.00000000),
(579, 53, 17, 2095681.00000000),
(580, 54, 17, 35417.00000000),
(581, 55, 17, 5048.00000000),
(582, 56, 17, 25058.00000000),
(583, 58, 17, 650.00000000),
(584, 60, 17, 8533.00000000),
(585, 61, 17, 2849.00000000),
(586, 62, 17, 6362.00000000),
(587, 63, 17, 12596.00000000),
(588, 24, 18, 9860.00000000),
(589, 25, 18, 100049.00000000),
(590, 26, 18, 38041.00000000),
(591, 27, 18, 32284.00000000),
(592, 28, 18, 90212.00000000),
(593, 29, 18, 9506.00000000),
(594, 30, 18, 20898.00000000),
(595, 31, 18, 12968.00000000),
(596, 32, 18, 305.00000000),
(597, 33, 18, 964.00000000),
(598, 34, 18, 228.00000000),
(599, 35, 18, 212.00000000),
(600, 36, 18, 220.00000000),
(601, 37, 18, 9116.00000000),
(602, 38, 18, 93034.00000000),
(603, 40, 18, 35914.00000000),
(604, 41, 18, 64260.00000000),
(605, 42, 18, 14975355.00000000),
(606, 44, 18, 9704.00000000),
(607, 45, 18, 5325.00000000),
(608, 46, 18, 3148.00000000),
(609, 47, 18, 6901.00000000),
(610, 48, 18, 1712985.00000000),
(611, 49, 18, 2913263.00000000),
(612, 50, 18, 5797.00000000),
(613, 51, 18, 21341939.00000000),
(614, 52, 18, 6105.00000000),
(615, 53, 18, 2166155.00000000),
(616, 54, 18, 32839.00000000),
(617, 55, 18, 4792.00000000),
(618, 56, 18, 56752.00000000),
(619, 58, 18, 1987.00000000),
(620, 60, 18, 8113.00000000),
(621, 61, 18, 4489.00000000),
(622, 62, 18, 6010.00000000),
(623, 63, 18, 37724.00000000),
(624, 24, 19, 77600.00000000),
(625, 25, 19, 104298.00000000),
(626, 26, 19, 40754.00000000),
(627, 27, 19, 32188.00000000),
(628, 28, 19, 90436.00000000),
(629, 29, 19, 10018.00000000),
(630, 30, 19, 16958.00000000),
(631, 31, 19, 13731.00000000),
(632, 32, 19, 320.00000000),
(633, 33, 19, 986.00000000),
(634, 34, 19, 234.00000000),
(635, 35, 19, 215.00000000),
(636, 36, 19, 222.00000000),
(637, 37, 19, 9643.00000000),
(638, 38, 19, 97194.00000000),
(639, 40, 19, 35629.00000000),
(640, 41, 19, 61832.00000000),
(641, 42, 19, 14245240.00000000),
(642, 44, 19, 32577.00000000),
(643, 45, 19, 4755.00000000),
(644, 46, 19, 2480.00000000),
(645, 47, 19, 8019.00000000),
(646, 48, 19, 4751489.00000000),
(647, 49, 19, 5347883.00000000),
(648, 50, 19, 5840.00000000),
(649, 51, 19, 22165059.00000000),
(650, 52, 19, 8902.00000000),
(651, 53, 19, 845000.00000000),
(652, 54, 19, 24437.00000000),
(653, 55, 19, 5027.00000000),
(654, 56, 19, 57679.00000000),
(655, 58, 19, 4730.00000000),
(656, 60, 19, 6829.00000000),
(657, 61, 19, 4115.00000000),
(658, 62, 19, 11184.00000000),
(659, 63, 19, 51923.00000000),
(660, 25, 20, 103250.00000000),
(661, 26, 20, 41340.00000000),
(662, 27, 20, 29280.00000000),
(663, 28, 20, 87600.00000000),
(664, 29, 20, 9994.00000000),
(665, 30, 20, 17977.00000000),
(666, 31, 20, 12250.00000000),
(667, 32, 20, 318.00000000),
(668, 33, 20, 1010.00000000),
(669, 34, 20, 295.00000000),
(670, 35, 20, 183.00000000),
(671, 36, 20, 258.00000000),
(672, 37, 20, 9680.00000000),
(673, 38, 20, 97074.00000000),
(674, 40, 20, 35200.00000000),
(675, 41, 20, 49552.00000000),
(676, 42, 20, 15164629.00000000),
(677, 44, 20, 12725.00000000),
(678, 45, 20, 3920.00000000),
(679, 46, 20, 2798.00000000),
(680, 47, 20, 5950.00000000),
(681, 48, 20, 2132130.00000000),
(682, 49, 20, 7204408.00000000),
(683, 50, 20, 5868.00000000),
(684, 51, 20, 22261239.00000000),
(685, 52, 20, 2920.00000000),
(686, 53, 20, 1254480.00000000),
(687, 54, 20, 15554.00000000),
(688, 55, 20, 5645.00000000),
(689, 56, 20, 23612.00000000),
(690, 58, 20, 1306.00000000),
(691, 60, 20, 6884.00000000),
(692, 61, 20, 6131.00000000),
(693, 62, 20, 11188.00000000),
(694, 63, 20, 47783.00000000),
(695, 25, 21, 95249.00000000),
(696, 26, 21, 39302.00000000),
(697, 27, 21, 28139.00000000),
(698, 28, 21, 84735.00000000),
(699, 29, 21, 9658.00000000),
(700, 30, 21, 17438.00000000),
(701, 31, 21, 11482.00000000),
(702, 32, 21, 307.00000000),
(703, 33, 21, 1089.00000000),
(704, 34, 21, 229.00000000),
(705, 35, 21, 198.00000000),
(706, 36, 21, 279.00000000),
(707, 37, 21, 9575.00000000),
(708, 38, 21, 92835.00000000),
(709, 40, 21, 33915.00000000),
(710, 41, 21, 55763.00000000),
(711, 42, 21, 14839882.00000000),
(712, 44, 21, 15081.00000000),
(713, 45, 21, 4204.00000000),
(714, 46, 21, 19849.00000000),
(715, 47, 21, 6946.00000000),
(716, 48, 21, 2451367.00000000),
(717, 49, 21, 8574419.00000000),
(718, 50, 21, 5810.00000000),
(719, 51, 21, 21080191.00000000),
(720, 52, 21, 3954.00000000),
(721, 53, 21, 2170136.00000000),
(722, 54, 21, 14360.00000000),
(723, 55, 21, 3898.00000000),
(724, 56, 21, 23311.00000000),
(725, 58, 21, 1931.00000000),
(726, 60, 21, 6525.00000000),
(727, 61, 21, 5814.00000000),
(728, 62, 21, 9800.00000000),
(729, 63, 21, 42375.00000000),
(765, 25, 22, 99761.00000000),
(766, 26, 22, 36445.00000000),
(767, 27, 22, 29643.00000000),
(768, 28, 22, 88013.00000000),
(769, 29, 22, 10122.00000000),
(770, 30, 22, 18108.00000000),
(771, 31, 22, 12066.00000000),
(772, 32, 22, 322.00000000),
(773, 33, 22, 1005.00000000),
(774, 34, 22, 296.00000000),
(775, 35, 22, 182.00000000),
(776, 36, 22, 256.00000000),
(777, 37, 22, 9375.00000000),
(778, 38, 22, 97662.00000000),
(779, 40, 22, 35986.00000000),
(780, 41, 22, 59690.00000000),
(781, 42, 22, 15391517.00000000),
(782, 44, 22, 13517.00000000),
(783, 45, 22, 2048.00000000),
(784, 46, 22, 18667.00000000),
(785, 47, 22, 6958.00000000),
(786, 48, 22, 2329939.00000000),
(787, 49, 22, 5119966.00000000),
(788, 50, 22, 5289.00000000),
(789, 51, 22, 22242164.00000000),
(790, 52, 22, 3595.00000000),
(791, 53, 22, 1124438.00000000),
(792, 54, 22, 8706.00000000),
(793, 55, 22, 3371.00000000),
(794, 56, 22, 24545.00000000),
(795, 58, 22, 1607.00000000),
(796, 60, 22, 6739.00000000),
(797, 61, 22, 3531.00000000),
(798, 62, 22, 9918.00000000),
(799, 63, 22, 47664.00000000),
(800, 25, 23, 97913.00000000),
(801, 26, 23, 36000.00000000),
(802, 27, 23, 29792.00000000),
(803, 28, 23, 86214.00000000),
(804, 29, 23, 8176.00000000),
(805, 30, 23, 17971.00000000),
(806, 31, 23, 11760.00000000),
(807, 32, 23, 335.00000000),
(808, 33, 23, 1040.00000000),
(809, 34, 23, 300.00000000),
(810, 35, 23, 189.00000000),
(811, 36, 23, 266.00000000),
(812, 37, 23, 9323.00000000),
(813, 38, 23, 95347.00000000),
(814, 40, 23, 36200.00000000),
(815, 41, 23, 69972.00000000),
(816, 42, 23, 16031974.00000000),
(817, 44, 23, 27172.00000000),
(818, 45, 23, 4159.00000000),
(819, 46, 23, 17516.00000000),
(820, 47, 23, 8869.00000000),
(821, 48, 23, 3503534.00000000),
(822, 49, 23, 4842533.00000000),
(823, 50, 23, 4418.00000000),
(824, 51, 23, 21368336.00000000),
(825, 52, 23, 12960.00000000),
(826, 53, 23, 1169275.00000000),
(827, 54, 23, 6418.00000000),
(828, 55, 23, 3166.00000000),
(829, 56, 23, 23063.00000000),
(830, 58, 23, 9841.00000000),
(831, 60, 23, 6412.00000000),
(832, 61, 23, 4369.00000000),
(833, 62, 23, 9231.00000000),
(834, 63, 23, 62270.00000000),
(835, 25, 24, 100972.00000000),
(836, 26, 24, 38400.00000000),
(837, 27, 24, 30721.00000000),
(838, 28, 24, 89068.00000000),
(839, 29, 24, 9562.00000000),
(840, 30, 24, 18579.00000000),
(841, 31, 24, 12114.00000000),
(842, 32, 24, 345.00000000),
(843, 33, 24, 1106.00000000),
(844, 34, 24, 309.00000000),
(845, 35, 24, 201.00000000),
(846, 36, 24, 283.00000000),
(847, 37, 24, 9438.00000000),
(848, 38, 24, 98198.00000000),
(849, 40, 24, 32487.00000000),
(850, 41, 24, 54978.00000000),
(851, 42, 24, 15265724.00000000),
(852, 44, 24, 26943.00000000),
(853, 45, 24, 4016.00000000),
(854, 46, 24, 13311.00000000),
(855, 47, 24, 8617.00000000),
(856, 48, 24, 5289884.00000000),
(857, 49, 24, 642962.00000000),
(858, 50, 24, 4157.00000000),
(859, 51, 24, 22219827.00000000),
(860, 52, 24, 13387.00000000),
(861, 53, 24, 1591060.00000000),
(862, 54, 24, 2496.00000000),
(863, 55, 24, 3368.00000000),
(864, 56, 24, 23328.00000000),
(865, 58, 24, 9922.00000000),
(866, 60, 24, 6573.00000000),
(867, 61, 24, 4249.00000000),
(868, 62, 24, 9031.00000000),
(869, 63, 24, 69957.00000000),
(870, 25, 25, 101411.00000000),
(871, 26, 25, 36000.00000000),
(872, 27, 25, 30901.00000000),
(873, 28, 25, 89172.00000000),
(874, 29, 25, 8652.00000000),
(875, 30, 25, 18592.00000000),
(876, 31, 25, 12186.00000000),
(877, 32, 25, 348.00000000),
(878, 33, 25, 1056.00000000),
(879, 34, 25, 310.00000000),
(880, 35, 25, 192.00000000),
(881, 36, 25, 270.00000000),
(882, 37, 25, 9235.00000000),
(883, 38, 25, 98811.00000000),
(884, 40, 25, 39770.00000000),
(885, 41, 25, 61118.00000000),
(886, 42, 25, 15536295.00000000),
(887, 44, 25, 26670.00000000),
(888, 45, 25, 4930.00000000),
(889, 46, 25, 12219.00000000),
(890, 47, 25, 5718.00000000),
(891, 48, 25, 5163524.00000000),
(892, 49, 25, 3719806.00000000),
(893, 50, 25, 3731.00000000),
(894, 51, 25, 22169710.00000000),
(895, 52, 25, 13378.00000000),
(896, 53, 25, 2240780.00000000),
(897, 54, 25, 3871.00000000),
(898, 55, 25, 4311.00000000),
(899, 56, 25, 22556.00000000),
(900, 57, 25, 2092.00000000),
(901, 58, 25, 10270.00000000),
(902, 60, 25, 6403.00000000),
(903, 61, 25, 4047.00000000),
(904, 62, 25, 9085.00000000),
(905, 63, 25, 69828.00000000),
(906, 64, 25, 79868.00000000),
(907, 65, 25, 5505.00000000),
(908, 24, 26, 10000.00000000),
(909, 25, 26, 94554.00000000),
(910, 26, 26, 32400.00000000),
(911, 27, 26, 28758.00000000),
(912, 28, 26, 83314.00000000),
(913, 29, 26, 8120.00000000),
(914, 30, 26, 17367.00000000),
(915, 31, 26, 11353.00000000),
(916, 32, 26, 323.00000000),
(917, 33, 26, 1015.00000000),
(918, 34, 26, 289.00000000),
(919, 35, 26, 184.00000000),
(920, 36, 26, 260.00000000),
(921, 37, 26, 9213.00000000),
(922, 38, 26, 92041.00000000),
(923, 40, 26, 32059.00000000),
(924, 41, 26, 50765.00000000),
(925, 42, 26, 13304222.00000000),
(926, 44, 26, 25970.00000000),
(927, 45, 26, 4508.00000000),
(928, 46, 26, 11190.00000000),
(929, 47, 26, 5727.00000000),
(930, 48, 26, 4029545.00000000),
(931, 49, 26, 2764193.00000000),
(932, 50, 26, 4109.00000000),
(933, 51, 26, 20099942.00000000),
(934, 52, 26, 12527.00000000),
(935, 53, 26, 2096633.00000000),
(936, 54, 26, 3317.00000000),
(937, 55, 26, 3200.00000000),
(938, 56, 26, 46712.00000000),
(939, 57, 26, 2084.00000000),
(940, 58, 26, 9510.00000000),
(941, 60, 26, 5950.00000000),
(942, 61, 26, 1893.00000000),
(943, 62, 26, 8952.00000000),
(944, 63, 26, 66751.00000000),
(945, 64, 26, 71542.00000000),
(946, 65, 26, 5140.00000000),
(947, 25, 27, 100972.00000000),
(948, 26, 27, 37200.00000000),
(949, 27, 27, 30721.00000000),
(950, 28, 27, 89068.00000000),
(951, 29, 27, 8778.00000000),
(952, 30, 27, 18579.00000000),
(953, 31, 27, 12114.00000000),
(954, 32, 27, 345.00000000),
(955, 33, 27, 1106.00000000),
(956, 34, 27, 309.00000000),
(957, 35, 27, 201.00000000),
(958, 36, 27, 283.00000000),
(959, 37, 27, 9438.00000000),
(960, 38, 27, 97934.00000000),
(961, 40, 27, 36343.00000000),
(962, 41, 27, 74470.00000000),
(963, 42, 27, 14421751.00000000),
(964, 44, 27, 30907.00000000),
(965, 45, 27, 4660.00000000),
(966, 46, 27, 3412.00000000),
(967, 47, 27, 4490.00000000),
(968, 48, 27, 5104138.00000000),
(969, 49, 27, 4291732.00000000),
(970, 50, 27, 4892.00000000),
(971, 51, 27, 21979140.00000000),
(972, 52, 27, 13390.00000000),
(973, 53, 27, 2235275.00000000),
(974, 54, 27, 2060.00000000),
(975, 55, 27, 3337.00000000),
(976, 56, 27, 56661.00000000),
(977, 57, 27, 2232.00000000),
(978, 58, 27, 4512.00000000),
(979, 60, 27, 8892.00000000),
(980, 61, 27, 5680.00000000),
(981, 62, 27, 10215.00000000),
(982, 63, 27, 77167.00000000),
(983, 64, 27, 75827.00000000),
(984, 65, 27, 9841.00000000),
(985, 25, 28, 96224.00000000),
(986, 26, 28, 36000.00000000),
(987, 27, 28, 28595.00000000),
(988, 28, 28, 84942.00000000),
(989, 29, 28, 8498.00000000),
(990, 30, 28, 17482.00000000),
(991, 31, 28, 11634.00000000),
(992, 32, 28, 312.00000000),
(993, 33, 28, 981.00000000),
(994, 34, 28, 286.00000000),
(995, 35, 28, 178.00000000),
(996, 36, 28, 251.00000000),
(997, 37, 28, 9260.00000000),
(998, 38, 28, 94159.00000000),
(999, 40, 28, 28846.00000000),
(1000, 41, 28, 81325.00000000),
(1001, 42, 28, 15300421.00000000),
(1002, 44, 28, 29821.00000000),
(1003, 45, 28, 4958.00000000),
(1004, 46, 28, 18350.00000000),
(1005, 47, 28, 7719.00000000),
(1006, 48, 28, 619276.00000000),
(1007, 49, 28, 3778359.00000000),
(1008, 50, 28, 5227.00000000),
(1009, 51, 28, 20309754.00000000),
(1010, 52, 28, 12940.00000000),
(1011, 53, 28, 2166954.00000000),
(1012, 54, 28, 19314.00000000),
(1013, 55, 28, 5694.00000000),
(1014, 56, 28, 58100.00000000),
(1015, 57, 28, 20448.00000000),
(1016, 58, 28, 10362.00000000),
(1017, 60, 28, 6686.00000000),
(1018, 61, 28, 7333.00000000),
(1019, 62, 28, 10325.00000000),
(1020, 63, 28, 81202.00000000),
(1021, 64, 28, 84596.00000000),
(1022, 65, 28, 9460.00000000),
(1023, 25, 29, 99360.00000000),
(1024, 26, 29, 37200.00000000),
(1025, 27, 29, 26640.00000000),
(1026, 28, 29, 90800.00000000),
(1027, 29, 29, 8820.00000000),
(1028, 30, 29, 20400.00000000),
(1029, 31, 29, 12000.00000000),
(1030, 32, 29, 323.00000000),
(1031, 33, 29, 1113.00000000),
(1032, 34, 29, 397.00000000),
(1033, 35, 29, 186.00000000),
(1034, 36, 29, 283.00000000),
(1035, 37, 29, 9360.00000000),
(1036, 38, 29, 119592.00000000),
(1037, 40, 29, 28988.00000000),
(1038, 41, 29, 79754.00000000),
(1039, 42, 29, 14683995.00000000),
(1040, 44, 29, 18651.00000000),
(1041, 45, 29, 4845.00000000),
(1042, 46, 29, 1804.00000000),
(1043, 47, 29, 7336.00000000),
(1044, 48, 29, 1327293.00000000),
(1045, 49, 29, 4362310.00000000),
(1046, 50, 29, 4890.00000000),
(1047, 51, 29, 21967963.00000000),
(1048, 52, 29, 13386.00000000),
(1049, 53, 29, 2027294.00000000),
(1050, 54, 29, 36731.00000000),
(1051, 55, 29, 4563.00000000),
(1052, 56, 29, 58554.00000000),
(1053, 57, 29, 21398.00000000),
(1054, 58, 29, 10795.00000000),
(1055, 60, 29, 7035.00000000),
(1056, 61, 29, 7422.00000000),
(1057, 62, 29, 10174.00000000),
(1058, 63, 29, 78705.00000000),
(1059, 64, 29, 81867.00000000),
(1060, 65, 29, 9109.00000000),
(1061, 25, 30, 97920.00000000),
(1062, 26, 30, 36000.00000000),
(1063, 27, 30, 25200.00000000),
(1064, 28, 30, 92400.00000000),
(1065, 29, 30, 8400.00000000),
(1066, 30, 30, 21600.00000000),
(1067, 31, 30, 11520.00000000),
(1068, 32, 30, 309.00000000),
(1069, 33, 30, 997.00000000),
(1070, 34, 30, 362.00000000),
(1071, 35, 30, 200.00000000),
(1072, 36, 30, 254.00000000),
(1073, 37, 30, 9120.00000000),
(1074, 38, 30, 115734.00000000),
(1075, 40, 30, 29488.00000000),
(1076, 41, 30, 71471.00000000),
(1077, 42, 30, 14927162.00000000),
(1078, 44, 30, 13895.00000000),
(1079, 45, 30, 4134.00000000),
(1080, 46, 30, 2117.00000000),
(1081, 47, 30, 7711.00000000),
(1082, 48, 30, 1160168.00000000),
(1083, 49, 30, 6247539.00000000),
(1084, 50, 30, 4896.00000000),
(1085, 51, 30, 21520415.00000000),
(1086, 52, 30, 6460.00000000),
(1087, 53, 30, 2039640.00000000),
(1088, 54, 30, 35703.00000000),
(1089, 55, 30, 7132.00000000),
(1090, 56, 30, 56546.00000000),
(1091, 57, 30, 37362.00000000),
(1092, 58, 30, 3515.00000000),
(1093, 60, 30, 6705.00000000),
(1094, 61, 30, 7459.00000000),
(1095, 62, 30, 10011.00000000),
(1096, 63, 30, 69817.00000000),
(1097, 64, 30, 79386.00000000),
(1098, 65, 30, 8766.00000000),
(1099, 24, 31, 20.00000000),
(1100, 25, 31, 97680.00000000),
(1101, 26, 31, 32400.00000000),
(1102, 27, 31, 27120.00000000),
(1103, 28, 31, 101200.00000000),
(1104, 29, 31, 8330.00000000),
(1105, 30, 31, 20400.00000000),
(1106, 31, 31, 12000.00000000),
(1107, 32, 31, 310.00000000),
(1108, 33, 31, 898.00000000),
(1109, 34, 31, 376.00000000),
(1110, 35, 31, 241.00000000),
(1111, 36, 31, 293.00000000),
(1112, 37, 31, 10560.00000000),
(1113, 38, 31, 249504.00000000),
(1114, 40, 31, 29917.00000000),
(1115, 41, 31, 61475.00000000),
(1116, 42, 31, 14302031.00000000),
(1117, 44, 31, 12239.00000000),
(1118, 45, 31, 4183.00000000),
(1119, 46, 31, 2598.00000000),
(1120, 47, 31, 7833.00000000),
(1121, 48, 31, 1460678.00000000),
(1122, 49, 31, 6165629.00000000),
(1123, 50, 31, 4913.00000000),
(1124, 51, 31, 22312824.00000000),
(1125, 52, 31, 3675.00000000),
(1126, 53, 31, 2241459.00000000),
(1127, 54, 31, 37257.00000000),
(1128, 55, 31, 7831.00000000),
(1129, 56, 31, 58655.00000000),
(1130, 57, 31, 38007.00000000),
(1131, 58, 31, 1840.00000000),
(1132, 60, 31, 6938.00000000),
(1133, 61, 31, 7764.00000000),
(1134, 62, 31, 10269.00000000),
(1135, 63, 31, 77977.00000000),
(1136, 64, 31, 83980.00000000),
(1137, 65, 31, 16445.00000000),
(1138, 25, 32, 101040.00000000),
(1139, 26, 32, 33600.00000000),
(1140, 27, 32, 27840.00000000),
(1141, 28, 32, 92400.00000000),
(1142, 29, 32, 7700.00000000),
(1143, 30, 32, 21600.00000000),
(1144, 31, 32, 12000.00000000),
(1145, 32, 32, 310.00000000),
(1146, 33, 32, 1097.00000000),
(1147, 34, 32, 348.00000000),
(1148, 35, 32, 250.00000000),
(1149, 36, 32, 281.00000000),
(1150, 37, 32, 9600.00000000),
(1151, 38, 32, 131688.00000000),
(1152, 40, 32, 27703.00000000),
(1153, 41, 32, 53621.00000000),
(1154, 42, 32, 14211778.00000000),
(1155, 44, 32, 30953.00000000),
(1156, 45, 32, 4098.00000000),
(1157, 46, 32, 24533.00000000),
(1158, 47, 32, 8025.00000000),
(1159, 48, 32, 2533422.00000000),
(1160, 49, 32, 4206700.00000000),
(1161, 50, 32, 4500.00000000),
(1162, 51, 32, 22270654.00000000),
(1163, 52, 32, 6012.00000000),
(1164, 53, 32, 2241710.00000000),
(1165, 54, 32, 36245.00000000),
(1166, 55, 32, 5928.00000000),
(1167, 56, 32, 58015.00000000),
(1168, 57, 32, 36840.00000000),
(1169, 58, 32, 5170.00000000),
(1170, 60, 32, 6927.00000000),
(1171, 61, 32, 7377.00000000),
(1172, 62, 32, 10083.00000000),
(1173, 63, 32, 75924.00000000),
(1174, 64, 32, 68037.00000000),
(1175, 65, 32, 30031.00000000),
(1176, 25, 33, 98160.00000000),
(1177, 26, 33, 34800.00000000),
(1178, 27, 33, 27120.00000000),
(1179, 28, 33, 93600.00000000),
(1180, 29, 33, 7784.00000000),
(1181, 30, 33, 20400.00000000),
(1182, 31, 33, 12240.00000000),
(1183, 32, 33, 310.00000000),
(1184, 33, 33, 1031.00000000),
(1185, 34, 33, 387.00000000),
(1186, 35, 33, 231.00000000),
(1187, 36, 33, 287.00000000),
(1188, 37, 33, 9600.00000000),
(1189, 38, 33, 129648.00000000),
(1190, 40, 33, 24919.00000000),
(1191, 41, 33, 47981.00000000),
(1192, 42, 33, 14582763.00000000),
(1193, 44, 33, 12271.00000000),
(1194, 45, 33, 1450.00000000),
(1195, 46, 33, 19649.00000000),
(1196, 47, 33, 7698.00000000),
(1197, 48, 33, 1118924.00000000),
(1198, 49, 33, 6460210.00000000),
(1199, 50, 33, 8982.00000000),
(1200, 51, 33, 21547424.00000000),
(1201, 52, 33, 3705.00000000),
(1202, 53, 33, 2169406.00000000),
(1203, 54, 33, 33348.00000000),
(1204, 55, 33, 7042.00000000),
(1205, 56, 33, 54685.00000000),
(1206, 57, 33, 32310.00000000),
(1207, 58, 33, 2607.00000000),
(1208, 60, 33, 6256.00000000),
(1209, 61, 33, 5954.00000000),
(1210, 62, 33, 9264.00000000),
(1211, 63, 33, 64981.00000000),
(1212, 64, 33, 67478.00000000),
(1213, 65, 33, 25004.00000000),
(1214, 25, 34, 101280.00000000),
(1215, 26, 34, 34800.00000000),
(1216, 27, 34, 29040.00000000),
(1217, 28, 34, 97200.00000000),
(1218, 29, 34, 7994.00000000),
(1219, 30, 34, 21600.00000000),
(1220, 31, 34, 12000.00000000),
(1221, 32, 34, 310.00000000),
(1222, 33, 34, 1187.00000000),
(1223, 34, 34, 365.00000000),
(1224, 35, 34, 248.00000000),
(1225, 36, 34, 374.00000000),
(1226, 37, 34, 10320.00000000),
(1227, 38, 34, 135048.00000000),
(1228, 40, 34, 28203.00000000),
(1229, 41, 34, 58048.00000000),
(1230, 42, 34, 14872748.00000000),
(1231, 44, 34, 28768.00000000),
(1232, 45, 34, 2143.00000000),
(1233, 46, 34, 17396.00000000),
(1234, 47, 34, 5400.00000000),
(1235, 48, 34, 2723537.00000000),
(1236, 49, 34, 6426315.00000000),
(1237, 50, 34, 3557.00000000),
(1238, 51, 34, 22234084.00000000),
(1239, 52, 34, 13410.00000000),
(1240, 53, 34, 2240973.00000000),
(1241, 54, 34, 33608.00000000),
(1242, 55, 34, 7434.00000000),
(1243, 56, 34, 55899.00000000),
(1244, 57, 34, 28947.00000000),
(1245, 58, 34, 4618.00000000),
(1246, 60, 34, 6019.00000000),
(1247, 61, 34, 5127.00000000),
(1248, 62, 34, 9220.00000000),
(1249, 63, 34, 71148.00000000),
(1250, 64, 34, 54970.00000000),
(1251, 65, 34, 31592.00000000),
(1252, 25, 35, 100800.00000000),
(1253, 26, 35, 36000.00000000),
(1254, 27, 35, 28320.00000000),
(1255, 28, 35, 99200.00000000),
(1256, 29, 35, 8106.00000000),
(1257, 30, 35, 20400.00000000),
(1258, 31, 35, 11520.00000000),
(1259, 32, 35, 310.00000000),
(1260, 33, 35, 1209.00000000),
(1261, 34, 35, 355.00000000),
(1262, 35, 35, 218.00000000),
(1263, 36, 35, 335.00000000),
(1264, 37, 35, 9600.00000000),
(1265, 38, 35, 127824.00000000),
(1266, 40, 35, 28489.00000000),
(1267, 41, 35, 59976.00000000),
(1268, 42, 35, 14609736.00000000),
(1269, 44, 35, 26166.00000000),
(1270, 45, 35, 3501.00000000),
(1271, 46, 35, 13605.00000000),
(1272, 47, 35, 5109.00000000),
(1273, 48, 35, 3209597.00000000),
(1274, 49, 35, 8531730.00000000),
(1275, 50, 35, 7809.00000000),
(1276, 51, 35, 21055001.00000000),
(1277, 52, 35, 12960.00000000),
(1278, 53, 35, 2166130.00000000),
(1279, 54, 35, 31459.00000000),
(1280, 55, 35, 5490.00000000),
(1281, 56, 35, 53289.00000000),
(1282, 57, 35, 27646.00000000),
(1283, 58, 35, 9970.00000000),
(1284, 60, 35, 5947.00000000),
(1285, 61, 35, 4231.00000000),
(1286, 62, 35, 8610.00000000),
(1287, 63, 35, 67062.00000000),
(1288, 64, 35, 71896.00000000),
(1289, 65, 35, 34850.00000000),
(1290, 25, 36, 104640.00000000),
(1291, 26, 36, 42000.00000000),
(1292, 27, 36, 29040.00000000),
(1293, 28, 36, 101200.00000000),
(1294, 29, 36, 8610.00000000),
(1295, 30, 36, 22800.00000000),
(1296, 31, 36, 12960.00000000),
(1297, 32, 36, 310.00000000),
(1298, 33, 36, 1186.00000000),
(1299, 34, 36, 382.00000000),
(1300, 35, 36, 213.00000000),
(1301, 36, 36, 369.00000000),
(1302, 37, 36, 10320.00000000),
(1303, 38, 36, 127776.00000000),
(1304, 40, 36, 28774.00000000),
(1305, 41, 36, 60619.00000000),
(1306, 42, 36, 14451098.00000000),
(1307, 44, 36, 25653.00000000),
(1308, 45, 36, 3963.00000000),
(1309, 46, 36, 11948.00000000),
(1310, 47, 36, 5036.00000000),
(1311, 48, 36, 3621307.00000000),
(1312, 49, 36, 4742536.00000000),
(1313, 50, 36, 3054.00000000),
(1314, 51, 36, 21929563.00000000),
(1315, 52, 36, 13351.00000000),
(1316, 53, 36, 2240814.00000000),
(1317, 54, 36, 31291.00000000),
(1318, 55, 36, 4130.00000000),
(1319, 56, 36, 53458.00000000),
(1320, 57, 36, 26529.00000000),
(1321, 58, 36, 10648.00000000),
(1322, 60, 36, 6120.00000000),
(1323, 61, 36, 4118.00000000),
(1324, 62, 36, 8612.00000000),
(1325, 63, 36, 69059.00000000),
(1326, 65, 36, 37711.00000000),
(1327, 24, 37, 9212.00000003),
(1328, 25, 37, 90400.00000000),
(1329, 26, 37, 11040.00000000),
(1330, 27, 37, 121704.00000000),
(1331, 28, 37, 375.00000000),
(1332, 30, 37, 12240.00000000),
(1333, 31, 37, 21600.00000000),
(1334, 32, 37, 108240.00000000),
(1335, 33, 37, 30000.00000000),
(1336, 34, 37, 38400.00000000),
(1337, 35, 37, 310.00000000),
(1338, 36, 37, 1282.00000000),
(1339, 37, 37, 213.00000000),
(1340, 38, 37, 319.00000000),
(1341, 40, 37, 25990.00000000),
(1342, 41, 37, 55621.00000000),
(1343, 42, 37, 9466037.00000000),
(1344, 44, 37, 26660.00000000),
(1345, 45, 37, 1669.00000000),
(1346, 46, 37, 9561.00000000),
(1347, 47, 37, 5150.00000000),
(1348, 48, 37, 1811284.00000000),
(1349, 49, 37, 4830088.00000000),
(1350, 50, 37, 3069.00000000),
(1351, 51, 37, 21026191.00000000),
(1352, 52, 37, 13354.00000000),
(1353, 53, 37, 2239838.00000000),
(1354, 54, 37, 5887.00000000),
(1355, 55, 37, 2883.00000000),
(1356, 56, 37, 53525.00000000),
(1357, 57, 37, 25665.00000000),
(1358, 58, 37, 10545.00000000),
(1359, 59, 37, 1.00000000),
(1360, 60, 37, 6177.00000000),
(1361, 61, 37, 4028.00000000),
(1362, 62, 37, 8103.00000000),
(1363, 63, 37, 64439.00000000),
(1364, 64, 37, 77787.00000000),
(1365, 65, 37, 33567.00000000),
(1366, 24, 38, 7755.99999995),
(1367, 25, 38, 82400.00000000),
(1368, 26, 38, 9360.00000000),
(1369, 27, 38, 107976.00000000),
(1370, 28, 38, 371.00000000),
(1371, 30, 38, 10800.00000000),
(1372, 31, 38, 19200.00000000),
(1373, 32, 38, 94560.00000000),
(1374, 33, 38, 25920.00000000),
(1375, 34, 38, 32400.00000000),
(1376, 35, 38, 310.00000000),
(1377, 36, 38, 1067.00000000),
(1378, 37, 38, 181.00000000),
(1379, 38, 38, 283.00000000),
(1380, 40, 38, 27632.00000000),
(1381, 41, 38, 59191.00000000),
(1382, 42, 38, 12512696.00000000),
(1383, 44, 38, 25147.00000000),
(1384, 45, 38, 6371.00000000),
(1385, 46, 38, 10398.00000000),
(1386, 47, 38, 4723.00000000),
(1387, 48, 38, 2281171.00000000),
(1388, 49, 38, 4414783.00000000),
(1389, 50, 38, 2983.00000000),
(1390, 51, 38, 19738704.00000000),
(1391, 52, 38, 12093.00000000),
(1392, 53, 38, 2022589.00000000),
(1393, 54, 38, 3474.00000000),
(1394, 56, 38, 49405.00000000),
(1395, 57, 38, 23076.00000000),
(1396, 58, 38, 9805.00000000),
(1397, 60, 38, 5779.00000000),
(1398, 61, 38, 4108.00000000),
(1399, 62, 38, 3226.00000000),
(1400, 63, 38, 57096.00000000),
(1401, 64, 38, 71506.00000000),
(1402, 65, 38, 37463.00000000),
(1403, 24, 39, 8764.00000005),
(1404, 25, 39, 94000.00000000),
(1405, 26, 39, 10320.00000000),
(1406, 27, 39, 122496.00000000),
(1407, 28, 39, 466.00000000),
(1408, 30, 39, 12000.00000000),
(1409, 31, 39, 21600.00000000),
(1410, 32, 39, 108000.00000000),
(1411, 33, 39, 28080.00000000),
(1412, 34, 39, 38400.00000000),
(1413, 35, 39, 310.00000000),
(1414, 36, 39, 1161.00000000),
(1415, 37, 39, 204.00000000),
(1416, 38, 39, 288.00000000),
(1417, 40, 39, 26989.00000000),
(1418, 41, 39, 64474.00000000),
(1419, 42, 39, 13910688.00000000),
(1420, 43, 39, 285600.00000000),
(1421, 44, 39, 30992.00000000),
(1422, 45, 39, 7153.00000000),
(1423, 46, 39, 2799.00000000),
(1424, 47, 39, 5624.00000000),
(1425, 48, 39, 3026617.00000000),
(1426, 49, 39, 7951954.00000000),
(1427, 50, 39, 3825.00000000),
(1428, 51, 39, 21106228.00000000),
(1429, 52, 39, 13389.00000000),
(1430, 53, 39, 2240472.00000000),
(1431, 54, 39, 3258.00000000),
(1432, 55, 39, 732.00000000),
(1433, 56, 39, 57048.00000000),
(1434, 57, 39, 33848.00000000),
(1435, 58, 39, 11056.00000000),
(1436, 60, 39, 6517.00000000),
(1437, 61, 39, 6026.00000000),
(1438, 62, 39, 7511.00000000),
(1439, 63, 39, 69203.00000000),
(1440, 64, 39, 83118.00000000),
(1441, 65, 39, 44877.00000000),
(1442, 69, 39, 16450.00000000),
(1443, 24, 40, 8497.99999997),
(1444, 25, 40, 86400.00000000),
(1445, 26, 40, 8880.00000000),
(1446, 27, 40, 109584.00000000),
(1447, 28, 40, 355.00000000),
(1448, 30, 40, 11040.00000000),
(1449, 31, 40, 21600.00000000),
(1450, 32, 40, 100080.00000000),
(1451, 33, 40, 26640.00000000),
(1452, 34, 40, 34800.00000000),
(1453, 35, 40, 310.00000000),
(1454, 36, 40, 1055.00000000),
(1455, 37, 40, 217.00000000),
(1456, 38, 40, 327.00000000),
(1457, 40, 40, 30773.00000000),
(1458, 41, 40, 81039.00000000),
(1459, 42, 40, 13502052.00000000),
(1460, 43, 40, 362420.00000000),
(1461, 44, 40, 29931.00000000),
(1462, 45, 40, 6896.00000000),
(1463, 46, 40, 2368.00000000),
(1464, 47, 40, 5712.00000000),
(1465, 48, 40, 2608571.00000000),
(1466, 49, 40, 6443437.00000000),
(1467, 50, 40, 8921.00000000),
(1468, 51, 40, 20986656.00000000),
(1469, 52, 40, 12852.00000000),
(1470, 53, 40, 2165991.00000000),
(1471, 54, 40, 7668.00000000),
(1472, 55, 40, 371.00000000),
(1473, 56, 40, 55967.00000000),
(1474, 57, 40, 36817.00000000),
(1475, 58, 40, 10761.00000000),
(1476, 60, 40, 4458.00000000),
(1477, 61, 40, 6178.00000000),
(1478, 62, 40, 7684.00000000),
(1479, 63, 40, 70791.00000000),
(1480, 64, 40, 81674.00000000),
(1481, 65, 40, 41816.00000000),
(1482, 69, 40, 36414.00000000),
(1483, 24, 41, 7280.00000000),
(1484, 25, 41, 89600.00000000),
(1485, 26, 41, 10560.00000000),
(1486, 27, 41, 132480.00000000),
(1487, 28, 41, 395.00000000),
(1488, 29, 41, 33920.00000001),
(1489, 30, 41, 12000.00000000),
(1490, 31, 41, 21600.00000000),
(1491, 32, 41, 104160.00000000),
(1492, 33, 41, 27600.00000000),
(1493, 34, 41, 37200.00000000),
(1494, 35, 41, 310.00000000),
(1495, 36, 41, 1014.00000000),
(1496, 37, 41, 208.00000000),
(1497, 38, 41, 336.00000000),
(1498, 40, 41, 25490.00000000),
(1499, 41, 41, 60690.00000000),
(1500, 42, 41, 14518379.00000000),
(1501, 43, 41, 358720.00000000),
(1502, 44, 41, 30978.00000000),
(1503, 45, 41, 7039.00000000),
(1504, 46, 41, 2154.00000000),
(1505, 47, 41, 5929.00000000),
(1506, 48, 41, 1180341.00000000),
(1507, 49, 41, 11253153.00000000),
(1508, 50, 41, 5014.00000000),
(1509, 51, 41, 22175510.00000000),
(1510, 52, 41, 13347.00000000),
(1511, 53, 41, 2241491.00000000),
(1512, 54, 41, 23076.00000000),
(1513, 55, 41, 1801.00000000),
(1514, 56, 41, 58094.00000000),
(1515, 57, 41, 36234.00000000),
(1516, 58, 41, 11109.00000000),
(1517, 60, 41, 4801.00000000),
(1518, 61, 41, 6813.00000000),
(1519, 62, 41, 8413.00000000),
(1520, 63, 41, 72123.00000000),
(1521, 64, 41, 65199.00000000),
(1522, 65, 41, 44463.00000000),
(1523, 69, 41, 41504.00000000),
(1524, 24, 42, 7980.00000000),
(1525, 25, 42, 88000.00000000),
(1526, 26, 42, 9840.00000000),
(1527, 27, 42, 127200.00000000),
(1528, 28, 42, 369.00000000),
(1529, 30, 42, 11520.00000000),
(1530, 31, 42, 19200.00000000),
(1531, 32, 42, 99840.00000000),
(1532, 33, 42, 24000.00000000),
(1533, 34, 42, 34800.00000000),
(1534, 35, 42, 310.00000000),
(1535, 36, 42, 1001.00000000),
(1536, 37, 42, 224.00000000),
(1537, 38, 42, 304.00000000),
(1538, 40, 42, 28988.00000000),
(1539, 41, 42, 53907.00000000),
(1540, 42, 42, 13291879.00000000),
(1541, 43, 42, 340784.00000000),
(1542, 44, 42, 12670.00000000),
(1543, 45, 42, 11951.00000000),
(1544, 46, 42, 16193.00000000),
(1545, 47, 42, 5577.00000000),
(1546, 48, 42, 61928.00000000),
(1547, 49, 42, 8082922.00000000),
(1548, 50, 42, 5059.00000000),
(1549, 51, 42, 18926893.00000000),
(1550, 52, 42, 12928.00000000),
(1551, 53, 42, 1592738.00000000),
(1552, 54, 42, 13805.00000000),
(1553, 55, 42, 908.00000000),
(1554, 56, 42, 55715.00000000),
(1555, 57, 42, 33693.00000000),
(1556, 58, 42, 4303.00000000),
(1557, 60, 42, 4553.00000000),
(1558, 61, 42, 5161.00000000),
(1559, 62, 42, 8070.00000000),
(1560, 63, 42, 70381.00000000),
(1561, 64, 42, 85808.00000000),
(1562, 65, 42, 43047.00000000),
(1563, 69, 42, 22808.00000000),
(1564, 24, 43, 7980.00000000),
(1565, 25, 43, 83600.00000000),
(1566, 26, 43, 10320.00000000),
(1567, 27, 43, 134400.00000000),
(1568, 28, 43, 393.00000000),
(1569, 29, 43, 3440.00000000),
(1570, 30, 43, 12000.00000000),
(1571, 31, 43, 20400.00000000),
(1572, 32, 43, 100080.00000000),
(1573, 33, 43, 20880.00000000),
(1574, 34, 43, 37200.00000000),
(1575, 35, 43, 310.00000000),
(1576, 36, 43, 980.00000000),
(1577, 37, 43, 183.00000000),
(1578, 38, 43, 272.00000000),
(1579, 40, 43, 24990.00000000),
(1580, 41, 43, 42126.00000000),
(1581, 42, 43, 13571796.00000000),
(1582, 43, 43, 340784.00000000),
(1583, 44, 43, 32218.00000000),
(1584, 45, 43, 12487.00000000),
(1585, 46, 43, 19325.00000000),
(1586, 47, 43, 5624.00000000),
(1587, 48, 43, 2683361.00000000),
(1588, 50, 43, 8652.00000000),
(1589, 51, 43, 21999100.00000000),
(1590, 52, 43, 9712.00000000),
(1591, 53, 43, 2242146.00000000),
(1592, 54, 43, 33409.00000000),
(1593, 55, 43, 767.00000000),
(1594, 56, 43, 58546.00000000),
(1595, 57, 43, 36149.00000000),
(1596, 58, 43, 10780.00000000),
(1597, 60, 43, 4593.00000000),
(1598, 61, 43, 5687.00000000),
(1599, 62, 43, 8610.00000000),
(1600, 63, 43, 74176.00000000),
(1601, 64, 43, 68397.00000000),
(1602, 65, 43, 44721.00000000),
(1603, 69, 43, 37739.00000000),
(1604, 24, 44, 8330.00000000),
(1605, 25, 44, 90400.00000000),
(1606, 26, 44, 10800.00000000),
(1607, 27, 44, 141216.00000000),
(1608, 28, 44, 437.00000000),
(1609, 29, 44, 100.00000000),
(1610, 30, 44, 12720.00000000),
(1611, 31, 44, 20400.00000000),
(1612, 32, 44, 100800.00000000),
(1613, 33, 44, 20640.00000000),
(1614, 34, 44, 36000.00000000),
(1615, 35, 44, 310.00000000),
(1616, 36, 44, 2020.00000000),
(1617, 37, 44, 170.00000000),
(1618, 38, 44, 532.00000000),
(1619, 40, 44, 29345.00000000),
(1620, 41, 44, 56049.00000000),
(1621, 42, 44, 13996181.00000000),
(1622, 43, 44, 378420.00000000),
(1623, 44, 44, 12634.00000000),
(1624, 45, 44, 12530.00000000),
(1625, 46, 44, 15254.00000000),
(1626, 47, 44, 5556.00000000),
(1627, 48, 44, 1357919.00000000),
(1628, 50, 44, 9131.00000000),
(1629, 51, 44, 21873613.00000000),
(1630, 52, 44, 4256.00000000),
(1631, 53, 44, 2242200.00000000),
(1632, 54, 44, 34193.00000000),
(1633, 55, 44, 617.00000000),
(1634, 56, 44, 57086.00000000),
(1635, 57, 44, 34998.00000000),
(1636, 58, 44, 1270.00000000),
(1637, 60, 44, 4478.00000000),
(1638, 61, 44, 4254.00000000),
(1639, 62, 44, 7981.00000000),
(1640, 63, 44, 32104.00000000),
(1641, 64, 44, 85424.00000000),
(1642, 65, 44, 46836.00000000),
(1643, 69, 44, 51748.00000000),
(1644, 25, 45, 78480.00000000),
(1645, 26, 45, 40800.00000000),
(1646, 27, 45, 19920.00000000),
(1647, 28, 45, 88000.00000000),
(1648, 29, 45, 8120.00000000),
(1649, 30, 45, 19200.00000000),
(1650, 31, 45, 11520.00000000),
(1651, 32, 45, 310.00000000),
(1652, 33, 45, 808.00000000),
(1653, 34, 45, 341.00000000),
(1654, 35, 45, 228.00000000),
(1655, 36, 45, 260.00000000),
(1656, 37, 45, 10560.00000000),
(1657, 38, 45, 133800.00000000),
(1658, 40, 45, 30059.00000000),
(1659, 41, 45, 54978.00000000),
(1660, 42, 45, 7714942.00000000),
(1661, 43, 45, 378420.00000000),
(1662, 45, 45, 11121.00000000),
(1663, 46, 45, 15721.00000000),
(1664, 47, 45, 5205.00000000),
(1665, 48, 45, 1054491.00000000),
(1666, 49, 45, 5406194.00000000),
(1667, 50, 45, 4127.00000000),
(1668, 51, 45, 21528386.00000000),
(1669, 52, 45, 2430.00000000),
(1670, 53, 45, 2170313.00000000),
(1671, 54, 45, 32491.00000000),
(1672, 55, 45, 582.00000000),
(1673, 56, 45, 59534.00000000),
(1674, 57, 45, 31624.00000000),
(1675, 58, 45, 2026.00000000),
(1676, 60, 45, 4111.00000000),
(1677, 61, 45, 4930.00000000),
(1678, 62, 45, 7865.00000000),
(1679, 63, 45, 29552.00000000),
(1680, 64, 45, 60577.00000000),
(1681, 65, 45, 43814.00000000),
(1682, 69, 45, 55856.00000000),
(1683, 24, 46, 8105.99999995),
(1684, 25, 46, 96000.00000000),
(1685, 26, 46, 11520.00000000),
(1686, 27, 46, 139727.99999999),
(1687, 28, 46, 381.00000000),
(1688, 30, 46, 9360.00000000),
(1689, 31, 46, 20400.00000000),
(1690, 32, 46, 96240.00000000),
(1691, 33, 46, 21840.00000000),
(1692, 34, 46, 37200.00000000),
(1693, 35, 46, 310.00000000),
(1694, 36, 46, 968.00000000),
(1695, 37, 46, 272.00000000),
(1696, 38, 46, 303.00000000),
(1697, 40, 46, 28203.00000000),
(1698, 41, 46, 50837.00000000),
(1699, 42, 46, 9101884.00000000),
(1700, 43, 46, 414120.00000000),
(1701, 45, 46, 6623.00000000),
(1702, 46, 46, 17971.00000000),
(1703, 47, 46, 5293.00000000),
(1704, 48, 46, 1841629.00000000),
(1705, 49, 46, 4034296.00000000),
(1706, 50, 46, 9309.00000000),
(1707, 51, 46, 21817899.00000000),
(1708, 52, 46, 5639.00000000),
(1709, 53, 46, 2245614.00000000),
(1710, 54, 46, 32657.00000000),
(1711, 55, 46, 2493.00000000),
(1712, 56, 46, 62333.00000000),
(1713, 57, 46, 18775.00000000),
(1714, 58, 46, 4231.00000000),
(1715, 60, 46, 3876.00000000),
(1716, 61, 46, 5036.00000000),
(1717, 62, 46, 8578.00000000),
(1718, 63, 46, 70139.00000000),
(1719, 64, 46, 85457.00000000),
(1720, 65, 46, 44959.00000000),
(1721, 69, 46, 55571.00000000),
(1722, 24, 47, 8372.00000000),
(1723, 25, 47, 96000.00000000),
(1724, 26, 47, 11760.00000000),
(1725, 27, 47, 132696.00000000),
(1726, 28, 47, 349.00000000),
(1727, 30, 47, 10320.00000000),
(1728, 31, 47, 19200.00000000),
(1729, 32, 47, 103920.00000000),
(1730, 33, 47, 25200.00000000),
(1731, 34, 47, 36000.00000000),
(1732, 35, 47, 410.00000000),
(1733, 36, 47, 1068.00000000),
(1734, 37, 47, 302.00000000),
(1735, 38, 47, 315.00000000),
(1736, 40, 47, 27846.00000000),
(1737, 41, 47, 28417.00000000),
(1738, 42, 47, 11882239.00000000),
(1739, 43, 47, 442680.00000000),
(1740, 45, 47, 8449.00000000),
(1741, 46, 47, 10829.00000000),
(1742, 47, 47, 5135.00000000),
(1743, 48, 47, 4612346.00000000),
(1744, 49, 47, 9730497.00000000),
(1745, 50, 47, 3102.00000000),
(1746, 51, 47, 20968765.00000000),
(1747, 52, 47, 12960.00000000),
(1748, 53, 47, 2169873.00000000),
(1749, 54, 47, 28956.00000000),
(1750, 55, 47, 4578.00000000),
(1751, 56, 47, 58783.00000000),
(1752, 57, 47, 28263.00000000),
(1753, 58, 47, 10397.00000000),
(1754, 60, 47, 3374.00000000);
INSERT INTO `energia_entregada` (`id`, `id_punto`, `id_fecha`, `energia`) VALUES
(1755, 61, 47, 4370.00000000),
(1756, 62, 47, 7724.00000000),
(1757, 63, 47, 69046.00000000),
(1758, 64, 47, 79129.00000000),
(1759, 65, 47, 40383.00000000),
(1760, 69, 47, 49202.00000000),
(1761, 25, 48, 106560.00000000),
(1762, 26, 48, 38400.00000000),
(1763, 27, 48, 26880.00000000),
(1764, 28, 48, 98800.00000000),
(1765, 29, 48, 9520.00000000),
(1766, 30, 48, 20400.00000000),
(1767, 31, 48, 10800.00000000),
(1768, 32, 48, 410.00000000),
(1769, 33, 48, 1114.00000000),
(1770, 34, 48, 309.00000000),
(1771, 35, 48, 254.00000000),
(1772, 36, 48, 246.00000000),
(1773, 37, 48, 12000.00000000),
(1774, 38, 48, 129120.00000000),
(1775, 40, 48, 29131.00000000),
(1776, 41, 48, 85252.00000000),
(1777, 42, 48, 13219349.00000000),
(1778, 43, 48, 506940.00000000),
(1779, 45, 48, 6790.00000000),
(1780, 47, 48, 5206.00000000),
(1781, 48, 48, 2859330.00000000),
(1782, 49, 48, 7144495.00000000),
(1783, 50, 48, 7852.00000000),
(1784, 51, 48, 21973364.00000000),
(1785, 53, 48, 2242563.00000000),
(1786, 54, 48, 28229.00000000),
(1787, 55, 48, 2755.00000000),
(1788, 56, 48, 61253.00000000),
(1789, 57, 48, 24196.00000000),
(1790, 58, 48, 10897.00000000),
(1791, 60, 48, 2393.00000000),
(1792, 61, 48, 4375.00000000),
(1793, 62, 48, 3581.00000000),
(1794, 63, 48, 66760.00000000),
(1795, 64, 48, 84014.00000000),
(1796, 65, 48, 42127.00000000),
(1797, 69, 48, 49200.00000000),
(1798, 25, 49, 117120.00000000),
(1799, 26, 49, 37200.00000000),
(1800, 27, 49, 26400.00000000),
(1801, 28, 49, 98800.00000000),
(1802, 29, 49, 9337.99999997),
(1803, 30, 49, 19200.00000000),
(1804, 31, 49, 11280.00000000),
(1805, 32, 49, 410.00000000),
(1806, 33, 49, 1078.00000000),
(1807, 34, 49, 348.00000000),
(1808, 35, 49, 214.00000000),
(1809, 36, 49, 230.00000000),
(1810, 37, 49, 12000.00000000),
(1811, 38, 49, 119520.00000000),
(1812, 40, 49, 33558.00000000),
(1813, 41, 49, 55335.00000000),
(1814, 42, 49, 13517790.00000000),
(1815, 43, 49, 471240.00000000),
(1816, 45, 49, 6869.00000000),
(1817, 47, 49, 5151.00000000),
(1818, 48, 49, 2928257.00000000),
(1819, 49, 49, 11768268.00000000),
(1820, 50, 49, 3304.00000000),
(1821, 51, 49, 21578999.00000000),
(1822, 53, 49, 2241899.00000000),
(1823, 54, 49, 7898.00000000),
(1824, 55, 49, 2115.00000000),
(1825, 56, 49, 61403.00000000),
(1826, 57, 49, 28676.00000000),
(1827, 58, 49, 10555.00000000),
(1828, 60, 49, 2123.00000000),
(1829, 61, 49, 3996.00000000),
(1830, 62, 49, 7988.00000000),
(1831, 63, 49, 65108.00000000),
(1832, 64, 49, 79613.00000000),
(1833, 65, 49, 42850.00000000),
(1834, 69, 49, 54915.00000000),
(1835, 25, 50, 94320.00000000),
(1836, 26, 50, 33600.00000000),
(1837, 27, 50, 24720.00000000),
(1838, 28, 50, 88000.00000000),
(1839, 29, 50, 8246.00000008),
(1840, 30, 50, 16800.00000000),
(1841, 31, 50, 10560.00000000),
(1842, 32, 50, 410.00000000),
(1843, 33, 50, 880.00000000),
(1844, 34, 50, 379.00000000),
(1845, 35, 50, 213.00000000),
(1846, 36, 50, 178.00000000),
(1847, 37, 50, 12000.00000000),
(1848, 38, 50, 100992.00000001),
(1849, 40, 50, 26061.00000000),
(1850, 41, 50, 51979.00000000),
(1851, 42, 50, 11920855.00000000),
(1852, 43, 50, 471240.00000000),
(1853, 45, 50, 6308.00000000),
(1854, 47, 50, 4648.00000000),
(1855, 48, 50, 2959573.00000000),
(1856, 49, 50, 11472275.00000000),
(1857, 50, 50, 3648.00000000),
(1858, 51, 50, 19100299.00000000),
(1859, 53, 50, 2025649.00000000),
(1860, 54, 50, 10489.00000000),
(1861, 55, 50, 1036.00000000),
(1862, 56, 50, 54196.00000000),
(1863, 57, 50, 26948.00000000),
(1864, 58, 50, 9598.00000000),
(1865, 60, 50, 569.00000000),
(1866, 61, 50, 3801.00000000),
(1867, 62, 50, 7346.00000000),
(1868, 63, 50, 64947.00000000),
(1869, 64, 50, 72405.00000000),
(1870, 65, 50, 38550.00000000),
(1871, 66, 50, 1805.00000000),
(1872, 69, 50, 50214.00000000),
(1873, 25, 51, 108720.00000000),
(1874, 26, 51, 34800.00000000),
(1875, 27, 51, 28320.00000000),
(1876, 28, 51, 96800.00000000),
(1877, 29, 51, 8791.99999999),
(1878, 30, 51, 20400.00000000),
(1879, 31, 51, 11520.00000000),
(1880, 32, 51, 410.00000000),
(1881, 33, 51, 984.00000000),
(1882, 34, 51, 409.00000000),
(1883, 35, 51, 227.00000000),
(1884, 36, 51, 216.00000000),
(1885, 37, 51, 12000.00000000),
(1886, 38, 51, 117695.99999999),
(1887, 40, 51, 31416.00000000),
(1888, 41, 51, 75827.00000000),
(1889, 42, 51, 15039254.00000000),
(1890, 43, 51, 471240.00000000),
(1891, 45, 51, 7367.00000000),
(1892, 46, 51, 20225.00000000),
(1893, 47, 51, 5285.00000000),
(1894, 48, 51, 1834915.00000000),
(1895, 49, 51, 12625323.00000000),
(1896, 50, 51, 8340.00000000),
(1897, 51, 51, 20252297.00000000),
(1898, 52, 51, 13392.00000000),
(1899, 53, 51, 2243090.00000000),
(1900, 54, 51, 29437.00000000),
(1901, 55, 51, 944.00000000),
(1902, 56, 51, 15237.00000000),
(1903, 57, 51, 33295.00000000),
(1904, 58, 51, 11028.00000000),
(1905, 60, 51, 557.00000000),
(1906, 61, 51, 5090.00000000),
(1907, 62, 51, 8472.00000000),
(1908, 63, 51, 76928.00000000),
(1909, 64, 51, 88126.00000000),
(1910, 65, 51, 41753.00000000),
(1911, 66, 51, 2024.00000000),
(1912, 69, 51, 55999.00000000),
(1913, 24, 52, 8330.00000000),
(1914, 25, 52, 93600.00000000),
(1915, 26, 52, 12000.00000000),
(1916, 27, 52, 118560.00000000),
(1917, 28, 52, 405.00000000),
(1918, 30, 52, 10800.00000000),
(1919, 31, 52, 20930.00000000),
(1920, 32, 52, 105360.00000000),
(1921, 33, 52, 27120.00000000),
(1922, 34, 52, 38400.00000000),
(1923, 35, 52, 410.00000000),
(1924, 36, 52, 834.00000000),
(1925, 37, 52, 223.00000000),
(1926, 38, 52, 233.00000000),
(1927, 40, 52, 22848.00000000),
(1928, 41, 52, 73542.00000000),
(1929, 42, 52, 15114472.00000000),
(1930, 43, 52, 471240.00000000),
(1931, 45, 52, 8280.00000000),
(1932, 46, 52, 25798.00000000),
(1933, 47, 52, 5314.00000000),
(1934, 49, 52, 15861703.00000000),
(1935, 50, 52, 3954.00000000),
(1936, 51, 52, 21276465.00000000),
(1937, 52, 52, 12942.00000000),
(1938, 53, 52, 2169552.00000000),
(1939, 54, 52, 31837.00000000),
(1940, 55, 52, 1190.00000000),
(1941, 56, 52, 56860.00000000),
(1942, 57, 52, 36094.00000000),
(1943, 58, 52, 10660.00000000),
(1944, 60, 52, 560.00000000),
(1945, 61, 52, 5243.00000000),
(1946, 62, 52, 8746.00000000),
(1947, 63, 52, 82467.00000000),
(1948, 64, 52, 86616.00000000),
(1949, 65, 52, 43958.00000000),
(1950, 66, 52, 1921.00000000),
(1951, 69, 52, 54216.00000000),
(1952, 24, 53, 8694.00000005),
(1953, 25, 53, 103600.00000000),
(1954, 26, 53, 12000.00000000),
(1955, 27, 53, 127607.99999999),
(1956, 28, 53, 406.00000000),
(1957, 29, 53, 39159.99999999),
(1958, 30, 53, 10080.00000000),
(1959, 31, 53, 23721.00000000),
(1960, 32, 53, 105600.00000000),
(1961, 33, 53, 27600.00000000),
(1962, 34, 53, 85200.00000000),
(1963, 35, 53, 410.00000000),
(1964, 36, 53, 918.00000000),
(1965, 37, 53, 213.00000000),
(1966, 38, 53, 350.00000000),
(1967, 40, 53, 15351.00000000),
(1968, 41, 53, 102673.00000000),
(1969, 42, 53, 16399168.00000000),
(1970, 43, 53, 471240.00000000),
(1971, 45, 53, 9649.00000000),
(1972, 46, 53, 27553.00000000),
(1973, 47, 53, 5940.00000000),
(1974, 48, 53, 239307.00000000),
(1975, 49, 53, 15934165.00000000),
(1976, 50, 53, 4940.00000000),
(1977, 51, 53, 21030935.00000000),
(1978, 52, 53, 13392.00000000),
(1979, 53, 53, 2246101.00000000),
(1980, 54, 53, 33860.00000000),
(1981, 55, 53, 885.00000000),
(1982, 56, 53, 65665.00000000),
(1983, 57, 53, 40872.00000000),
(1984, 58, 53, 11167.00000000),
(1985, 60, 53, 600.00000000),
(1986, 61, 53, 5290.00000000),
(1987, 62, 53, 9418.00000000),
(1988, 63, 53, 87478.00000000),
(1989, 64, 53, 87336.00000000),
(1990, 65, 53, 44264.00000000),
(1991, 69, 53, 56362.00000000),
(1992, 24, 54, 7980.00000000),
(1993, 25, 54, 98400.00000000),
(1994, 26, 54, 12000.00000000),
(1995, 27, 54, 140016.00000000),
(1996, 28, 54, 395.00000000),
(1997, 30, 54, 9840.00000000),
(1998, 31, 54, 25116.00000000),
(1999, 32, 54, 100560.00000000),
(2000, 33, 54, 27120.00000000),
(2001, 34, 54, 36000.00000000),
(2002, 35, 54, 410.00000000),
(2003, 36, 54, 750.00000000),
(2004, 37, 54, 183.00000000),
(2005, 38, 54, 302.00000000),
(2006, 40, 54, 58405.00000000),
(2007, 41, 54, 83395.00000000),
(2008, 42, 54, 15552842.00000000),
(2009, 43, 54, 471240.00000000),
(2010, 45, 54, 8685.00000000),
(2011, 47, 54, 5434.00000000),
(2012, 48, 54, 1348680.00000000),
(2013, 49, 54, 12721090.00000000),
(2014, 50, 54, 10047.00000000),
(2015, 51, 54, 21209760.00000000),
(2016, 53, 54, 2172194.00000000),
(2017, 54, 54, 31391.00000000),
(2018, 55, 54, 1563.00000000),
(2019, 56, 54, 62241.00000000),
(2020, 57, 54, 37286.00000000),
(2021, 58, 54, 10797.00000000),
(2022, 60, 54, 545.00000000),
(2023, 61, 54, 4517.00000000),
(2024, 62, 54, 15352.00000000),
(2025, 63, 54, 81789.00000000),
(2026, 64, 54, 85183.00000000),
(2027, 65, 54, 41679.00000000),
(2028, 69, 54, 54402.00000000),
(2029, 24, 55, 7797.99999997),
(2030, 25, 55, 107200.00000000),
(2031, 26, 55, 12000.00000000),
(2032, 27, 55, 137567.99999999),
(2033, 28, 55, 444.00000000),
(2034, 30, 55, 10560.00000000),
(2035, 31, 55, 23721.00000000),
(2036, 32, 55, 101280.00000000),
(2037, 33, 55, 27120.00000000),
(2038, 34, 55, 36000.00000000),
(2039, 35, 55, 410.00000000),
(2040, 36, 55, 826.00000000),
(2041, 37, 55, 215.00000000),
(2042, 38, 55, 334.00000000),
(2043, 40, 55, 28774.00000000),
(2044, 41, 55, 77326.00000000),
(2045, 42, 55, 15783327.00000000),
(2046, 43, 55, 253470.00000000),
(2047, 45, 55, 8540.00000000),
(2048, 47, 55, 6355.00000000),
(2049, 48, 55, 4761800.00000000),
(2050, 49, 55, 17407272.00000000),
(2051, 50, 55, 10226.00000000),
(2052, 51, 55, 22190352.00000000),
(2053, 53, 55, 2245233.00000000),
(2054, 54, 55, 33130.00000000),
(2055, 55, 55, 1742.00000000),
(2056, 56, 55, 65197.00000000),
(2057, 57, 55, 36559.00000000),
(2058, 58, 55, 11229.00000000),
(2059, 61, 55, 4803.00000000),
(2060, 62, 55, 16008.00000000),
(2061, 63, 55, 86069.00000000),
(2062, 64, 55, 84775.00000000),
(2063, 65, 55, 43747.00000000),
(2064, 69, 55, 56367.00000000),
(2065, 24, 56, 8274.00000005),
(2066, 25, 56, 102000.00000000),
(2067, 26, 56, 12000.00000000),
(2068, 27, 56, 146232.00000001),
(2069, 28, 56, 428.00000000),
(2070, 30, 56, 10800.00000000),
(2071, 31, 56, 22326.00000000),
(2072, 32, 56, 99840.00000000),
(2073, 33, 56, 26880.00000000),
(2074, 34, 56, 36000.00000000),
(2075, 35, 56, 410.00000000),
(2076, 36, 56, 788.00000000),
(2077, 37, 56, 219.00000000),
(2078, 38, 56, 275.00000000),
(2079, 40, 56, 32987.00000000),
(2080, 41, 56, 62832.00000000),
(2081, 42, 56, 15090520.00000000),
(2082, 43, 56, 253470.00000000),
(2083, 45, 56, 8934.00000000),
(2084, 46, 56, 24500.00000000),
(2085, 47, 56, 3113.00000000),
(2086, 48, 56, 1357766.00000000),
(2087, 49, 56, 16052619.00000000),
(2088, 50, 56, 4450.00000000),
(2089, 51, 56, 20984840.00000000),
(2090, 52, 56, 3711.00000000),
(2091, 53, 56, 2244864.00000000),
(2092, 54, 56, 32277.00000000),
(2093, 55, 56, 7288.00000000),
(2094, 56, 56, 56615.00000000),
(2095, 57, 56, 36906.00000000),
(2096, 58, 56, 11222.00000000),
(2097, 61, 56, 5268.00000000),
(2098, 62, 56, 16000.00000000),
(2099, 63, 56, 62044.00000000),
(2100, 64, 56, 88616.00000000),
(2101, 65, 56, 44395.00000000),
(2102, 69, 56, 56367.00000000),
(2103, 24, 57, 8316.00000000),
(2104, 25, 57, 92400.00000000),
(2105, 26, 57, 12000.00000000),
(2106, 27, 57, 146016.00000000),
(2107, 28, 57, 363.00000000),
(2108, 29, 57, 20.00004366),
(2109, 30, 57, 9360.00000000),
(2110, 31, 57, 22326.00000000),
(2111, 32, 57, 97680.00000000),
(2112, 33, 57, 25200.00000000),
(2113, 34, 57, 34800.00000000),
(2114, 35, 57, 410.00000000),
(2115, 36, 57, 814.00000000),
(2116, 37, 57, 187.00000000),
(2117, 38, 57, 288.00000000),
(2118, 40, 57, 29774.00000000),
(2119, 41, 57, 90821.00000000),
(2120, 42, 57, 14725880.00000000),
(2121, 43, 57, 296538.00000000),
(2122, 45, 57, 7479.00000000),
(2123, 46, 57, 21635.00000000),
(2124, 47, 57, 3061.00000000),
(2125, 48, 57, 776070.00000000),
(2126, 49, 57, 17028680.00000000),
(2127, 50, 57, 9095.00000000),
(2128, 51, 57, 20166757.00000000),
(2129, 52, 57, 1851.00000000),
(2130, 53, 57, 2172212.00000000),
(2131, 54, 57, 31421.00000000),
(2132, 55, 57, 6487.00000000),
(2133, 56, 57, 54128.00000000),
(2134, 57, 57, 33128.00000000),
(2135, 58, 57, 10845.00000000),
(2136, 61, 57, 4692.00000000),
(2137, 62, 57, 14364.00000000),
(2138, 63, 57, 38600.00000000),
(2139, 64, 57, 32835.00000000),
(2140, 65, 57, 41344.00000000),
(2141, 69, 57, 54608.00000000),
(2142, 24, 58, 4559.99999949),
(2143, 25, 58, 105600.00000000),
(2144, 26, 58, 36000.00000000),
(2145, 27, 58, 26160.00000000),
(2146, 28, 58, 99200.00000000),
(2147, 29, 58, 8246.00000000),
(2148, 30, 58, 23721.00000000),
(2149, 31, 58, 9672.00000000),
(2150, 32, 58, 410.00000000),
(2151, 33, 58, 817.00000000),
(2152, 34, 58, 436.00000000),
(2153, 35, 58, 249.00000000),
(2154, 36, 58, 279.00000000),
(2155, 37, 58, 12000.00000000),
(2156, 38, 58, 127727.99999999),
(2157, 40, 58, 39199.00000000),
(2158, 41, 58, 53978.00000000),
(2159, 42, 58, 15509435.00000000),
(2160, 43, 58, 334066.00000000),
(2161, 45, 58, 7471.00000000),
(2162, 46, 58, 21918.00000000),
(2163, 47, 58, 3013.00000000),
(2164, 48, 58, 2087684.00000000),
(2165, 49, 58, 17879585.00000000),
(2166, 50, 58, 3595.00000000),
(2167, 51, 58, 21435225.00000000),
(2168, 52, 58, 6287.00000000),
(2169, 53, 58, 2246968.00000000),
(2170, 54, 58, 31598.00000000),
(2171, 55, 58, 5875.00000000),
(2172, 56, 58, 55692.00000000),
(2173, 57, 58, 31222.00000000),
(2174, 58, 58, 11068.00000000),
(2175, 60, 58, 773.00000000),
(2176, 61, 58, 4772.00000000),
(2177, 62, 58, 14150.00000000),
(2178, 63, 58, 76377.00000000),
(2179, 64, 58, 85109.00000000),
(2180, 65, 58, 40384.00000000),
(2181, 69, 58, 56671.00000000),
(2182, 25, 59, 103680.00000000),
(2183, 26, 59, 37200.00000000),
(2184, 27, 59, 26400.00000000),
(2185, 28, 59, 94800.00000000),
(2186, 29, 59, 8372.00000000),
(2187, 30, 59, 23721.00000000),
(2188, 31, 59, 9672.00000000),
(2189, 32, 59, 410.00000000),
(2190, 33, 59, 821.00000000),
(2191, 34, 59, 382.00000000),
(2192, 35, 59, 201.00000000),
(2193, 36, 59, 311.00000000),
(2194, 37, 59, 12000.00000000),
(2195, 38, 59, 133296.00000000),
(2196, 40, 59, 18707.00000000),
(2197, 41, 59, 89893.00000000),
(2198, 42, 59, 15898798.00000000),
(2199, 43, 59, 355715.00000000),
(2200, 45, 59, 7030.00000000),
(2201, 46, 59, 20707.00000000),
(2202, 47, 59, 2857.00000000),
(2203, 48, 59, 1731332.00000000),
(2204, 49, 59, 17280000.00000000),
(2205, 50, 59, 3084.00000000),
(2206, 51, 59, 20451203.00000000),
(2207, 52, 59, 9500.00000000),
(2208, 53, 59, 2171200.00000000),
(2209, 54, 59, 30045.00000000),
(2210, 55, 59, 6669.00000000),
(2211, 56, 59, 53414.00000000),
(2212, 57, 59, 29602.00000000),
(2213, 58, 59, 10716.00000000),
(2214, 61, 59, 4365.00000000),
(2215, 62, 59, 13549.00000000),
(2216, 63, 59, 73122.00000000),
(2217, 64, 59, 78856.00000000),
(2218, 65, 59, 35879.00000000),
(2219, 69, 59, 18009.00000000),
(2220, 25, 60, 106080.00000000),
(2221, 26, 60, 38400.00000000),
(2222, 27, 60, 26880.00000000),
(2223, 28, 60, 96800.00000000),
(2224, 29, 60, 8974.00000005),
(2225, 30, 60, 22326.00000000),
(2226, 31, 60, 9672.00000000),
(2227, 32, 60, 410.00000000),
(2228, 33, 60, 799.00000000),
(2229, 34, 60, 409.00000000),
(2230, 35, 60, 213.00000000),
(2231, 36, 60, 304.00000000),
(2232, 37, 60, 12000.00000000),
(2233, 38, 60, 129000.00000000),
(2234, 40, 60, 54335.00000000),
(2235, 41, 60, 62118.00000000),
(2236, 42, 60, 12541672.00000000),
(2237, 43, 60, 308876.00000000),
(2238, 45, 60, 7304.00000000),
(2239, 46, 60, 19805.00000000),
(2240, 47, 60, 2788.00000000),
(2241, 48, 60, 2554768.00000000),
(2242, 49, 60, 15782528.00000000),
(2243, 50, 60, 2867.00000000),
(2244, 51, 60, 20999075.00000000),
(2245, 52, 60, 13392.00000000),
(2246, 53, 60, 2242261.00000000),
(2247, 54, 60, 28058.00000000),
(2248, 55, 60, 4691.00000000),
(2249, 56, 60, 53064.00000000),
(2250, 57, 60, 28439.00000000),
(2251, 58, 60, 10764.00000000),
(2252, 61, 60, 4054.00000000),
(2253, 62, 60, 12685.00000000),
(2254, 63, 60, 70502.00000000),
(2255, 64, 60, 72615.00000000),
(2256, 65, 60, 32594.00000000),
(2257, 69, 60, 20654.00000000),
(2258, 25, 61, 120240.00000000),
(2259, 26, 61, 37212.00000000),
(2260, 27, 61, 26880.00000000),
(2261, 28, 61, 95200.00000000),
(2262, 29, 61, 9170.00000000),
(2263, 30, 61, 23720.93023255),
(2264, 31, 61, 9672.00000000),
(2265, 32, 61, 410.00000000),
(2266, 33, 61, 973.00000000),
(2267, 34, 61, 407.00000000),
(2268, 35, 61, 253.00000000),
(2269, 36, 61, 249.00000000),
(2270, 37, 61, 12000.00000000),
(2271, 38, 61, 120528.00000000),
(2272, 40, 61, 54478.00000000),
(2273, 41, 61, 67187.00000000),
(2274, 42, 61, 15466002.00000000),
(2275, 43, 61, 297024.00000000),
(2276, 45, 61, 6991.00000000),
(2277, 48, 61, 2421685.00000000),
(2278, 49, 61, 17826112.00000000),
(2279, 50, 61, 3492.00000000),
(2280, 51, 61, 20652882.00000000),
(2281, 53, 61, 2242153.00000000),
(2282, 54, 61, 27425.00000000),
(2283, 55, 61, 2758.00000000),
(2284, 56, 61, 52752.00000000),
(2285, 57, 61, 28976.00000000),
(2286, 58, 61, 11024.00000000),
(2287, 61, 61, 4000.00000000),
(2288, 62, 61, 12947.00000000),
(2289, 63, 61, 68918.00000000),
(2290, 64, 61, 74448.00000000),
(2291, 65, 61, 33233.00000000),
(2292, 69, 61, 52452.00000000),
(2293, 25, 62, 103200.00000000),
(2294, 26, 62, 33600.00000000),
(2295, 27, 62, 23520.00000000),
(2296, 28, 62, 82000.00000000),
(2297, 29, 62, 7532.00000015),
(2298, 30, 62, 20930.00000000),
(2299, 31, 62, 9672.00000000),
(2300, 32, 62, 410.00000000),
(2301, 33, 62, 725.00000000),
(2302, 34, 62, 468.00000000),
(2303, 35, 62, 209.00000000),
(2304, 36, 62, 256.00000000),
(2305, 37, 62, 12000.00000000),
(2306, 38, 62, 104376.00000000),
(2307, 40, 62, 52836.00000000),
(2308, 41, 62, 66402.00000000),
(2309, 42, 62, 14295007.00000000),
(2310, 43, 62, 265608.00000000),
(2311, 45, 62, 6585.00000000),
(2312, 46, 62, 17866.00000000),
(2313, 47, 62, 2570.00000000),
(2314, 48, 62, 2281060.00000000),
(2315, 49, 62, 13480490.00000000),
(2316, 50, 62, 3169.00000000),
(2317, 51, 62, 16709167.00000000),
(2318, 52, 62, 12096.00000000),
(2319, 53, 62, 2025872.00000000),
(2320, 54, 62, 2136.00000000),
(2321, 55, 62, 1911.00000000),
(2322, 56, 62, 48550.00000000),
(2323, 57, 62, 26946.00000000),
(2324, 58, 62, 10031.00000000),
(2325, 61, 62, 3667.00000000),
(2326, 62, 62, 11958.00000000),
(2327, 63, 62, 64743.00000000),
(2328, 64, 62, 71819.00000000),
(2329, 65, 62, 32948.00000000),
(2330, 69, 62, 47564.00000000),
(2331, 25, 63, 110400.00000000),
(2332, 26, 63, 38400.00000000),
(2333, 27, 63, 27120.00000000),
(2334, 28, 63, 89600.00000000),
(2335, 29, 63, 9631.99999999),
(2336, 30, 63, 25116.00000000),
(2337, 31, 63, 9672.00000000),
(2338, 32, 63, 453.00000000),
(2339, 33, 63, 724.00000000),
(2340, 34, 63, 502.00000000),
(2341, 35, 63, 236.00000000),
(2342, 36, 63, 262.00000000),
(2343, 37, 63, 12000.00000000),
(2344, 38, 63, 117384.00000000),
(2345, 40, 63, 58548.00000000),
(2346, 41, 63, 96604.00000000),
(2347, 42, 63, 16425580.00000000),
(2348, 43, 63, 332938.00000000),
(2349, 45, 63, 8674.00000000),
(2350, 46, 63, 22904.00000000),
(2351, 47, 63, 3079.00000000),
(2352, 48, 63, 1524673.00000000),
(2353, 49, 63, 17855997.00000000),
(2354, 50, 63, 3720.00000000),
(2355, 51, 63, 19954477.00000000),
(2356, 52, 63, 13381.00000000),
(2357, 53, 63, 2243973.00000000),
(2358, 54, 63, 2854.00000000),
(2359, 55, 63, 3735.00000000),
(2360, 56, 63, 57044.00000000),
(2361, 57, 63, 14635.00000000),
(2362, 58, 63, 11226.00000000),
(2363, 61, 63, 4544.00000000),
(2364, 62, 63, 14084.00000000),
(2365, 63, 63, 75502.00000000),
(2366, 64, 63, 83504.00000000),
(2367, 65, 63, 37973.00000000),
(2368, 69, 63, 52669.00000000),
(2369, 24, 64, 4020.00000044),
(2370, 25, 64, 99840.00000000),
(2371, 26, 64, 37200.00000000),
(2372, 27, 64, 25920.00000000),
(2373, 28, 64, 87200.00000000),
(2374, 29, 64, 8960.00000000),
(2375, 30, 64, 23720.93023255),
(2376, 31, 64, 9672.00000000),
(2377, 32, 64, 453.00000000),
(2378, 33, 64, 609.00000000),
(2379, 34, 64, 434.00000000),
(2380, 35, 64, 202.00000000),
(2381, 36, 64, 240.00000000),
(2382, 37, 64, 12000.00000000),
(2383, 38, 64, 122184.00000000),
(2384, 40, 64, 55692.00000000),
(2385, 41, 64, 113455.00000000),
(2386, 42, 64, 15498681.85000000),
(2387, 43, 64, 356072.00000000),
(2388, 45, 64, 8509.00000000),
(2389, 46, 64, 24476.00000000),
(2390, 47, 64, 3206.00000000),
(2391, 48, 64, 1055994.00000000),
(2392, 49, 64, 17280000.00000000),
(2393, 50, 64, 10316.00000000),
(2394, 51, 64, 19101652.00000000),
(2395, 52, 64, 7334.00000000),
(2396, 53, 64, 2172519.00000000),
(2397, 54, 64, 1680.00000000),
(2398, 55, 64, 7876.00000000),
(2399, 56, 64, 56408.00000000),
(2400, 57, 64, 36784.00000000),
(2401, 58, 64, 10840.00000000),
(2402, 61, 64, 5475.00000000),
(2403, 62, 64, 14922.00000000),
(2404, 63, 64, 78091.00000000),
(2405, 64, 64, 84529.00000000),
(2406, 65, 64, 37610.00000000),
(2407, 69, 64, 51021.00000000),
(2408, 25, 65, 102000.00000000),
(2409, 26, 65, 34800.00000000),
(2410, 27, 65, 24720.00000000),
(2411, 28, 65, 90800.00000000),
(2412, 29, 65, 8805.99999995),
(2413, 30, 65, 23720.93023255),
(2414, 31, 65, 9672.00000000),
(2415, 32, 65, 453.00000000),
(2416, 33, 65, 681.00000000),
(2417, 34, 65, 447.00000000),
(2418, 35, 65, 205.00000000),
(2419, 36, 65, 278.00000000),
(2420, 37, 65, 12000.00000000),
(2421, 38, 65, 130296.00000000),
(2422, 40, 65, 57834.00000000),
(2423, 41, 65, 96890.00000000),
(2424, 42, 65, 16617653.00000000),
(2425, 43, 65, 377135.00000000),
(2426, 45, 65, 9206.00000000),
(2427, 46, 65, 27711.00000000),
(2428, 47, 65, 3074.00000000),
(2429, 48, 65, 1058760.00000000),
(2430, 49, 65, 13519069.65740000),
(2431, 50, 65, 9464.00000000),
(2432, 51, 65, 20858959.00000000),
(2433, 52, 65, 3287.00000000),
(2434, 53, 65, 2244938.00000000),
(2435, 54, 65, 399.00000000),
(2436, 55, 65, 6594.00000000),
(2437, 56, 65, 58116.00000000),
(2438, 57, 65, 38870.00000000),
(2439, 58, 65, 11195.00000000),
(2440, 61, 65, 5990.00000000),
(2441, 62, 65, 15045.00000000),
(2442, 63, 65, 75319.00000000),
(2443, 64, 65, 87737.00000000),
(2444, 65, 65, 38089.00000000),
(2445, 69, 65, 54996.00000000),
(2446, 25, 66, 105600.00000000),
(2447, 26, 66, 43200.00000000),
(2448, 27, 66, 26400.00000000),
(2449, 28, 66, 98000.00000000),
(2450, 29, 66, 9226.00000002),
(2451, 30, 66, 23720.93023255),
(2452, 31, 66, 9672.00000000),
(2453, 32, 66, 453.00000000),
(2454, 33, 66, 665.00000000),
(2455, 34, 66, 415.00000000),
(2456, 35, 66, 212.00000000),
(2457, 36, 66, 275.00000000),
(2458, 37, 66, 12000.00000000),
(2459, 38, 66, 137976.00000000),
(2460, 40, 66, 56406.00000000),
(2461, 41, 66, 115168.00000000),
(2462, 42, 66, 15947307.24000000),
(2463, 43, 66, 311875.00000000),
(2464, 45, 66, 10597.00000000),
(2465, 46, 66, 29351.00000000),
(2466, 47, 66, 3126.00000000),
(2467, 48, 66, 153817.00000000),
(2468, 49, 66, 15618712.00000000),
(2469, 50, 66, 4770.00000000),
(2470, 51, 66, 20498699.00000000),
(2471, 52, 66, 765.00000000),
(2472, 53, 66, 2172802.00000000),
(2473, 54, 66, 2936.00000000),
(2474, 55, 66, 355.00000000),
(2475, 56, 66, 59169.00000000),
(2476, 57, 66, 34559.00000000),
(2477, 58, 66, 1009.00000000),
(2478, 61, 66, 6414.00000000),
(2479, 62, 66, 15761.00000000),
(2480, 63, 66, 4836.00000000),
(2481, 64, 66, 89352.00000000),
(2482, 65, 66, 39364.00000000),
(2483, 69, 66, 49851.00000000),
(2484, 24, 67, 25359.99999988),
(2485, 25, 67, 98160.00000000),
(2486, 26, 67, 37200.00000000),
(2487, 27, 67, 28320.00000000),
(2488, 28, 67, 100800.00000000),
(2489, 29, 67, 9380.00000000),
(2490, 30, 67, 23720.93023255),
(2491, 31, 67, 9672.00000000),
(2492, 32, 67, 453.00000000),
(2493, 33, 67, 694.00000000),
(2494, 34, 67, 490.00000000),
(2495, 35, 67, 216.00000000),
(2496, 36, 67, 281.00000000),
(2497, 37, 67, 12000.00000000),
(2498, 38, 67, 135047.99999999),
(2499, 40, 67, 59262.00000000),
(2500, 41, 67, 96961.00000000),
(2501, 42, 67, 14886698.00000000),
(2502, 43, 67, 294882.00000000),
(2503, 45, 67, 9751.00000000),
(2504, 46, 67, 29159.00000000),
(2505, 47, 67, 3209.00000000),
(2506, 48, 67, 4839669.00000000),
(2507, 49, 67, 17820822.00000000),
(2508, 50, 67, 10547.00000000),
(2509, 51, 67, 21734827.00000000),
(2510, 52, 67, 7456.00000000),
(2511, 53, 67, 2245163.00000000),
(2512, 54, 67, 4595.00000000),
(2513, 55, 67, 375.00000000),
(2514, 56, 67, 58241.00000000),
(2515, 57, 67, 38476.00000000),
(2516, 58, 67, 11222.00000000),
(2517, 61, 67, 5808.00000000),
(2518, 62, 67, 15828.00000000),
(2519, 63, 67, 80859.00000000),
(2520, 64, 67, 89664.00000000),
(2521, 65, 67, 40494.00000000),
(2522, 69, 67, 55671.00000000),
(2523, 25, 68, 96720.00000000),
(2524, 26, 68, 39600.00000000),
(2525, 27, 68, 24960.00000000),
(2526, 28, 68, 97600.00000000),
(2527, 29, 68, 9421.99999999),
(2528, 30, 68, 25116.27906976),
(2529, 31, 68, 9672.00000000),
(2530, 32, 68, 453.00000000),
(2531, 33, 68, 837.00000000),
(2532, 34, 68, 535.00000000),
(2533, 35, 68, 213.00000000),
(2534, 36, 68, 259.00000000),
(2535, 37, 68, 12000.00000000),
(2536, 38, 68, 131376.00000000),
(2537, 40, 68, 60690.00000000),
(2538, 41, 68, 91321.00000000),
(2539, 42, 68, 14823621.00000000),
(2540, 43, 68, 310590.00000000),
(2541, 45, 68, 9985.00000000),
(2542, 46, 68, 26604.00000000),
(2543, 47, 68, 2893.00000000),
(2544, 48, 68, 4922117.00000000),
(2545, 49, 68, 17856000.00000000),
(2546, 50, 68, 4715.00000000),
(2547, 51, 68, 21843016.00000000),
(2548, 52, 68, 5888.00000000),
(2549, 53, 68, 2245021.00000000),
(2550, 54, 68, 7224.00000000),
(2551, 55, 68, 6371.00000000),
(2552, 56, 68, 45524.00000000),
(2553, 57, 68, 38027.00000000),
(2554, 58, 68, 11231.00000000),
(2555, 61, 68, 5888.00000000),
(2556, 62, 68, 15660.00000000),
(2557, 63, 68, 32976.00000000),
(2558, 65, 68, 38726.00000000),
(2559, 69, 68, 55548.00000000),
(2560, 25, 69, 99600.00000000),
(2561, 26, 69, 37200.00000000),
(2562, 27, 69, 20400.00000000),
(2563, 28, 69, 96000.00000000),
(2564, 29, 69, 8890.00000000),
(2565, 30, 69, 22325.58139534),
(2566, 31, 69, 9672.00000000),
(2567, 32, 69, 453.00000000),
(2568, 33, 69, 865.00000000),
(2569, 34, 69, 451.00000000),
(2570, 35, 69, 199.00000000),
(2571, 36, 69, 200.00000000),
(2572, 37, 69, 12000.00000000),
(2573, 38, 69, 138312.00000001),
(2574, 39, 69, 26470907.00000000),
(2575, 40, 69, 59976.00000000),
(2576, 41, 69, 106743.00000000),
(2577, 42, 69, 15350651.07000000),
(2578, 43, 69, 319872.00000000),
(2579, 45, 69, 9697.00000000),
(2580, 46, 69, 24910.00000000),
(2581, 48, 69, 3175830.00000000),
(2582, 49, 69, 17091972.00000000),
(2583, 50, 69, 9751.00000000),
(2584, 51, 69, 18901638.00000000),
(2585, 52, 69, 5316.00000000),
(2586, 53, 69, 2005980.00000000),
(2587, 54, 69, 9431.00000000),
(2588, 55, 69, 6286.00000000),
(2589, 56, 69, 39691.00000000),
(2590, 57, 69, 16106.00000000),
(2591, 58, 69, 10851.00000000),
(2592, 61, 69, 5582.00000000),
(2593, 62, 69, 15220.00000000),
(2594, 63, 69, 58691.00000000),
(2595, 65, 69, 38282.00000000),
(2596, 69, 69, 53032.00000000),
(2597, 24, 70, 9155.99999995),
(2598, 25, 70, 100800.00000000),
(2599, 26, 70, 12400.00000000),
(2600, 27, 70, 135647.99999999),
(2601, 28, 70, 479.00000000),
(2602, 30, 70, 9994.00000000),
(2603, 31, 70, 23721.00000000),
(2604, 32, 70, 100560.00000000),
(2605, 33, 70, 20880.00000000),
(2606, 34, 70, 38400.00000000),
(2607, 35, 70, 468.00000000),
(2608, 36, 70, 869.00000000),
(2609, 37, 70, 227.00000000),
(2610, 38, 70, 152.00000000),
(2611, 39, 70, 19120335.00000000),
(2612, 40, 70, 62832.00000000),
(2613, 41, 70, 77469.00000000),
(2614, 42, 70, 15860733.00000000),
(2615, 43, 70, 378420.00000000),
(2616, 45, 70, 8307.00000000),
(2617, 46, 70, 22669.00000000),
(2618, 48, 70, 4719703.00000000),
(2619, 49, 70, 16778219.00000000),
(2620, 50, 70, 3984.00000000),
(2621, 51, 70, 20831218.00000000),
(2622, 52, 70, 5738.00000000),
(2623, 53, 70, 2243856.00000000),
(2624, 54, 70, 5137.00000000),
(2625, 55, 70, 6308.00000000),
(2626, 56, 70, 42425.00000000),
(2627, 57, 70, 21116.00000000),
(2628, 58, 70, 11107.00000000),
(2629, 61, 70, 4933.00000000),
(2630, 62, 70, 14795.00000000),
(2631, 63, 70, 74118.00000000),
(2632, 65, 70, 37313.00000000),
(2633, 69, 70, 55224.00000000),
(2634, 24, 71, 8414.00000005),
(2635, 25, 71, 92800.00000000),
(2636, 26, 71, 12000.00000000),
(2637, 27, 71, 124968.00000001),
(2638, 28, 71, 477.00000000),
(2639, 30, 71, 9671.00000000),
(2640, 31, 71, 22326.00000000),
(2641, 32, 71, 95520.00000000),
(2642, 33, 71, 20160.00000000),
(2643, 34, 71, 37200.00000000),
(2644, 35, 71, 468.00000000),
(2645, 36, 71, 883.00000000),
(2646, 37, 71, 208.00000000),
(2647, 38, 71, 198.00000000),
(2648, 39, 71, 24324414.00000000),
(2649, 40, 71, 63546.00000000),
(2650, 41, 71, 118310.00000000),
(2651, 42, 71, 15394019.00000000),
(2652, 43, 71, 342006.00000000),
(2653, 45, 71, 7565.00000000),
(2654, 46, 71, 19359.00000000),
(2655, 47, 71, 3826.00000000),
(2656, 48, 71, 3787319.00000000),
(2657, 49, 71, 17247174.00000000),
(2658, 50, 71, 3480.00000000),
(2659, 51, 71, 19493268.00000000),
(2660, 52, 71, 12956.00000000),
(2661, 53, 71, 2169464.00000000),
(2662, 54, 71, 210.00000000),
(2663, 55, 71, 4784.00000000),
(2664, 56, 71, 45014.00000000),
(2665, 57, 71, 18220.00000000),
(2666, 58, 71, 10745.00000000),
(2667, 61, 71, 4124.00000000),
(2668, 62, 71, 6074.00000000),
(2669, 63, 71, 66600.00000000),
(2670, 64, 71, 7181.00000000),
(2671, 65, 71, 34743.00000000),
(2672, 69, 71, 52887.00000000),
(2673, 24, 72, 10415.99999999),
(2674, 25, 72, 99600.00000000),
(2675, 26, 72, 12000.00000000),
(2676, 27, 72, 119471.99999999),
(2677, 28, 72, 484.00000000),
(2678, 30, 72, 9993.00000000),
(2679, 31, 72, 22326.00000000),
(2680, 32, 72, 99120.00000000),
(2681, 33, 72, 20640.00000000),
(2682, 34, 72, 38400.00000000),
(2683, 35, 72, 483.00000000),
(2684, 36, 72, 1005.00000000),
(2685, 37, 72, 196.00000000),
(2686, 38, 72, 215.00000000),
(2687, 39, 72, 24599396.00000000),
(2688, 40, 72, 69972.00000000),
(2689, 41, 72, 107314.00000000),
(2690, 42, 72, 15591407.00000000),
(2691, 43, 72, 274890.00000000),
(2692, 45, 72, 7358.00000000),
(2693, 46, 72, 18872.00000000),
(2694, 47, 72, 3941.00000000),
(2695, 48, 72, 2631955.00000000),
(2696, 49, 72, 17839092.00000000),
(2697, 50, 72, 3458.00000000),
(2698, 51, 72, 21240159.00000000),
(2699, 52, 72, 13392.00000000),
(2700, 53, 72, 9461.00000000),
(2701, 54, 72, 518.00000000),
(2702, 55, 72, 3465.00000000),
(2703, 56, 72, 49506.00000000),
(2704, 57, 72, 17480.00000000),
(2705, 58, 72, 11147.00000000),
(2706, 61, 72, 3951.00000000),
(2707, 62, 72, 12828.00000000),
(2708, 63, 72, 64771.00000000),
(2709, 64, 72, 78038.00000000),
(2710, 65, 72, 34744.00000000),
(2711, 69, 72, 55240.00000000),
(2712, 1, 68, 25604644.00000000),
(3037, 29, 73, 10094.00000000),
(3038, 28, 73, 97200.00000000),
(3039, 34, 73, 536.00000000),
(3040, 38, 73, 124200.00000000),
(3041, 25, 74, 91440.00000000),
(3042, 26, 74, 34800.00000000),
(3043, 27, 74, 9120.00000000),
(3044, 28, 74, 92000.00000000),
(3045, 29, 74, 9170.00000000),
(3046, 30, 74, 20233.00000000),
(3047, 31, 74, 11520.00000000),
(3048, 32, 74, 496.00000000),
(3049, 33, 74, 674.00000000),
(3050, 34, 74, 539.00000000),
(3051, 35, 74, 221.00000000),
(3052, 36, 74, 201.00000000),
(3053, 37, 74, 11398.00000000),
(3054, 38, 74, 111672.00000000),
(3055, 39, 74, 27576298.00000000),
(3056, 40, 74, 69258.00000000),
(3057, 41, 74, 79897.00000000),
(3058, 42, 74, 14858048.00000000),
(3059, 43, 74, 253470.00000000),
(3060, 45, 74, 8097.00000000),
(3061, 46, 74, 16810.00000000),
(3062, 47, 74, 3565.00000000),
(3063, 48, 74, 2964804.00000000),
(3064, 50, 74, 32018.00000000),
(3065, 51, 74, 19380490.00000000),
(3066, 52, 74, 12511.00000000),
(3067, 53, 74, 10010.00000000),
(3068, 54, 74, 753.00000000),
(3069, 55, 74, 2369.00000000),
(3070, 56, 74, 44636.00000000),
(3071, 57, 74, 18359.00000000),
(3072, 58, 74, 10275.00000000),
(3073, 61, 74, 4028.00000000),
(3074, 62, 74, 12892.00000000),
(3075, 63, 74, 60359.00000000),
(3076, 64, 74, 69552.00000000),
(3077, 69, 74, 51445.00000000),
(3078, 37, 73, 12000.00000000),
(3080, 31, 73, 10080.00000000),
(3081, 30, 73, 21628.00000000),
(3082, 25, 73, 116160.00000000),
(3083, 27, 73, 13920.00000000),
(3084, 26, 73, 36000.00000000),
(3085, 32, 73, 530.00000000),
(3086, 33, 73, 1135.00000000),
(3087, 35, 73, 223.00000000),
(3088, 36, 73, 200.00000000),
(3089, 39, 73, 22816992.00000000),
(3090, 40, 73, 71400.00000000),
(3091, 41, 73, 109313.00000000),
(3092, 42, 73, 16581943.00000000),
(3093, 43, 73, 251328.00000000),
(3094, 45, 73, 7640.00000000),
(3095, 46, 73, 18325.00000000),
(3096, 47, 73, 3899.00000000),
(3097, 48, 73, 3230813.00000000),
(3098, 50, 73, 4006.00000000),
(3099, 51, 73, 21961346.00000000),
(3100, 52, 73, 13392.00000000),
(3101, 53, 73, 10158.00000000),
(3102, 54, 73, 2983.00000000),
(3103, 55, 73, 2969.00000000),
(3104, 56, 73, 46505.00000000),
(3105, 57, 73, 18065.00000000),
(3106, 58, 73, 10862.00000000),
(3107, 61, 73, 4163.00000000),
(3108, 62, 73, 13039.00000000),
(3109, 63, 73, 64253.00000000),
(3110, 64, 73, 75363.00000000),
(3111, 65, 73, 35822.00000000),
(3112, 69, 73, 51536.00000000),
(3113, 25, 75, 90240.00000000),
(3114, 26, 75, 39600.00000000),
(3115, 27, 75, 10080.00000000),
(3116, 28, 75, 105600.00000000),
(3117, 29, 75, 10010.00000000),
(3118, 30, 75, 21600.00000000),
(3119, 31, 75, 12480.00000000),
(3120, 32, 75, 530.00000000),
(3121, 33, 75, 737.00000000),
(3122, 34, 75, 533.00000000),
(3123, 35, 75, 360.00000000),
(3124, 36, 75, 235.00000000),
(3125, 37, 75, 12184.00000000),
(3126, 38, 75, 121152.00000000),
(3127, 39, 75, 30246012.00000000),
(3128, 40, 75, 74042.00000000),
(3129, 41, 75, 82824.00000000),
(3130, 42, 75, 16141042.00000000),
(3131, 43, 75, 305592.00000000),
(3132, 45, 75, 9257.00000000),
(3133, 46, 75, 14964.00000000),
(3134, 48, 75, 1119555.00000000),
(3135, 50, 75, 4109.00000000),
(3136, 51, 75, 21491607.00000000),
(3137, 52, 75, 13354.00000000),
(3138, 53, 75, 2244896.00000000),
(3139, 54, 75, 4076.00000000),
(3140, 55, 75, 1522.00000000),
(3141, 56, 75, 48237.00000000),
(3142, 57, 75, 35234.00000000),
(3143, 58, 75, 11212.00000000),
(3144, 61, 75, 4759.00000000),
(3145, 62, 75, 15209.00000000),
(3146, 63, 75, 71595.00000000),
(3147, 64, 75, 79420.00000000),
(3148, 65, 75, 37875.00000000),
(3149, 69, 75, 54947.00000000),
(3150, 25, 76, 90480.00000000),
(3151, 26, 76, 38400.00000000),
(3152, 27, 76, 11040.00000000),
(3153, 28, 76, 108000.00000000),
(3154, 29, 76, 9212.00000000),
(3155, 30, 76, 20400.00000000),
(3156, 31, 76, 12160.00000000),
(3157, 32, 76, 540.00000000),
(3158, 33, 76, 821.00000000),
(3159, 34, 76, 446.00000000),
(3160, 35, 76, 431.00000000),
(3161, 36, 76, 245.00000000),
(3162, 37, 76, 11780.00000000),
(3163, 38, 76, 121800.00000000),
(3164, 39, 76, 12010771.00000000),
(3165, 40, 76, 71614.00000000),
(3166, 41, 76, 81396.00000000),
(3167, 42, 76, 13922779.00000000),
(3168, 43, 76, 362712.00000000),
(3169, 45, 76, 9365.00000000),
(3170, 46, 76, 3295.00000000),
(3171, 48, 76, 2430783.00000000),
(3172, 50, 76, 3855.00000000),
(3173, 51, 76, 19565870.00000000),
(3174, 52, 76, 4515.00000000),
(3175, 53, 76, 2172751.00000000),
(3176, 54, 76, 7943.00000000),
(3177, 55, 76, 1609.00000000),
(3178, 56, 76, 44714.00000000),
(3179, 57, 76, 21184.00000000),
(3180, 58, 76, 10828.00000000),
(3181, 61, 76, 5269.00000000),
(3182, 62, 76, 15454.00000000),
(3183, 63, 76, 75522.00000000),
(3184, 64, 76, 80011.00000000),
(3185, 65, 76, 33249.00000000),
(3186, 69, 76, 53329.00000000),
(3187, 25, 77, 108240.00000000),
(3188, 26, 77, 42000.00000000),
(3189, 27, 77, 12720.00000000),
(3190, 28, 77, 121200.00000000),
(3191, 29, 77, 9996.00000000),
(3192, 30, 77, 21600.00000000),
(3193, 31, 77, 15360.00000000),
(3194, 32, 77, 580.00000000),
(3195, 33, 77, 1161.00000000),
(3196, 34, 77, 402.00000000),
(3197, 35, 77, 411.00000000),
(3198, 36, 77, 235.00000000),
(3199, 37, 77, 12172.00000000),
(3200, 38, 77, 131280.00000000),
(3201, 39, 77, 16552570.00000000),
(3202, 40, 77, 75684.00000000),
(3203, 41, 77, 85680.00000000),
(3204, 42, 77, 15067698.00000000),
(3205, 43, 77, 405552.00000000),
(3206, 45, 77, 11316.00000000),
(3207, 46, 77, 3662.00000000),
(3208, 47, 77, 4458.00000000),
(3209, 50, 77, 4943.00000000),
(3210, 52, 77, 77.00000000),
(3211, 53, 77, 14997.00000000),
(3212, 54, 77, 14647.00000000),
(3213, 55, 77, 5544.00000000),
(3214, 56, 77, 47479.00000000),
(3215, 57, 77, 18073.00000000),
(3216, 58, 77, 11221.00000000),
(3217, 61, 77, 6101.00000000),
(3218, 62, 77, 18514.00000000),
(3219, 63, 77, 89803.00000000),
(3220, 64, 77, 85998.00000000),
(3221, 65, 77, 27352.00000000),
(3222, 69, 77, 55104.00000000),
(3223, 25, 78, 98160.00000000),
(3224, 26, 78, 39600.00000000),
(3225, 27, 78, 20400.00000000),
(3226, 28, 78, 109200.00000000),
(3227, 29, 78, 8974.00000000),
(3228, 30, 78, 20400.00000000),
(3229, 31, 78, 13440.00000000),
(3230, 32, 78, 580.00000000),
(3231, 33, 78, 1066.00000000),
(3232, 34, 78, 388.00000000),
(3233, 35, 78, 386.00000000),
(3234, 36, 78, 212.00000000),
(3235, 37, 78, 11800.00000000),
(3236, 38, 78, 155952.00000000),
(3237, 39, 78, 9698969.00000000),
(3238, 40, 78, 71400.00000000),
(3239, 41, 78, 80682.00000000),
(3240, 42, 78, 15575220.00000000),
(3241, 43, 78, 371994.00000000),
(3242, 45, 78, 9129.00000000),
(3243, 46, 78, 19674.00000000),
(3244, 47, 78, 3788.00000000),
(3245, 49, 78, 8464482.00000000),
(3246, 50, 78, 4159.00000000),
(3247, 52, 78, 177.00000000),
(3248, 53, 78, 11514.00000000),
(3249, 54, 78, 14975.00000000),
(3250, 55, 78, 4784.00000000),
(3251, 56, 78, 39784.00000000),
(3252, 57, 78, 17542.00000000),
(3253, 58, 78, 10853.00000000),
(3254, 61, 78, 5038.00000000),
(3255, 62, 78, 16362.00000000),
(3256, 63, 78, 80103.00000000),
(3257, 64, 78, 84738.00000000),
(3258, 65, 78, 25035.00000000),
(3259, 69, 78, 53049.00000000),
(3260, 24, 79, 940.00000000),
(3261, 25, 79, 108239.00000000),
(3262, 26, 79, 39600.00000000),
(3263, 27, 79, 20880.00000000),
(3264, 28, 79, 98400.00000000),
(3265, 29, 79, 9030.00000000),
(3266, 30, 79, 19200.00000000),
(3267, 31, 79, 13120.00000000),
(3268, 32, 79, 590.00000000),
(3269, 33, 79, 996.00000000),
(3270, 34, 79, 464.00000000),
(3271, 35, 79, 318.00000000),
(3272, 36, 79, 201.00000000),
(3273, 37, 79, 12193.00000000),
(3274, 38, 79, 145128.00000000),
(3275, 39, 79, 20206780.00000000),
(3276, 40, 79, 74256.00000000),
(3277, 41, 79, 83538.00000000),
(3278, 42, 79, 14882035.00000000),
(3279, 43, 79, 282744.00000000),
(3280, 45, 79, 9250.00000000),
(3281, 46, 79, 24789.00000000),
(3282, 47, 79, 3870.00000000),
(3283, 49, 79, 16589580.00000000),
(3284, 50, 79, 4323.00000000),
(3285, 52, 79, 5588.00000000),
(3286, 53, 79, 10990.00000000),
(3287, 54, 79, 10413.00000000),
(3288, 55, 79, 5870.00000000),
(3289, 56, 79, 47334.00000000),
(3290, 57, 79, 16274.00000000),
(3291, 58, 79, 11132.00000000),
(3292, 61, 79, 4628.00000000),
(3293, 62, 79, 15915.00000000),
(3294, 63, 79, 71341.00000000),
(3295, 64, 79, 84371.00000000),
(3296, 65, 79, 21673.00000000),
(3297, 69, 79, 51979.00000000),
(3298, 24, 74, 1020.00000000);

--
-- Disparadores `energia_entregada`
--
DELIMITER $$
CREATE TRIGGER `calcular_balance_entregada` AFTER INSERT ON `energia_entregada` FOR EACH ROW BEGIN
    UPDATE balance_mensual
    SET energia_mensual_entregada = (
        SELECT COALESCE(SUM(energia), 0) + COALESCE((SELECT total_ventas FROM ventas_totales WHERE id_fecha = NEW.id_fecha), 0)
        FROM energia_entregada
        WHERE id_fecha = NEW.id_fecha
    )
    WHERE id_fecha = NEW.id_fecha;
END
$$
DELIMITER ;
DELIMITER $$
CREATE TRIGGER `calcular_balance_entregada_actualizacion` AFTER UPDATE ON `energia_entregada` FOR EACH ROW BEGIN
    UPDATE balance_mensual
    SET energia_mensual_entregada = 
        (
            (SELECT COALESCE(total_ventas, 0) FROM ventas_totales WHERE id_fecha = NEW.id_fecha) +
            (SELECT COALESCE(SUM(energia), 0) FROM energia_entregada WHERE id_fecha = NEW.id_fecha)
        )
    WHERE id_fecha = NEW.id_fecha;
END
$$
DELIMITER ;
DELIMITER $$
CREATE TRIGGER `calcular_balance_entregada_eliminacion` AFTER DELETE ON `energia_entregada` FOR EACH ROW BEGIN
    DECLARE energia_eliminar DECIMAL(10, 2);

    SET energia_eliminar = OLD.energia;

    UPDATE balance_mensual
    SET energia_mensual_entregada = (
        SELECT COALESCE(energia_mensual_entregada, 0) - energia_eliminar
        FROM balance_mensual
        WHERE id_fecha = OLD.id_fecha
    )
    WHERE id_fecha = OLD.id_fecha;
END
$$
DELIMITER ;

-- --------------------------------------------------------

--
-- Estructura de tabla para la tabla `energia_recibida`
--

CREATE TABLE `energia_recibida` (
  `id` int(11) NOT NULL,
  `id_punto` int(11) DEFAULT NULL,
  `id_fecha` int(11) DEFAULT NULL,
  `energia` decimal(20,8) DEFAULT NULL
) ENGINE=InnoDB DEFAULT CHARSET=utf8mb4 COLLATE=utf8mb4_general_ci;

--
-- Volcado de datos para la tabla `energia_recibida`
--

INSERT INTO `energia_recibida` (`id`, `id_punto`, `id_fecha`, `energia`) VALUES
(1, 1, 1, 8532003.00000000),
(2, 2, 1, 32460907.00000000),
(3, 3, 1, 18761864.00000000),
(4, 4, 1, 16054279.00000000),
(5, 6, 1, 1713299.00000000),
(6, 8, 1, 63266.00000000),
(7, 10, 1, 100.00000000),
(8, 12, 1, 5712.00000000),
(9, 21, 1, 9125322.00000000),
(10, 1, 2, 5773493.00000000),
(11, 2, 2, 31149656.00000000),
(12, 3, 2, 17431781.00000000),
(13, 4, 2, 13920027.00000000),
(14, 6, 2, 1566353.00000000),
(15, 8, 2, 57820.00000000),
(16, 10, 2, 100.00000000),
(17, 12, 2, 5616.00000000),
(18, 21, 2, 8418999.00000000),
(19, 1, 3, 7076766.00000000),
(20, 2, 3, 33509928.00000000),
(21, 3, 3, 19169901.00000000),
(22, 4, 3, 15934733.00000000),
(23, 6, 3, 1758435.00000000),
(24, 8, 3, 64526.00000000),
(25, 10, 3, 100.00000000),
(26, 12, 3, 6144.00000000),
(27, 21, 3, 11084144.00000000),
(28, 1, 4, 9446238.00000000),
(29, 2, 4, 30840990.00000000),
(30, 3, 4, 19258240.00000000),
(31, 4, 4, 14355427.00000000),
(32, 6, 4, 1751078.00000000),
(33, 8, 4, 60214.00000000),
(34, 10, 4, 100.00000000),
(35, 12, 4, 5496.00000000),
(36, 21, 4, 11382609.00000000),
(37, 2, 5, 33131438.00000000),
(38, 3, 5, 19331065.00000000),
(39, 4, 5, 15028973.00000000),
(40, 6, 5, 1828343.00000000),
(41, 8, 5, 59780.00000000),
(42, 9, 5, 4922.00000000),
(43, 10, 5, 100.00000000),
(44, 12, 5, 6048.00000000),
(45, 21, 5, 10677275.00000000),
(46, 1, 5, 8601173.00000000),
(47, 1, 6, 8240287.00000000),
(48, 2, 6, 33357122.00000000),
(49, 3, 6, 18369735.00000000),
(50, 4, 6, 13612460.00000000),
(51, 6, 6, 1761677.00000000),
(52, 8, 6, 55916.00000000),
(53, 12, 6, 6768.00000000),
(54, 21, 6, 9076532.00000000),
(55, 1, 7, 10091179.00000000),
(56, 2, 7, 31507261.00000000),
(57, 3, 7, 17268952.00000000),
(58, 4, 7, 11953545.00000000),
(59, 6, 7, 1859256.00000000),
(60, 8, 7, 58478.00000000),
(61, 9, 7, 132069.00000000),
(62, 10, 7, 100.00000000),
(63, 12, 7, 8328.00000000),
(64, 21, 7, 10113391.00000000),
(65, 1, 8, 7879052.00000000),
(66, 2, 8, 30542623.00000000),
(67, 3, 8, 19243150.00000000),
(68, 4, 8, 15540547.00000000),
(69, 6, 8, 1812382.00000000),
(70, 8, 8, 59486.00000000),
(71, 10, 8, 100.00000000),
(72, 12, 8, 11160.00000000),
(73, 21, 8, 10743343.00000000),
(74, 1, 9, 6855389.00000000),
(75, 2, 9, 33238206.00000000),
(76, 3, 9, 18593783.00000000),
(77, 4, 9, 13771318.00000000),
(78, 5, 9, 122.00000000),
(79, 6, 9, 1818899.00000000),
(80, 8, 9, 58982.00000000),
(81, 10, 9, 100.00000000),
(82, 12, 9, 7752.00000000),
(83, 21, 9, 9312018.00000000),
(84, 1, 10, 6758171.00000000),
(85, 2, 10, 33732333.00000000),
(86, 3, 10, 19420964.00000000),
(87, 4, 10, 13714949.00000000),
(88, 5, 10, 2453.00000000),
(89, 6, 10, 1868185.00000000),
(90, 8, 10, 65996.00000000),
(91, 10, 10, 100.00000000),
(92, 12, 10, 5808.00000000),
(93, 21, 10, 9832247.00000000),
(94, 1, 11, 8093142.00000000),
(95, 2, 11, 32338231.00000000),
(96, 3, 11, 19055527.00000000),
(97, 4, 11, 13408821.00000000),
(98, 5, 11, 141223.00000000),
(99, 6, 11, 1779903.00000000),
(100, 8, 11, 64946.00000000),
(101, 12, 11, 5808.00000000),
(102, 21, 11, 9187634.00000000),
(103, 1, 12, 11457375.00000000),
(104, 2, 12, 35212109.00000000),
(105, 3, 12, 19575609.00000000),
(106, 4, 12, 15392536.00000000),
(107, 5, 12, 11.00000000),
(108, 6, 12, 1814563.00000000),
(109, 8, 12, 67396.00000000),
(110, 12, 12, 6432.00000000),
(111, 20, 12, 4896.00000000),
(112, 21, 12, 9223533.00000000),
(113, 1, 13, 4358876.00000000),
(114, 2, 13, 32294111.00000000),
(115, 3, 13, 19292465.00000000),
(116, 4, 13, 15099655.00000000),
(117, 5, 13, 66081.00000000),
(118, 6, 13, 1640782.00000000),
(119, 8, 13, 66234.00000000),
(120, 10, 13, 200.00000000),
(121, 12, 13, 5760.00000000),
(122, 20, 13, 4896.00000000),
(123, 21, 13, 9389792.00000000),
(124, 1, 14, 7987107.00000000),
(125, 2, 14, 30955223.00000000),
(126, 3, 14, 17826280.00000000),
(127, 4, 14, 14069449.00000000),
(128, 6, 14, 1678401.00000000),
(129, 8, 14, 59066.00000000),
(130, 10, 14, 100.00000000),
(131, 12, 14, 5472.00000000),
(132, 21, 14, 9141164.00000000),
(133, 1, 15, 4489138.00000000),
(134, 2, 15, 21399466.00000000),
(135, 3, 15, 19591286.00000000),
(136, 4, 15, 15647449.00000000),
(137, 5, 15, 9117.00000000),
(138, 6, 15, 1814834.00000000),
(139, 8, 15, 64022.00000000),
(140, 10, 15, 100.00000000),
(141, 12, 15, 6096.00000000),
(142, 21, 15, 11049312.00000000),
(143, 1, 16, 7672722.00000000),
(144, 2, 16, 31254262.00000000),
(145, 3, 16, 19204558.00000000),
(146, 4, 16, 15262527.00000000),
(147, 5, 16, 1653.00000000),
(148, 6, 16, 1814806.00000000),
(149, 8, 16, 61796.00000000),
(150, 10, 16, 100.00000000),
(151, 12, 16, 6384.00000000),
(152, 21, 16, 11413115.00000000),
(153, 1, 17, 3540408.00000000),
(154, 2, 17, 32709273.00000000),
(155, 3, 17, 20242844.00000000),
(156, 4, 17, 16910493.00000000),
(157, 5, 17, 392723.00000000),
(158, 6, 17, 2085430.00000000),
(159, 8, 17, 63840.00000000),
(160, 10, 17, 100.00000000),
(161, 12, 17, 6168.00000000),
(162, 21, 17, 12095218.00000000),
(163, 1, 18, 2915086.00000000),
(164, 2, 18, 34449632.00000000),
(165, 3, 18, 19122740.00000000),
(166, 4, 18, 14975355.00000000),
(167, 5, 18, 784166.00000000),
(168, 6, 18, 1910216.00000000),
(169, 8, 18, 56980.00000000),
(170, 12, 18, 6984.00000000),
(171, 21, 18, 9502876.00000000),
(172, 1, 19, 5348934.00000000),
(173, 2, 19, 33411544.00000000),
(174, 3, 19, 19355282.00000000),
(175, 4, 19, 14245240.00000000),
(176, 5, 19, 5397.00000000),
(177, 6, 19, 1997333.00000000),
(178, 8, 19, 58982.00000000),
(179, 12, 19, 6552.00000000),
(180, 21, 19, 10127636.00000000),
(181, 1, 20, 7204546.00000000),
(182, 2, 20, 35496639.00000000),
(183, 3, 20, 19872667.00000000),
(184, 4, 20, 15164629.00000000),
(185, 5, 20, 374.00000000),
(186, 6, 20, 2082132.00000000),
(187, 8, 20, 58930.00000000),
(188, 10, 20, 200.00000000),
(189, 12, 20, 6288.00000000),
(190, 21, 20, 10303369.00000000),
(191, 1, 21, 8588786.00000000),
(192, 2, 21, 31528991.00000000),
(193, 3, 21, 18966177.00000000),
(194, 4, 21, 14839882.00000000),
(195, 6, 21, 1918149.00000000),
(196, 8, 21, 62720.00000000),
(197, 10, 21, 100.00000000),
(198, 12, 21, 6384.00000000),
(199, 21, 21, 10777919.00000000),
(200, 1, 22, 5121919.00000000),
(201, 2, 22, 34793432.00000000),
(202, 3, 22, 19487624.00000000),
(203, 4, 22, 15391517.00000000),
(204, 5, 22, 5954.00000000),
(205, 6, 22, 1806969.00000000),
(206, 8, 22, 67060.00000000),
(207, 10, 22, 100.00000000),
(208, 12, 22, 6456.00000000),
(209, 21, 22, 10226793.00000000),
(210, 1, 23, 4846210.00000000),
(211, 2, 23, 30481606.00000000),
(212, 3, 23, 19034824.00000000),
(213, 4, 23, 16031974.00000000),
(214, 5, 23, 7147.00000000),
(215, 6, 23, 1652672.00000000),
(216, 8, 23, 69300.00000000),
(217, 12, 23, 6384.00000000),
(218, 21, 23, 9567297.00000000),
(219, 1, 24, 661851.00000000),
(220, 2, 24, 34310865.00000000),
(221, 3, 24, 18500106.00000000),
(222, 4, 24, 15265724.00000000),
(223, 5, 24, 818588.00000000),
(224, 6, 24, 1912979.00000000),
(225, 8, 24, 71400.00000000),
(226, 9, 24, 16319.00000000),
(227, 10, 24, 100.00000000),
(228, 11, 24, 9120.00000000),
(229, 12, 24, 7296.00000000),
(230, 13, 24, 10358.00000000),
(231, 21, 24, 9526096.00000000),
(232, 1, 25, 3722237.00000000),
(233, 2, 25, 35856659.00000000),
(234, 3, 25, 19357229.00000000),
(235, 4, 25, 15536295.00000000),
(236, 5, 25, 9809.00000000),
(237, 6, 25, 1891316.00000000),
(238, 8, 25, 70840.00000000),
(239, 12, 25, 6048.00000000),
(240, 21, 25, 9459707.00000000),
(241, 1, 26, 2771961.00000000),
(242, 2, 26, 29504656.00000000),
(243, 3, 26, 18144358.00000000),
(244, 4, 26, 13304222.00000000),
(245, 5, 26, 164851.00000000),
(246, 6, 26, 1666434.00000000),
(247, 8, 26, 63000.00000000),
(248, 10, 26, 100.00000000),
(249, 12, 26, 5664.00000000),
(250, 21, 26, 9182969.00000000),
(251, 1, 27, 4292419.00000000),
(252, 2, 27, 35309966.00000000),
(253, 3, 27, 19491534.00000000),
(254, 4, 27, 14421751.00000000),
(255, 5, 27, 3346.00000000),
(256, 6, 27, 1953786.00000000),
(257, 8, 27, 69300.00000000),
(258, 12, 27, 6552.00000000),
(259, 21, 27, 11128959.00000000),
(260, 1, 28, 3778788.00000000),
(261, 2, 28, 28413250.00000000),
(262, 3, 28, 16939034.00000000),
(263, 4, 28, 15300421.00000000),
(264, 5, 28, 1544.00000000),
(265, 6, 28, 1905100.00000000),
(266, 8, 28, 65520.00000000),
(267, 9, 28, 6.00000000),
(268, 10, 28, 100.00000000),
(269, 12, 28, 7200.00000000),
(270, 13, 28, 168.00000000),
(271, 21, 28, 11509118.00000000),
(272, 1, 29, 4368425.00000000),
(273, 2, 29, 32561029.00000000),
(274, 3, 29, 17711713.00000000),
(275, 4, 29, 14683995.00000000),
(276, 5, 29, 36512.00000000),
(277, 6, 29, 1696434.00000000),
(278, 8, 29, 64120.00000000),
(279, 10, 29, 100.00000000),
(280, 12, 29, 7560.00000000),
(281, 13, 29, 72.00000000),
(282, 21, 29, 12036830.00000000),
(283, 1, 30, 6247540.00000000),
(284, 2, 30, 33634105.00000000),
(285, 3, 30, 18925672.00000000),
(286, 4, 30, 14927162.00000000),
(287, 6, 30, 1982503.00000000),
(288, 8, 30, 61320.00000000),
(289, 12, 30, 7152.00000000),
(290, 13, 30, 72.00000000),
(291, 21, 30, 10608680.00000000),
(292, 1, 31, 6165631.00000000),
(293, 2, 31, 37376260.00000000),
(294, 3, 31, 19755049.00000000),
(295, 4, 31, 14302031.00000000),
(296, 6, 31, 2154708.00000000),
(297, 8, 31, 62300.00000000),
(298, 10, 31, 100.00000000),
(299, 12, 31, 6888.00000000),
(300, 13, 31, 24.00000000),
(301, 21, 31, 9938308.00000000),
(302, 1, 32, 4206700.00000000),
(303, 2, 32, 36737908.00000000),
(304, 3, 32, 19185945.00000000),
(305, 4, 32, 14211778.00000000),
(306, 6, 32, 1947500.00000000),
(307, 8, 32, 65380.00000000),
(308, 9, 32, 2417.00000000),
(309, 11, 32, 23520.00000000),
(310, 12, 32, 7656.00000000),
(311, 21, 32, 10283949.00000000),
(312, 1, 33, 6460210.00000000),
(313, 2, 33, 34241463.00000000),
(314, 3, 33, 19040517.00000000),
(315, 4, 33, 14582763.00000000),
(316, 6, 33, 1853479.00000000),
(317, 8, 33, 65940.00000000),
(318, 9, 33, 48922.00000000),
(319, 10, 33, 100.00000000),
(320, 11, 33, 14400.00000000),
(321, 12, 33, 6696.00000000),
(322, 13, 33, 240.00000000),
(323, 21, 33, 10077724.00000000),
(324, 1, 34, 6449809.00000000),
(325, 2, 34, 37244163.00000000),
(326, 3, 34, 19862689.00000000),
(327, 4, 34, 14872748.00000000),
(328, 6, 34, 1933596.00000000),
(329, 8, 34, 67060.00000000),
(330, 9, 34, 3.00000000),
(331, 10, 34, 100.00000000),
(332, 12, 34, 6840.00000000),
(333, 21, 34, 11823552.00000000),
(334, 1, 35, 8560983.00000000),
(335, 2, 35, 35660958.00000000),
(336, 3, 35, 19211704.00000000),
(337, 4, 35, 14609736.00000000),
(338, 6, 35, 1652672.00000000),
(339, 8, 35, 67200.00000000),
(340, 11, 35, 2400.00000000),
(341, 12, 35, 7080.00000000),
(342, 13, 35, 24.00000000),
(343, 21, 35, 10603956.00000000),
(344, 1, 36, 4742536.00000000),
(345, 2, 36, 35514901.00000000),
(346, 3, 36, 20000632.00000000),
(347, 4, 36, 14451098.00000000),
(348, 6, 36, 1974503.00000000),
(349, 8, 36, 69020.00000000),
(350, 10, 36, 100.00000000),
(351, 12, 36, 7248.00000000),
(352, 13, 36, 48.00000000),
(353, 21, 36, 10482363.00000000),
(354, 1, 37, 4830088.00000000),
(355, 2, 37, 34647497.00000000),
(356, 3, 37, 11550438.00000000),
(357, 4, 37, 9466037.00000000),
(358, 6, 37, 1970549.00000000),
(359, 8, 37, 65940.00000000),
(360, 10, 37, 100.00000000),
(361, 12, 37, 7200.00000000),
(362, 13, 37, 336.00000000),
(363, 19, 37, 8493746.00000000),
(364, 21, 37, 10621727.00000000),
(365, 1, 38, 4414783.00000000),
(366, 2, 38, 32583068.00000000),
(367, 3, 38, 17767045.00000000),
(368, 4, 38, 12512696.00000000),
(369, 6, 38, 1774995.00000000),
(370, 8, 38, 57260.00000000),
(371, 12, 38, 6144.00000000),
(372, 13, 38, 720.00000000),
(373, 21, 38, 10047488.00000000),
(374, 1, 39, 7951955.00000000),
(375, 2, 39, 32026300.00000000),
(376, 3, 39, 19995390.00000000),
(377, 4, 39, 13910688.00000000),
(378, 6, 39, 2109241.00000000),
(379, 8, 39, 64400.00000000),
(380, 10, 39, 100.00000000),
(381, 12, 39, 7248.00000000),
(382, 13, 39, 816.00000000),
(383, 21, 39, 12186742.00000000),
(384, 1, 40, 6442482.00000000),
(385, 2, 40, 34293058.00000000),
(386, 3, 40, 19519366.00000000),
(387, 4, 40, 13502052.00000000),
(388, 6, 40, 2004164.00000000),
(389, 8, 40, 60760.00000000),
(390, 12, 40, 6624.00000000),
(391, 13, 40, 96.00000000),
(392, 14, 40, 1785.00000000),
(393, 21, 40, 12298347.00000000),
(394, 1, 41, 11264816.00000000),
(395, 2, 41, 37450580.00000000),
(396, 3, 41, 19985280.00000000),
(397, 4, 41, 14518379.00000000),
(398, 6, 41, 2041028.00000000),
(399, 8, 41, 62440.00000000),
(400, 10, 41, 75571.00000000),
(401, 12, 41, 6768.00000000),
(402, 13, 41, 142.00000000),
(403, 14, 41, 746.00000000),
(404, 21, 41, 11505503.00000000),
(405, 1, 42, 8082922.00000000),
(406, 2, 42, 29901932.00000000),
(407, 3, 42, 19235096.00000000),
(408, 4, 42, 13291879.00000000),
(409, 6, 42, 2020891.00000000),
(410, 8, 42, 59640.00000000),
(411, 10, 42, 5040.00000000),
(412, 12, 42, 6720.00000000),
(413, 13, 42, 338.00000000),
(414, 21, 42, 9563777.00000000),
(415, 1, 43, 6793401.00000000),
(416, 2, 43, 34449489.00000000),
(417, 3, 43, 20125353.00000000),
(418, 4, 43, 13571796.00000000),
(419, 6, 43, 2071661.00000000),
(420, 8, 43, 61040.00000000),
(421, 10, 43, 5860.00000000),
(422, 12, 43, 6960.00000000),
(423, 21, 43, 9582717.00000000),
(424, 1, 44, 6776279.00000000),
(425, 2, 44, 35789613.00000000),
(426, 3, 44, 20277375.00000000),
(427, 4, 44, 13996181.00000000),
(428, 6, 44, 1975669.00000000),
(429, 8, 44, 62160.00000000),
(430, 9, 44, 533.00000000),
(431, 10, 44, 5781.00000000),
(432, 12, 44, 6360.00000000),
(433, 21, 44, 10504489.00000000),
(434, 1, 45, 5406194.00000000),
(435, 2, 45, 33866476.00000000),
(436, 3, 45, 19317926.00000000),
(437, 4, 45, 7714942.00000000),
(438, 6, 45, 1967934.00000000),
(439, 8, 45, 59640.00000000),
(440, 10, 45, 4746.00000000),
(441, 11, 45, 35520.00000000),
(442, 12, 45, 5616.00000000),
(443, 21, 45, 9039957.00000000),
(444, 1, 46, 4034296.00000000),
(445, 2, 46, 34529028.00000000),
(446, 3, 46, 20432958.00000000),
(447, 4, 46, 9101884.00000000),
(448, 6, 46, 2071262.00000000),
(449, 8, 46, 66080.00000000),
(450, 10, 46, 5082.00000000),
(451, 12, 46, 6264.00000000),
(452, 21, 46, 9814081.00000000),
(453, 1, 47, 9731592.00000000),
(454, 2, 47, 34302218.00000000),
(455, 3, 47, 19525436.00000000),
(456, 4, 47, 11882239.00000000),
(457, 6, 47, 1773015.00000000),
(458, 8, 47, 63560.00000000),
(459, 10, 47, 5992.00000000),
(460, 12, 47, 6768.00000000),
(461, 21, 47, 9731098.00000000),
(462, 1, 48, 7144497.00000000),
(463, 2, 48, 36568084.00000000),
(464, 3, 48, 20472809.00000000),
(465, 4, 48, 13219349.00000000),
(466, 6, 48, 1959337.00000000),
(467, 8, 48, 66102.00000000),
(468, 10, 48, 5519.00000000),
(469, 12, 48, 7656.00000000),
(470, 21, 48, 9905759.00000000),
(471, 1, 49, 12184447.00000000),
(472, 2, 49, 33796436.00000000),
(473, 3, 49, 19798915.00000000),
(474, 4, 49, 13517790.00000000),
(475, 6, 49, 1854791.00000000),
(476, 8, 49, 62640.00000000),
(477, 10, 49, 5129.00000000),
(478, 12, 49, 6816.00000000),
(479, 21, 49, 9839684.00000000),
(480, 1, 50, 11603853.00000000),
(481, 2, 50, 30672860.00000000),
(482, 3, 50, 18181872.00000000),
(483, 4, 50, 11920855.00000000),
(484, 6, 50, 1756669.59953300),
(485, 8, 50, 56861.00000000),
(486, 10, 50, 4896.00000000),
(487, 11, 50, 4800.00000000),
(488, 12, 50, 6024.00000000),
(489, 21, 50, 9541064.00000000),
(490, 1, 51, 14632893.00000000),
(491, 2, 51, 29980883.00000000),
(492, 3, 51, 19915733.00000000),
(493, 4, 51, 15039254.00000000),
(494, 6, 51, 1929077.00000000),
(495, 8, 51, 63741.00000000),
(496, 10, 51, 5574.00000000),
(497, 12, 51, 6672.00000000),
(498, 21, 51, 11457735.00000000),
(499, 1, 52, 18413831.00000000),
(500, 2, 52, 33765806.47322990),
(501, 3, 52, 20165415.40999990),
(502, 4, 52, 15114472.04000000),
(503, 6, 52, 2007542.00000000),
(504, 8, 52, 62307.00000000),
(505, 10, 52, 5473.00000000),
(506, 12, 52, 7296.00000000),
(507, 21, 52, 12150428.00000000),
(508, 1, 53, 17597759.00000000),
(509, 2, 53, 27073950.99605980),
(510, 3, 53, 21923603.00000000),
(511, 4, 53, 16399168.00000000),
(512, 6, 53, 2444254.00000000),
(513, 8, 53, 65581.00000000),
(514, 10, 53, 5740.00000000),
(515, 12, 53, 6792.00000000),
(516, 21, 53, 12611311.00000000),
(517, 1, 54, 13323583.00000000),
(518, 2, 54, 32849548.00000000),
(519, 3, 54, 20791702.00000000),
(520, 4, 54, 15552842.00000000),
(521, 6, 54, 2202974.00000000),
(522, 8, 54, 61000.00000000),
(523, 10, 54, 5575.00000000),
(524, 11, 54, 5280.00000000),
(525, 12, 54, 6864.00000000),
(526, 20, 54, 9792.00000000),
(527, 21, 54, 11062361.00000000),
(528, 1, 55, 23086576.00000000),
(529, 2, 55, 33303835.00000000),
(530, 3, 55, 21708068.00000000),
(531, 4, 55, 15783327.00000000),
(532, 6, 55, 2282447.00000000),
(533, 8, 55, 63870.00000000),
(534, 10, 55, 5363.00000000),
(535, 12, 55, 6720.00000000),
(536, 21, 55, 9926419.00000000),
(537, 1, 56, 21077935.00000000),
(538, 2, 56, 26615140.00000000),
(539, 3, 56, 21634996.00000000),
(540, 4, 56, 15090520.00000000),
(541, 6, 56, 2369343.00000000),
(542, 8, 56, 60280.00000000),
(543, 9, 56, 840.00000000),
(544, 10, 56, 4625.00000000),
(545, 12, 56, 6576.00000000),
(546, 21, 56, 7769564.00000000),
(547, 1, 57, 20622486.00000000),
(548, 2, 57, 29623175.00000000),
(549, 3, 57, 20165177.00000000),
(550, 4, 57, 14725880.00000000),
(551, 6, 57, 1927416.00000000),
(552, 8, 57, 61345.00000000),
(553, 10, 57, 5317.00000000),
(554, 12, 57, 6576.00000000),
(555, 20, 57, 19584.00000000),
(556, 21, 57, 13638428.00000000),
(557, 1, 58, 25502835.00000000),
(558, 2, 58, 33200890.00000000),
(559, 3, 58, 20985136.00000000),
(560, 4, 58, 15509435.00000000),
(561, 6, 58, 1991205.53769399),
(562, 8, 58, 64001.00000000),
(563, 10, 58, 5800.00000000),
(564, 12, 58, 6840.00000000),
(565, 21, 58, 12238711.00000000),
(566, 1, 59, 25671203.00000000),
(567, 2, 59, 29925218.00000000),
(568, 3, 59, 20191202.00000000),
(569, 4, 59, 15898798.00000000),
(570, 6, 59, 1980111.00000000),
(571, 8, 59, 60401.00000000),
(572, 10, 59, 5674.00000000),
(573, 12, 59, 6686.00000000),
(574, 21, 59, 10676400.00000000),
(575, 1, 60, 17050661.00000000),
(576, 2, 60, 29888866.00000000),
(577, 3, 60, 21083455.00000000),
(578, 4, 60, 12541672.00000000),
(579, 6, 60, 2018565.00000000),
(580, 8, 60, 62753.00000000),
(581, 10, 60, 5524.00000000),
(582, 11, 60, 7385.00000000),
(583, 21, 60, 10138202.00000000),
(584, 1, 61, 21921706.00000000),
(585, 2, 61, 31740404.00000000),
(586, 3, 61, 20571837.00000000),
(587, 4, 61, 15466002.00000000),
(588, 6, 61, 1983766.00000000),
(589, 8, 61, 62009.00000000),
(590, 10, 61, 5339.00000000),
(591, 12, 61, 6384.00000000),
(592, 21, 61, 10131680.00000000),
(593, 1, 62, 16464145.00000000),
(594, 2, 62, 28735166.00000000),
(595, 3, 62, 18857154.00000000),
(596, 4, 62, 14295007.00000000),
(597, 6, 62, 1796782.34980600),
(598, 8, 62, 55571.00000000),
(599, 10, 62, 4577.00000000),
(600, 11, 62, 480.00000000),
(601, 12, 62, 5789.00000000),
(602, 21, 62, 9711219.00000000),
(603, 1, 63, 28996349.00000000),
(604, 2, 63, 33646466.00000000),
(605, 3, 63, 21235787.00000000),
(606, 4, 63, 16425580.00000000),
(607, 6, 63, 2056475.00000000),
(608, 8, 63, 62431.00000000),
(609, 10, 63, 4920.00000000),
(610, 12, 63, 6504.00000000),
(611, 21, 63, 11690025.00000000),
(612, 1, 64, 29940955.00000000),
(613, 2, 64, 29480885.00000000),
(614, 3, 64, 20544041.55000000),
(615, 4, 64, 15498681.85000000),
(616, 6, 64, 2070453.46747100),
(617, 8, 64, 60351.00000000),
(618, 12, 64, 6912.00000000),
(619, 21, 64, 12358039.00000000),
(620, 1, 65, 16820077.00000000),
(621, 2, 65, 30701081.00000000),
(622, 3, 65, 21218872.00000000),
(623, 4, 65, 16617653.00000000),
(624, 6, 65, 2286107.18997900),
(625, 8, 65, 60651.00000000),
(626, 9, 65, 162369.00000000),
(627, 10, 65, 4801.00000000),
(628, 11, 65, 37920.00000000),
(629, 12, 65, 6312.00000000),
(630, 21, 65, 11523152.00000000),
(631, 1, 66, 16949689.00000000),
(632, 2, 66, 27363265.00000000),
(633, 3, 66, 21844306.23000000),
(634, 4, 66, 15947307.24000000),
(635, 6, 66, 2618318.19467500),
(636, 8, 66, 63044.00000000),
(637, 9, 66, 87594.00000000),
(638, 10, 66, 4908.00000000),
(639, 11, 66, 21600.00000000),
(640, 12, 66, 7368.00000000),
(641, 21, 66, 12416508.00000000),
(642, 1, 67, 25418259.00000000),
(643, 2, 67, 33454508.00000000),
(644, 3, 67, 14818962.00000000),
(645, 4, 67, 14886698.00000000),
(646, 6, 67, 2374206.00000000),
(647, 8, 67, 62665.00000000),
(648, 10, 67, 4362.00000000),
(649, 12, 67, 6820.00000000),
(650, 21, 67, 19088936.00000000),
(651, 1, 68, 25604645.00000000),
(652, 2, 68, 33647797.00000000),
(653, 3, 68, 21928210.00000000),
(654, 4, 68, 14823621.00000000),
(655, 6, 68, 2320088.00000000),
(656, 9, 68, 62166.00000000),
(657, 10, 68, 4884.00000000),
(658, 11, 68, 480.00000000),
(659, 12, 68, 6309.00000000),
(660, 21, 68, 11519801.00000000),
(661, 1, 69, 26470906.00000000),
(662, 2, 69, 26463598.00000000),
(663, 3, 69, 21195494.00000000),
(664, 4, 69, 15350651.00000000),
(665, 6, 69, 2435571.00000000),
(666, 8, 69, 63351.00000000),
(667, 9, 69, 63494.00000000),
(668, 10, 69, 5341.00000000),
(669, 11, 69, 25920.00000000),
(670, 12, 69, 5821.00000000),
(671, 15, 69, 26470907.00000000),
(672, 21, 69, 12538678.00000000),
(673, 1, 70, 19120335.00000000),
(674, 2, 70, 32580290.00000000),
(675, 3, 70, 21505091.64000000),
(676, 4, 70, 15860733.49999990),
(677, 6, 70, 2126008.37300000),
(678, 8, 70, 64789.00000000),
(679, 10, 70, 5348.00000000),
(680, 12, 70, 6390.00000000),
(681, 15, 70, 19120335.00000000),
(682, 21, 70, 11449631.00000000),
(683, 1, 71, 24324414.00000000),
(684, 2, 71, 33986626.00000000),
(685, 3, 71, 19268868.00000000),
(686, 4, 71, 15394019.00000000),
(687, 6, 71, 1834984.00000000),
(688, 8, 71, 62597.00000000),
(689, 10, 71, 4865.00000000),
(690, 12, 71, 5818.00000000),
(691, 15, 71, 24324414.00000000),
(692, 21, 71, 10450002.00000000),
(693, 1, 72, 24599396.00000000),
(694, 2, 72, 26816147.00000000),
(695, 3, 72, 21068441.00000000),
(696, 4, 72, 15591407.00000000),
(697, 6, 72, 2001764.00000000),
(698, 8, 72, 65607.00000000),
(699, 10, 72, 5304.00000000),
(700, 12, 72, 6398.00000000),
(701, 15, 72, 24599396.00000000),
(702, 21, 72, 9910726.00000000),
(703, 1, 68, 25604644.00000000),
(719, 1, 73, 22816992.00000000),
(720, 2, 73, 35485950.00000000),
(721, 3, 73, 20911630.00000000),
(722, 4, 73, 16581943.00000000),
(723, 1, 74, 27576298.00000000),
(724, 2, 74, 32255400.00000000),
(725, 3, 74, 19246574.00000000),
(726, 4, 74, 14858048.00000000),
(727, 6, 74, 1846571.00000000),
(728, 8, 74, 58395.00000000),
(729, 10, 74, 5485.00000000),
(730, 12, 74, 5572.00000000),
(731, 15, 74, 27576298.00000000),
(732, 21, 74, 10203686.00000000),
(733, 1, 75, 30246010.00000000),
(734, 2, 75, 30759108.00000000),
(735, 3, 75, 21746693.00000000),
(736, 4, 75, 16141042.00000000),
(737, 6, 75, 2173193.00000000),
(738, 8, 75, 64021.00000000),
(739, 10, 75, 5138.00000000),
(740, 12, 75, 7037.00000000),
(741, 15, 75, 30246012.00000000),
(742, 21, 75, 12446265.00000000),
(743, 1, 76, 12010771.00000000),
(744, 2, 76, 29633521.00000000),
(745, 3, 76, 21994997.00000000),
(746, 4, 76, 13922779.00000000),
(747, 6, 76, 1997848.00000000),
(748, 8, 76, 63636.00000000),
(749, 10, 76, 5180.00000000),
(750, 12, 76, 6362.00000000),
(751, 15, 76, 12010771.00000000),
(752, 21, 76, 12735758.00000000),
(753, 1, 77, 16552570.00000000),
(754, 2, 77, 36057074.00000000),
(755, 3, 77, 24043616.00000000),
(756, 4, 77, 15067698.00000000),
(757, 6, 77, 2754144.00000000),
(758, 8, 77, 72476.00000000),
(759, 10, 77, 5404.00000000),
(760, 12, 77, 7011.00000000),
(761, 15, 77, 16552570.00000000),
(762, 21, 77, 13580773.00000000),
(763, 1, 78, 9698968.00000000),
(764, 2, 78, 30005905.00000000),
(765, 3, 78, 22515606.00000000),
(766, 4, 78, 15575220.00000000),
(767, 6, 78, 2552472.00000000),
(768, 8, 78, 64960.00000000),
(769, 10, 78, 4998.00000000),
(770, 12, 78, 9044.00000000),
(771, 15, 78, 9698968.00000000),
(772, 21, 78, 11126489.00000000),
(773, 1, 79, 20206780.00000000),
(774, 2, 79, 29809768.00000000),
(775, 3, 79, 21358105.00000000),
(776, 4, 79, 14882035.00000000),
(777, 6, 79, 2255401.00000000),
(778, 8, 79, 62440.00000000),
(779, 10, 79, 4872.00000000),
(780, 12, 79, 6672.00000000),
(781, 15, 79, 20206780.00000000),
(782, 21, 79, 9708067.00000000),
(783, 6, 73, 1928111.00000000),
(784, 8, 73, 62174.00000000),
(785, 10, 73, 5656.00000000),
(786, 12, 73, 5864.00000000),
(787, 15, 73, 22816992.00000000),
(788, 21, 73, 10694211.00000000),
(789, 10, 64, 4692.00000000);

--
-- Disparadores `energia_recibida`
--
DELIMITER $$
CREATE TRIGGER `calcular_balance_recibida` AFTER INSERT ON `energia_recibida` FOR EACH ROW BEGIN
    UPDATE balance_mensual
    SET energia_mensual_recibida = COALESCE((
        SELECT SUM(energia)
        FROM energia_recibida
        WHERE id_fecha = NEW.id_fecha
    ), 0)
    WHERE id_fecha = NEW.id_fecha;
END
$$
DELIMITER ;
DELIMITER $$
CREATE TRIGGER `calcular_balance_recibida_actualizacion` AFTER UPDATE ON `energia_recibida` FOR EACH ROW BEGIN
    UPDATE balance_mensual
    SET energia_mensual_recibida = (
        SELECT COALESCE(SUM(energia), 0)
        FROM energia_recibida
        WHERE id_fecha = NEW.id_fecha
    )
    WHERE id_fecha = NEW.id_fecha;
END
$$
DELIMITER ;
DELIMITER $$
CREATE TRIGGER `calcular_balance_recibida_eliminacion` AFTER DELETE ON `energia_recibida` FOR EACH ROW BEGIN
    DECLARE energia_eliminar DECIMAL(10, 2);

    SET energia_eliminar = OLD.energia;

    UPDATE balance_mensual
    SET energia_mensual_recibida = (
        SELECT COALESCE(energia_mensual_recibida, 0) - energia_eliminar
        FROM balance_mensual
        WHERE id_fecha = OLD.id_fecha
    )
    WHERE id_fecha = OLD.id_fecha;
END
$$
DELIMITER ;

-- --------------------------------------------------------

--
-- Estructura de tabla para la tabla `energia_sub_mt`
--

CREATE TABLE `energia_sub_mt` (
  `id` int(11) NOT NULL,
  `id_fecha` int(11) DEFAULT NULL,
  `id_sub_ermt` int(11) DEFAULT NULL,
  `energia` decimal(20,8) DEFAULT NULL
) ENGINE=InnoDB DEFAULT CHARSET=utf8mb4 COLLATE=utf8mb4_general_ci;

--
-- Volcado de datos para la tabla `energia_sub_mt`
--

INSERT INTO `energia_sub_mt` (`id`, `id_fecha`, `id_sub_ermt`, `energia`) VALUES
(1, 1, 1, 1266305.00000000),
(2, 1, 2, 2878259.00000000),
(3, 1, 3, 4910873.00000000),
(4, 1, 5, 8947762.00000000),
(5, 1, 6, 4442219.00000000),
(6, 1, 7, 3819877.00000000),
(7, 1, 8, 1317078.00000000),
(8, 2, 1, 1145558.00000000),
(9, 2, 2, 2909903.00000000),
(10, 2, 3, 4599952.00000000),
(11, 2, 5, 8152491.00000000),
(12, 2, 6, 4282303.00000000),
(13, 2, 7, 3546231.00000000),
(14, 2, 8, 1178102.00000000),
(15, 3, 1, 1848348.00000000),
(16, 3, 2, 3837043.00000000),
(17, 3, 3, 5316887.00000000),
(18, 3, 5, 9165814.00000000),
(19, 3, 6, 4629984.00000000),
(20, 3, 7, 3747634.00000000),
(21, 3, 8, 1351323.00000000),
(22, 4, 1, 2054771.00000000),
(23, 4, 2, 3942315.00000000),
(24, 4, 3, 5335850.00000000),
(25, 4, 5, 9083132.00000000),
(26, 4, 6, 4891937.00000000),
(27, 4, 7, 3710841.00000000),
(28, 4, 8, 1290457.00000000),
(29, 5, 1, 1761419.00000000),
(30, 5, 2, 3705018.00000000),
(31, 5, 3, 5611932.00000000),
(32, 5, 4, 4972.00000000),
(33, 5, 5, 9218152.00000000),
(34, 5, 6, 4781999.00000000),
(35, 5, 7, 3649933.00000000),
(36, 5, 8, 1422698.00000000),
(37, 6, 1, 1506953.00000000),
(38, 6, 2, 2867228.00000000),
(39, 6, 3, 5018748.00000000),
(40, 6, 5, 8827935.00000000),
(41, 6, 6, 4645218.00000000),
(42, 6, 7, 3355916.00000000),
(43, 6, 8, 1355294.00000000),
(44, 7, 1, 1774014.00000000),
(45, 7, 2, 3453420.00000000),
(46, 7, 3, 5108902.00000000),
(47, 7, 4, 23514.00000000),
(48, 7, 5, 8811134.00000000),
(49, 7, 6, 4667513.00000000),
(50, 7, 7, 3431703.00000000),
(51, 7, 8, 1386311.00000000),
(52, 8, 1, 1906966.00000000),
(53, 8, 2, 3548995.00000000),
(54, 8, 3, 5198867.00000000),
(55, 8, 5, 9217156.00000000),
(56, 8, 6, 4874321.00000000),
(57, 8, 7, 3497726.00000000),
(58, 8, 8, 1392698.00000000),
(59, 9, 1, 1507820.00000000),
(60, 9, 2, 3096139.00000000),
(61, 9, 3, 4936556.00000000),
(62, 9, 5, 8883167.00000000),
(63, 9, 6, 4553692.00000000),
(64, 9, 7, 3547762.00000000),
(65, 9, 8, 1342783.00000000),
(66, 10, 1, 1541641.00000000),
(67, 10, 2, 3060429.00000000),
(68, 10, 3, 5156677.00000000),
(69, 10, 5, 9100904.00000000),
(70, 10, 6, 4861461.00000000),
(71, 10, 7, 3815492.00000000),
(72, 10, 8, 1358819.00000000),
(73, 11, 1, 1475093.00000000),
(74, 11, 2, 2702020.00000000),
(75, 11, 3, 4937190.00000000),
(76, 11, 5, 9074297.00000000),
(77, 11, 6, 4861461.00000000),
(78, 11, 7, 3566709.00000000),
(79, 11, 8, 1303549.00000000),
(80, 12, 1, 1482383.05852500),
(81, 12, 2, 2903566.00000000),
(82, 12, 3, 5114149.00000000),
(83, 12, 5, 9104759.00000000),
(84, 12, 6, 4368684.00000000),
(85, 12, 7, 3844820.00000000),
(86, 12, 8, 1467720.00000000),
(87, 13, 1, 1431000.00000000),
(88, 13, 2, 2818401.00000000),
(89, 13, 3, 5065033.00000000),
(90, 13, 5, 9103003.00000000),
(91, 13, 6, 4368684.00000000),
(92, 13, 7, 3841515.00000000),
(93, 13, 8, 1583211.00000000),
(94, 14, 1, 1581262.00000000),
(95, 14, 2, 2888347.00000000),
(96, 14, 3, 4596956.00000000),
(97, 14, 5, 8266297.00000000),
(98, 14, 6, 4512123.00000000),
(99, 14, 7, 3396426.00000000),
(100, 14, 8, 1258208.00000000),
(101, 15, 1, 1842504.00000000),
(102, 15, 2, 3754201.00000000),
(103, 15, 3, 5369264.00000000),
(104, 15, 4, 1474.00000000),
(105, 15, 5, 9425936.00000000),
(106, 15, 6, 4857206.00000000),
(107, 15, 7, 3701167.00000000),
(108, 15, 8, 1428447.00000000),
(109, 16, 1, 1999653.00000000),
(110, 16, 2, 3973913.00000000),
(111, 16, 3, 5354586.00000000),
(112, 16, 5, 9503684.00000000),
(113, 16, 6, 4439940.00000000),
(114, 16, 7, 3557050.00000000),
(115, 16, 8, 1392011.00000000),
(116, 17, 1, 2284906.00000000),
(117, 17, 2, 4124564.00000000),
(118, 17, 3, 5705151.00000000),
(119, 17, 5, 10173241.00000000),
(120, 17, 6, 4734694.00000000),
(121, 17, 7, 3533858.00000000),
(122, 17, 8, 1510903.00000000),
(123, 18, 1, 1516727.00000000),
(124, 18, 2, 2405326.00000000),
(125, 18, 3, 4900541.00000000),
(126, 18, 5, 9258274.00000000),
(127, 18, 6, 5035345.00000000),
(128, 18, 7, 3306153.00000000),
(129, 18, 8, 1336100.00000000),
(130, 19, 1, 1783318.00000000),
(131, 19, 2, 4124564.00000000),
(132, 19, 3, 4905802.00000000),
(133, 19, 5, 9448418.00000000),
(134, 19, 6, 4735345.00000000),
(135, 19, 7, 3452018.00000000),
(136, 19, 8, 1456770.00000000),
(137, 20, 1, 1768838.00000000),
(138, 20, 2, 3522937.00000000),
(139, 20, 3, 5158002.00000000),
(140, 20, 5, 9570326.00000000),
(141, 20, 6, 4868079.00000000),
(142, 20, 7, 3668141.00000000),
(143, 20, 8, 1430630.00000000),
(144, 21, 1, 2108605.00000000),
(145, 21, 2, 3502094.00000000),
(146, 21, 3, 5086730.00000000),
(147, 21, 5, 9227377.00000000),
(148, 21, 6, 4618695.00000000),
(149, 21, 7, 3294925.00000000),
(150, 21, 8, 1416577.00000000),
(151, 22, 1, 1944884.00000000),
(152, 22, 2, 3096019.00000000),
(153, 22, 3, 5110299.00000000),
(154, 22, 5, 9515894.00000000),
(155, 22, 6, 4765717.00000000),
(156, 22, 7, 3507346.00000000),
(157, 22, 8, 1513846.00000000),
(158, 23, 1, 1588550.00000000),
(159, 23, 2, 2965770.00000000),
(160, 23, 3, 4938607.00000000),
(161, 23, 5, 9038418.00000000),
(162, 23, 6, 4513852.00000000),
(163, 23, 7, 3586036.00000000),
(164, 23, 8, 1534969.00000000),
(165, 24, 1, 1527910.00000000),
(166, 24, 2, 2864196.00000000),
(167, 24, 3, 5072935.00000000),
(168, 24, 5, 9482201.00000000),
(169, 24, 6, 4449946.00000000),
(170, 24, 7, 3576791.00000000),
(171, 24, 8, 1501724.00000000),
(172, 25, 1, 1454851.00000000),
(173, 25, 2, 2932294.00000000),
(174, 25, 3, 4996289.00000000),
(175, 25, 5, 9415762.00000000),
(176, 25, 6, 4722845.00000000),
(177, 25, 7, 3494791.00000000),
(178, 25, 8, 1429018.00000000),
(179, 26, 1, 1673403.00000000),
(180, 26, 2, 3035231.00000000),
(181, 26, 3, 4585121.00000000),
(182, 26, 5, 8754118.00000000),
(183, 26, 6, 4546402.00000000),
(184, 26, 7, 3196586.00000000),
(185, 26, 8, 1378193.00000000),
(186, 27, 1, 2024779.00000000),
(187, 27, 2, 3678107.00000000),
(188, 27, 3, 5338877.00000000),
(189, 27, 5, 9668335.00000000),
(190, 27, 6, 4908919.00000000),
(191, 27, 7, 3154468.00000000),
(192, 27, 8, 1475267.00000000),
(193, 28, 1, 2115125.00000000),
(194, 28, 2, 4043696.00000000),
(195, 28, 3, 5271922.00000000),
(196, 28, 5, 9236565.00000000),
(197, 28, 6, 3681264.00000000),
(198, 28, 7, 2195316.00000000),
(199, 28, 8, 1604664.00000000),
(200, 29, 1, 2240824.00000000),
(201, 29, 2, 4109639.00000000),
(202, 29, 3, 5592125.00000000),
(203, 29, 5, 9406267.00000000),
(204, 29, 6, 3979019.00000000),
(205, 29, 7, 2263968.00000000),
(206, 29, 8, 1797734.00000000),
(207, 30, 1, 1836878.00000000),
(208, 30, 2, 3465285.00000000),
(209, 30, 3, 5221173.00000000),
(210, 30, 5, 9110640.00000000),
(211, 30, 6, 4914603.00000000),
(212, 30, 7, 3221822.00000000),
(213, 30, 8, 1395539.00000000),
(214, 31, 1, 1650073.00000000),
(215, 31, 2, 3030174.00000000),
(216, 31, 3, 5171777.00000000),
(217, 31, 5, 9420929.00000000),
(218, 31, 6, 4897363.00000000),
(219, 31, 7, 3626979.00000000),
(220, 31, 8, 1517637.00000000),
(221, 32, 1, 1814604.00000000),
(222, 32, 2, 3258399.00000000),
(223, 32, 3, 5128193.00000000),
(224, 32, 4, 461.00000000),
(225, 32, 5, 9558925.00000000),
(226, 32, 6, 4607558.00000000),
(227, 32, 7, 3436611.00000000),
(228, 32, 8, 1554635.00000000),
(229, 33, 1, 1680059.00000000),
(230, 33, 2, 3558881.00000000),
(231, 33, 3, 4773660.00000000),
(232, 33, 4, 8066.00000000),
(233, 33, 5, 8956467.00000000),
(234, 33, 6, 4971692.00000000),
(235, 33, 7, 3355091.00000000),
(236, 33, 8, 1451003.00000000),
(237, 34, 1, 2282031.00000000),
(238, 34, 2, 4264635.00000000),
(239, 34, 3, 5198266.00000000),
(240, 34, 5, 9466923.00000000),
(241, 34, 6, 4959212.00000000),
(242, 34, 7, 3716583.00000000),
(243, 34, 8, 1475149.00000000),
(244, 35, 1, 1784282.00000000),
(245, 35, 2, 3730769.00000000),
(246, 35, 3, 5005167.00000000),
(247, 35, 5, 9228008.00000000),
(248, 35, 6, 4800027.00000000),
(249, 35, 7, 3434482.00000000),
(250, 35, 8, 1456175.00000000),
(251, 36, 1, 1677468.00000000),
(252, 36, 2, 3492703.00000000),
(253, 36, 3, 5245869.00000000),
(254, 36, 5, 9603952.00000000),
(255, 36, 6, 4686415.00000000),
(256, 36, 7, 3861274.00000000),
(257, 36, 8, 1551226.00000000),
(258, 37, 1, 1760882.00000000),
(259, 37, 2, 3526391.00000000),
(260, 37, 3, 5253373.00000000),
(261, 37, 5, 9431684.00000000),
(262, 37, 6, 4752996.00000000),
(263, 37, 7, 3489721.00000000),
(264, 37, 8, 1537557.00000000),
(265, 38, 1, 1713964.00000000),
(266, 38, 2, 3495405.00000000),
(267, 38, 3, 4764921.00000000),
(268, 38, 5, 8497189.00000000),
(269, 38, 6, 4372833.00000000),
(270, 38, 7, 3330641.00000000),
(271, 38, 8, 1301300.00000000),
(272, 39, 1, 2138750.00000000),
(273, 39, 2, 4441908.00000000),
(274, 39, 3, 5542745.00000000),
(275, 39, 5, 9909879.00000000),
(276, 39, 6, 4727388.00000000),
(277, 39, 7, 3593532.00000000),
(278, 39, 8, 1453382.00000000),
(279, 40, 1, 2296529.00000000),
(280, 40, 2, 4666810.00000000),
(281, 40, 3, 5353990.00000000),
(282, 40, 5, 9468126.00000000),
(283, 40, 6, 4725316.00000000),
(284, 40, 7, 3483006.00000000),
(285, 40, 8, 1552083.00000000),
(286, 41, 1, 1970896.00000000),
(287, 41, 2, 4167000.00000000),
(288, 41, 3, 5404291.00000000),
(289, 41, 5, 9666513.00000000),
(290, 41, 6, 4745007.00000000),
(291, 41, 7, 3719441.00000000),
(292, 41, 8, 1534544.00000000),
(293, 42, 1, 1463644.00000000),
(294, 42, 2, 3104316.00000000),
(295, 42, 3, 5020071.00000000),
(296, 42, 5, 9271618.00000000),
(297, 42, 6, 4697651.00000000),
(298, 42, 7, 3506268.00000000),
(299, 42, 8, 1463336.00000000),
(300, 43, 1, 1239761.00000000),
(301, 43, 2, 3297095.00000000),
(302, 43, 3, 5085135.00000000),
(303, 43, 5, 9530478.00000000),
(304, 43, 6, 4894504.00000000),
(305, 43, 7, 3827316.00000000),
(306, 43, 8, 1561246.00000000),
(307, 44, 1, 1484325.00000000),
(308, 44, 2, 3801814.00000000),
(309, 44, 3, 5243407.00000000),
(310, 44, 5, 9663192.00000000),
(311, 44, 6, 4948546.00000000),
(312, 44, 7, 3898919.00000000),
(313, 44, 8, 1463003.00000000),
(314, 45, 1, 1184148.00000000),
(315, 45, 2, 2978771.00000000),
(316, 45, 3, 4871029.00000000),
(317, 45, 5, 8954452.00000000),
(318, 45, 6, 4773734.00000000),
(319, 45, 7, 3914892.00000000),
(320, 45, 8, 977378.00000000),
(321, 46, 1, 1303216.00000000),
(322, 46, 2, 3380752.00000000),
(323, 46, 3, 5166506.00000000),
(324, 46, 5, 9426886.00000000),
(325, 46, 6, 5068551.00000000),
(326, 46, 7, 4151201.00000000),
(327, 46, 8, 1496073.00000000),
(328, 47, 1, 1390091.00000000),
(329, 47, 2, 3367530.00000000),
(330, 47, 3, 5008253.00000000),
(331, 47, 5, 9114063.00000000),
(332, 47, 6, 4709229.00000000),
(333, 47, 7, 3873623.00000000),
(334, 47, 8, 1563434.00000000),
(335, 48, 1, 1287913.00000000),
(336, 48, 2, 3418281.00000000),
(337, 48, 3, 5240743.00000000),
(338, 48, 5, 9736350.00000000),
(339, 48, 6, 4854723.00000000),
(340, 48, 7, 4014782.00000000),
(341, 48, 8, 1571198.00000000),
(342, 49, 1, 1336704.00000000),
(343, 49, 2, 3392858.00000000),
(344, 49, 3, 5146411.00000000),
(345, 49, 5, 9550326.00000000),
(346, 49, 6, 4518606.00000000),
(347, 49, 7, 3903786.00000000),
(348, 49, 8, 1508700.00000000),
(349, 50, 1, 1322391.00000000),
(350, 50, 2, 3276459.00000000),
(351, 50, 3, 4799994.00000000),
(352, 50, 5, 8654243.00000000),
(353, 50, 6, 4272647.00000000),
(354, 50, 7, 3648933.00000000),
(355, 50, 8, 1322467.00000000),
(356, 51, 1, 1646488.00000000),
(357, 51, 2, 4302035.00000000),
(358, 51, 3, 5441252.00000000),
(359, 51, 5, 9861122.00000000),
(360, 51, 6, 4910109.00000000),
(361, 51, 7, 4075157.00000000),
(362, 51, 8, 1572038.00000000),
(363, 52, 1, 1804124.00000000),
(364, 52, 2, 4590544.00000000),
(365, 52, 3, 5497123.00000000),
(366, 52, 5, 10099481.00000000),
(367, 52, 6, 4742297.00000000),
(368, 52, 7, 4030234.00000000),
(369, 52, 8, 1667152.00000000),
(370, 53, 1, 1848756.00000000),
(371, 53, 2, 4630941.00000000),
(372, 53, 3, 5714375.00000000),
(373, 53, 5, 10714600.00000000),
(374, 53, 6, 5124722.00000000),
(375, 53, 7, 4122734.00000000),
(376, 53, 8, 1594135.00000000),
(377, 54, 1, 1649908.00000000),
(378, 54, 2, 4003778.00000000),
(379, 54, 3, 5312129.00000000),
(380, 54, 5, 9962381.00000000),
(381, 54, 6, 4932395.00000000),
(382, 54, 7, 4001613.00000000),
(383, 54, 8, 1559660.00000000),
(384, 55, 1, 1552594.00000000),
(385, 55, 2, 3621344.00000000),
(386, 55, 3, 5886555.00000000),
(387, 55, 5, 10468665.00000000),
(388, 55, 6, 5175329.00000000),
(389, 55, 7, 4137943.00000000),
(390, 55, 8, 1578964.00000000),
(391, 56, 1, 1552517.00000000),
(392, 56, 2, 3593336.00000000),
(393, 56, 3, 5782334.00000000),
(394, 56, 5, 10305889.00000000),
(395, 56, 6, 5054935.00000000),
(396, 56, 7, 4175774.00000000),
(397, 56, 8, 1451644.00000000),
(398, 57, 1, 1605421.00000000),
(399, 57, 2, 3528204.00000000),
(400, 57, 3, 5532019.00000000),
(401, 57, 5, 9540673.00000000),
(402, 57, 6, 4678519.00000000),
(403, 57, 7, 4059074.00000000),
(404, 57, 8, 1576132.00000000),
(405, 58, 1, 1566410.00000000),
(406, 58, 2, 3487849.00000000),
(407, 58, 3, 5763156.00000000),
(408, 58, 5, 9817223.00000000),
(409, 58, 6, 5013034.00000000),
(410, 58, 7, 4208212.00000000),
(411, 58, 8, 1578811.00000000),
(412, 59, 1, 1501963.00000000),
(413, 59, 2, 3249699.00000000),
(414, 59, 3, 5606270.00000000),
(415, 59, 5, 9490450.00000000),
(416, 59, 6, 4768640.00000000),
(417, 59, 7, 3954667.00000000),
(418, 59, 8, 1582398.00000000),
(419, 60, 1, 1283269.00000000),
(420, 60, 2, 3163695.00000000),
(421, 60, 3, 5716504.00000000),
(422, 60, 5, 9886472.00000000),
(423, 60, 6, 4864822.00000000),
(424, 60, 7, 4278218.00000000),
(425, 60, 8, 1729671.00000000),
(426, 61, 1, 1284023.00000000),
(427, 61, 2, 3160444.00000000),
(428, 61, 3, 1619851.00000000),
(429, 61, 5, 9784155.00000000),
(430, 61, 6, 4908393.00000000),
(431, 61, 7, 3914114.00000000),
(432, 61, 8, 1619851.00000000),
(433, 62, 1, 1385937.00000000),
(434, 62, 2, 3111337.00000000),
(435, 62, 3, 5335705.00000000),
(436, 62, 5, 8812051.00000000),
(437, 62, 6, 4485663.00000000),
(438, 62, 7, 3767282.00000000),
(439, 62, 8, 1494413.00000000),
(440, 63, 1, 1715641.00000000),
(441, 63, 2, 4227906.00000000),
(442, 63, 3, 5766174.00000000),
(443, 63, 5, 10135434.00000000),
(444, 63, 6, 5072280.00000000),
(445, 63, 7, 4039963.00000000),
(446, 63, 8, 1639986.00000000),
(447, 64, 1, 1871423.00000000),
(448, 64, 2, 4403089.00000000),
(449, 64, 3, 6104020.00000000),
(450, 64, 5, 10205132.00000000),
(451, 64, 6, 4893055.00000000),
(452, 64, 7, 3656390.00000000),
(453, 64, 8, 1440633.00000000),
(454, 65, 1, 1655426.00000000),
(455, 65, 2, 3755974.00000000),
(456, 65, 3, 6138724.00000000),
(457, 65, 4, 154403.00000000),
(458, 65, 5, 9959667.00000000),
(459, 65, 6, 5335381.00000000),
(460, 65, 7, 4151804.00000000),
(461, 65, 8, 1575757.00000000),
(462, 66, 1, 1951415.00000000),
(463, 66, 2, 3980637.00000000),
(464, 66, 3, 6499292.00000000),
(465, 66, 4, 86389.00000000),
(466, 66, 5, 10617608.00000000),
(467, 66, 6, 5820305.00000000),
(468, 66, 7, 3555552.00000000),
(469, 66, 8, 1528386.00000000),
(470, 67, 1, 1622085.95000000),
(471, 67, 2, 3844235.38000000),
(472, 67, 3, 6245314.59000000),
(473, 67, 5, 10908354.43000000),
(474, 67, 6, 5454416.09000000),
(475, 67, 7, 3844235.38000000),
(476, 67, 8, 1522140.99000000),
(477, 68, 1, 1662804.70000000),
(478, 68, 2, 3661983.54000000),
(479, 68, 3, 6212505.94000000),
(480, 68, 5, 10763507.89000000),
(481, 68, 6, 5270809.30000000),
(482, 68, 7, 3661983.54000000),
(483, 68, 8, 1586119.08000000),
(484, 69, 1, 2018421.00000000),
(485, 69, 2, 4220175.00000000),
(486, 69, 3, 6313467.00000000),
(487, 69, 4, 63006.00000000),
(488, 69, 5, 10233760.00000000),
(489, 69, 6, 5156490.00000000),
(490, 69, 7, 3898513.00000000),
(491, 69, 8, 1529322.00000000),
(492, 70, 1, 1677104.00000000),
(493, 70, 2, 3702735.00000000),
(494, 70, 3, 6094574.45073500),
(495, 70, 5, 10174328.00000000),
(496, 70, 6, 5309417.00000000),
(497, 70, 7, 3702735.00000000),
(498, 70, 8, 1642289.00000000),
(499, 71, 1, 1477669.03137200),
(500, 71, 2, 3126917.80010800),
(501, 71, 3, 5677274.47564300),
(502, 71, 5, 9657804.68999998),
(503, 71, 6, 5379526.29935399),
(504, 71, 7, 3126917.80010800),
(505, 71, 8, 1531600.83592900),
(506, 72, 1, 1208941.00000000),
(507, 72, 2, 2902841.00000000),
(508, 72, 3, 5822624.00000000),
(509, 72, 5, 10210791.00000000),
(510, 72, 6, 4745506.00000000),
(511, 72, 7, 4009080.00000000),
(512, 72, 8, 1662609.00000000),
(536, 73, 1, 1461450.00000000),
(537, 73, 2, 3313704.00000000),
(538, 73, 3, 5852031.00000000),
(539, 73, 4, 0.00000000),
(540, 73, 5, 9955608.00000000),
(541, 73, 6, 5229793.00000000),
(542, 73, 7, 3840967.00000000),
(543, 73, 8, 1586149.00000000),
(544, 74, 1, 1427071.00000000),
(545, 74, 2, 3286198.00000000),
(546, 74, 3, 5514891.00000000),
(547, 74, 5, 9269162.00000000),
(548, 74, 6, 4622704.00000000),
(549, 74, 7, 1493302.00000000),
(550, 74, 8, 3650884.00000000),
(551, 75, 1, 2062857.00000000),
(552, 75, 2, 4117017.00000000),
(553, 75, 3, 6286068.00000000),
(554, 75, 5, 10502833.00000000),
(555, 75, 6, 5325986.00000000),
(556, 75, 7, 3971700.00000000),
(557, 75, 8, 1602806.00000000),
(558, 76, 1, 2090119.00000000),
(559, 76, 2, 4289416.00000000),
(560, 76, 3, 6343731.00000000),
(561, 76, 5, 10519148.00000000),
(562, 76, 6, 5260787.00000000),
(563, 76, 7, 4009509.00000000),
(564, 76, 8, 1814126.00000000),
(565, 77, 1, 1933893.00000000),
(566, 77, 2, 4677014.00000000),
(567, 77, 3, 6980349.00000000),
(568, 77, 5, 11748778.00000000),
(569, 77, 6, 5427911.00000000),
(570, 77, 7, 4214868.00000000),
(571, 77, 8, 1948006.00000000);

-- --------------------------------------------------------

--
-- Estructura de tabla para la tabla `entidad`
--

CREATE TABLE `entidad` (
  `id` int(11) NOT NULL,
  `descripcion` varchar(15) NOT NULL
) ENGINE=InnoDB DEFAULT CHARSET=utf8mb4 COLLATE=utf8mb4_general_ci;

--
-- Volcado de datos para la tabla `entidad`
--

INSERT INTO `entidad` (`id`, `descripcion`) VALUES
(1, 'A.T.T.C.'),
(2, 'G.R.P.C.'),
(3, 'DIV.GOLF.C'),
(4, 'DIV.C.OTE.'),
(5, 'Z.SJR'),
(6, 'PEMEX'),
(7, 'PORTEO');

-- --------------------------------------------------------

--
-- Estructura de tabla para la tabla `e_e_mt`
--

CREATE TABLE `e_e_mt` (
  `id` int(11) NOT NULL,
  `id_fecha` int(11) NOT NULL,
  `id_zona` int(11) NOT NULL,
  `energia` decimal(20,8) NOT NULL
) ENGINE=InnoDB DEFAULT CHARSET=utf8mb4 COLLATE=utf8mb4_general_ci;

--
-- Volcado de datos para la tabla `e_e_mt`
--

INSERT INTO `e_e_mt` (`id`, `id_fecha`, `id_zona`, `energia`) VALUES
(1, 1, 1, 173790.00000000),
(2, 1, 2, 428546.00000000),
(3, 1, 3, 72185.00000000),
(4, 1, 4, 323261.00000000),
(5, 1, 5, 23628288.00000000),
(6, 2, 1, 158569.00000000),
(7, 2, 2, 393640.00000000),
(8, 2, 3, 68780.00000000),
(9, 2, 4, 316515.00000000),
(10, 2, 5, 24227146.00000000),
(11, 3, 1, 247803.00000000),
(12, 3, 2, 419636.00000000),
(13, 3, 3, 97025.00000000),
(14, 3, 4, 320008.00000000),
(15, 3, 5, 24576694.00000000),
(16, 4, 1, 250125.00000000),
(17, 4, 2, 490925.00000000),
(18, 4, 3, 112369.00000000),
(19, 4, 4, 26540.00000000),
(20, 4, 5, 26549801.00000000),
(21, 5, 1, 290271.00000000),
(22, 5, 2, 407415.00000000),
(23, 5, 3, 103773.00000000),
(24, 5, 4, 27237.00000000),
(25, 5, 5, 26039672.00000000),
(26, 6, 1, 259374.00000000),
(27, 6, 2, 383889.00000000),
(28, 6, 3, 75541.00000000),
(29, 6, 4, 26616.00000000),
(30, 6, 5, 25695299.00000000),
(31, 7, 1, 276175.00000000),
(32, 7, 2, 395167.00000000),
(33, 7, 3, 90892.00000000),
(34, 7, 4, 27269.00000000),
(35, 7, 5, 24189274.00000000),
(36, 8, 1, 280539.00000000),
(37, 8, 2, 406008.00000000),
(38, 8, 3, 93177.00000000),
(39, 8, 4, 27361.00000000),
(40, 8, 5, 26124244.00000000),
(41, 9, 1, 248505.00000000),
(42, 9, 2, 411644.00000000),
(43, 9, 3, 83181.00000000),
(44, 9, 4, 26668.00000000),
(45, 9, 5, 24184889.00000000),
(46, 10, 1, 294798.00000000),
(47, 10, 2, 411326.00000000),
(48, 10, 3, 84466.00000000),
(49, 10, 4, 27637.00000000),
(50, 10, 5, 25465372.00000000),
(51, 11, 1, 267529.00000000),
(52, 11, 2, 481343.00000000),
(53, 11, 3, 81753.00000000),
(54, 11, 4, 25833.00000000),
(55, 11, 5, 23727975.00000000),
(56, 12, 1, 227936.00000000),
(57, 12, 2, 484768.00000000),
(58, 12, 3, 80396.00000000),
(59, 12, 4, 26806.00000000),
(60, 12, 5, 24262892.00000000),
(61, 13, 1, 218877.00000000),
(62, 13, 2, 479726.00000000),
(63, 13, 3, 78968.00000000),
(64, 13, 4, 27414.00000000),
(65, 13, 5, 24889447.00000000),
(66, 14, 1, 171346.00000000),
(67, 14, 2, 390748.00000000),
(68, 14, 3, 76398.00000000),
(69, 14, 4, 24323.00000000),
(70, 14, 5, 24829642.00000000),
(71, 15, 1, 182989.00000000),
(72, 15, 2, 429467.00000000),
(73, 15, 3, 75984.00000000),
(74, 15, 4, 27791.00000000),
(75, 15, 5, 25566833.00000000),
(76, 16, 1, 195086.00000000),
(77, 16, 2, 407149.00000000),
(78, 16, 3, 73971.00000000),
(79, 16, 4, 29286.00000000),
(80, 16, 5, 26472334.00000000),
(81, 17, 1, 182823.00000000),
(82, 17, 2, 412913.00000000),
(83, 17, 3, 75684.00000000),
(84, 17, 4, 30262.00000000),
(85, 17, 5, 27071214.00000000),
(86, 18, 1, 189686.00000000),
(87, 18, 2, 417897.00000000),
(88, 18, 3, 100174.00000000),
(89, 18, 4, 29286.00000000),
(90, 18, 5, 26412365.00000000),
(91, 19, 1, 239445.00000000),
(92, 19, 2, 494797.00000000),
(93, 19, 3, 97461.00000000),
(94, 19, 4, 30262.00000000),
(95, 19, 5, 24855955.00000000),
(96, 20, 1, 163159.00000000),
(97, 20, 2, 410509.00000000),
(98, 20, 3, 84752.00000000),
(99, 20, 4, 30262.00000000),
(100, 20, 5, 26488834.00000000),
(101, 21, 1, 173994.00000000),
(102, 21, 2, 390515.00000000),
(103, 21, 3, 89678.00000000),
(104, 21, 4, 29286.00000000),
(105, 21, 5, 25557078.00000000),
(106, 22, 1, 166477.00000000),
(107, 22, 2, 403256.00000000),
(108, 22, 3, 95676.00000000),
(109, 22, 4, 30262.00000000),
(110, 22, 5, 26127961.00000000),
(111, 23, 1, 209249.00000000),
(112, 23, 2, 394626.00000000),
(113, 23, 3, 106172.00000000),
(114, 23, 4, 29286.00000000),
(115, 23, 5, 24918849.00000000),
(116, 24, 1, 208450.00000000),
(117, 24, 2, 409296.00000000),
(118, 24, 3, 87465.00000000),
(119, 24, 4, 30262.00000000),
(120, 24, 5, 25033596.00000000),
(121, 25, 1, 293262.00000000),
(122, 25, 2, 407136.00000000),
(123, 25, 3, 100888.00000000),
(124, 25, 4, 30262.00000000),
(125, 25, 5, 24416121.00000000),
(126, 26, 1, 297715.00000000),
(127, 26, 2, 389191.00000000),
(128, 26, 3, 82824.00000000),
(129, 26, 4, 28309.00000000),
(130, 26, 5, 24974664.00000000),
(131, 27, 1, 326200.00000000),
(132, 27, 2, 407048.00000000),
(133, 27, 3, 110813.00000000),
(134, 27, 4, 30262.00000000),
(135, 27, 5, 24968495.00000000),
(136, 28, 1, 402489.00000000),
(137, 28, 2, 388802.00000000),
(138, 28, 3, 110171.00000000),
(139, 28, 4, 29286.00000000),
(140, 28, 5, 24516178.00000000),
(141, 29, 1, 386436.00000000),
(142, 29, 2, 426474.00000000),
(143, 29, 3, 108742.00000000),
(144, 29, 4, 30262.00000000),
(145, 29, 5, 24428441.00000000),
(146, 30, 1, 370400.00000000),
(147, 30, 2, 420016.00000000),
(148, 30, 3, 100959.00000000),
(149, 30, 4, 29286.00000000),
(150, 30, 5, 26324427.00000000),
(151, 31, 1, 391863.00000000),
(152, 31, 2, 561332.00000000),
(153, 31, 3, 91392.00000000),
(154, 31, 4, 30262.00000000),
(155, 31, 5, 24994889.00000000),
(156, 32, 1, 428408.00000000),
(157, 32, 2, 439754.00000000),
(158, 32, 3, 81325.00000000),
(159, 32, 4, 30262.00000000),
(160, 32, 5, 26032611.00000000),
(161, 33, 1, 372090.00000000),
(162, 33, 2, 435598.00000000),
(163, 33, 3, 72899.00000000),
(164, 33, 4, 29286.00000000),
(165, 33, 5, 24765751.00000000),
(166, 34, 1, 385229.00000000),
(167, 34, 2, 451766.00000000),
(168, 34, 3, 86251.00000000),
(169, 34, 4, 30262.00000000),
(170, 34, 5, 27795837.00000000),
(171, 35, 1, 395730.00000000),
(172, 35, 2, 444197.00000000),
(173, 35, 3, 88465.00000000),
(174, 35, 4, 29286.00000000),
(175, 35, 5, 25692456.00000000),
(176, 36, 1, 323499.00000000),
(177, 36, 2, 461806.00000000),
(178, 36, 3, 89393.00000000),
(179, 36, 4, 30262.00000000),
(180, 36, 5, 25352993.00000000),
(181, 37, 1, 359907.00000000),
(182, 37, 2, 445335.00000000),
(183, 37, 3, 81611.00000000),
(184, 37, 4, 30262.00000000),
(185, 37, 5, 25265940.00000000),
(186, 38, 1, 334687.00000000),
(187, 38, 2, 392584.00000000),
(188, 38, 3, 86823.00000000),
(189, 38, 4, 27333.00000000),
(190, 38, 5, 25453474.00000000),
(191, 39, 1, 411898.00000000),
(192, 39, 2, 446089.00000000),
(193, 39, 3, 91463.00000000),
(194, 39, 4, 30262.00000000),
(195, 39, 5, 25889464.00000000),
(196, 40, 1, 436270.00000000),
(197, 40, 2, 409786.00000000),
(198, 40, 3, 111812.00000000),
(199, 40, 4, 29286.00000000),
(200, 40, 5, 27258442.00000000),
(201, 41, 1, 447582.00000000),
(202, 41, 2, 478663.00000000),
(203, 41, 3, 86180.00000000),
(204, 41, 4, 30262.00000000),
(205, 41, 5, 25980052.00000000),
(206, 42, 1, 422001.00000000),
(207, 42, 2, 424588.00000000),
(208, 42, 3, 82895.00000000),
(209, 42, 4, 29286.00000000),
(210, 42, 5, 25866943.00000000),
(211, 43, 1, 481738.00000000),
(212, 43, 2, 432438.00000000),
(213, 43, 3, 67116.00000000),
(214, 43, 4, 30262.00000000),
(215, 43, 5, 24470420.00000000),
(216, 44, 1, 431821.00000000),
(217, 44, 2, 444875.00000000),
(218, 44, 3, 85394.00000000),
(219, 44, 4, 30262.00000000),
(220, 44, 5, 26844750.00000000),
(221, 45, 1, 381879.00000000),
(222, 45, 2, 412347.00000000),
(223, 45, 3, 85037.00000000),
(224, 45, 4, 29286.00000000),
(225, 45, 5, 24707179.00000000),
(226, 46, 1, 449554.00000000),
(227, 46, 2, 442628.00000000),
(228, 46, 3, 79040.00000000),
(229, 46, 4, 30262.00000000),
(230, 46, 5, 25409679.00000000),
(231, 47, 1, 434553.00000000),
(232, 47, 2, 445912.00000000),
(233, 47, 3, 56263.00000000),
(234, 47, 4, 29286.00000000),
(235, 47, 5, 25167641.00000000),
(236, 48, 1, 410191.00000000),
(237, 48, 2, 454813.00000000),
(238, 48, 3, 114383.00000000),
(239, 48, 4, 30262.00000000),
(240, 48, 5, 25251118.00000000),
(241, 49, 1, 392463.00000000),
(242, 49, 2, 453138.00000000),
(243, 49, 3, 88893.00000000),
(244, 49, 4, 30262.00000000),
(245, 49, 5, 24469099.00000000),
(246, 50, 1, 366157.00000000),
(247, 50, 2, 391298.00000000),
(248, 50, 3, 78040.00000000),
(249, 50, 4, 27333.00000000),
(250, 50, 5, 25085052.00000000),
(251, 51, 1, 434589.00000000),
(252, 51, 2, 441294.00000000),
(253, 51, 3, 107243.00000000),
(254, 51, 4, 30262.00000000),
(255, 51, 5, 26906318.00000000),
(256, 52, 1, 489208.00000000),
(257, 52, 2, 439205.00000000),
(258, 52, 3, 96390.00000000),
(259, 52, 4, 29286.00000000),
(260, 52, 5, 27895886.00000000),
(261, 53, 1, 518772.00000000),
(262, 53, 2, 545559.93023256),
(263, 53, 3, 118024.00000000),
(264, 53, 4, 30262.00000000),
(265, 53, 5, 27940286.00000000),
(266, 54, 1, 463105.00000000),
(267, 54, 2, 459072.27906977),
(268, 54, 3, 141800.00000000),
(269, 54, 4, 29286.00000000),
(270, 54, 5, 28998183.00000000),
(271, 55, 1, 477980.00000000),
(272, 55, 2, 465475.93023256),
(273, 55, 3, 359570.00000000),
(274, 55, 4, 30262.00000000),
(275, 55, 5, 27215976.00000000),
(276, 56, 1, 377785.00000000),
(277, 56, 2, 466471.58139535),
(278, 56, 3, 349289.00000000),
(279, 56, 4, 29286.00000000),
(280, 56, 5, 27374588.00000000),
(281, 57, 1, 377785.00000000),
(282, 57, 2, 450179.58139535),
(283, 57, 3, 417133.00000000),
(284, 57, 4, 29286.00000000),
(285, 57, 5, 27374588.00000000),
(286, 58, 1, 467170.00000000),
(287, 58, 2, 455077.93023256),
(288, 58, 3, 427243.00000000),
(289, 58, 4, 30262.00000000),
(290, 58, 5, 27334474.00000000),
(291, 59, 1, 408604.00000000),
(292, 59, 2, 451265.93023256),
(293, 59, 3, 464315.00000000),
(294, 59, 4, 29286.00000000),
(295, 59, 5, 26327732.00000000),
(296, 60, 1, 394537.00000000),
(297, 60, 2, 452266.58139535),
(298, 60, 3, 425329.00000000),
(299, 60, 4, 30262.00000000),
(300, 60, 5, 26423411.00000000),
(301, 61, 1, 389569.00000000),
(302, 61, 2, 456914.93023256),
(303, 61, 3, 418689.00000000),
(304, 61, 4, 30262.00000000),
(305, 61, 5, 25767776.00000000),
(306, 62, 1, 374431.00000000),
(307, 62, 2, 398898.23255814),
(308, 62, 3, 384846.00000000),
(309, 62, 4, 27333.00000000),
(310, 62, 5, 25792740.00000000),
(311, 63, 1, 350373.00000000),
(312, 63, 2, 441501.00000000),
(313, 63, 3, 488090.00000000),
(314, 63, 4, 30262.00000000),
(315, 63, 5, 26615980.00000000),
(316, 64, 1, 380266.00000000),
(317, 64, 2, 432654.93023256),
(318, 64, 3, 525219.00000000),
(319, 64, 4, 29286.00000000),
(320, 64, 5, 27740995.00000000),
(321, 65, 1, 384869.00000000),
(322, 65, 2, 438878.93023256),
(323, 65, 3, 531859.00000000),
(324, 65, 4, 30262.00000000),
(325, 65, 5, 28450535.00000000),
(326, 66, 1, 290087.00000000),
(327, 66, 2, 467814.93023256),
(328, 66, 3, 483449.00000000),
(329, 66, 4, 29286.00000000),
(330, 66, 5, 30341512.00000000),
(331, 67, 1, 400449.00000000),
(332, 67, 2, 481795.00000000),
(333, 67, 3, 451105.00000000),
(334, 67, 4, 30262.00000000),
(335, 67, 5, 28656084.00000000),
(336, 68, 1, 259097.00000000),
(337, 68, 2, 448763.00000000),
(338, 68, 3, 462601.00000000),
(339, 68, 4, 30262.00000000),
(340, 68, 5, 30499042.00000000),
(341, 69, 1, 260277.00000000),
(342, 69, 2, 446568.00000000),
(343, 69, 3, 486591.00000000),
(344, 69, 4, 29286.00000000),
(345, 69, 5, 29192832.00000000),
(346, 70, 1, 267810.00000000),
(347, 70, 2, 453754.00000000),
(348, 70, 3, 518721.00000000),
(349, 70, 4, 30262.00000000),
(350, 70, 5, 29505558.00000000),
(351, 71, 1, 256144.00000000),
(352, 71, 2, 425293.00000000),
(353, 71, 3, 460316.00000000),
(354, 71, 4, 29286.00000000),
(355, 71, 5, 26949194.00000000),
(356, 72, 1, 325836.00000000),
(357, 72, 2, 434349.58139535),
(358, 72, 3, 452176.00000000),
(359, 72, 4, 30262.00000000),
(360, 72, 5, 25000030.00000000),
(373, 73, 1, 323436.00000000),
(374, 73, 2, 443906.00000000),
(375, 73, 3, 432041.00000000),
(376, 73, 4, 30262.00000000),
(377, 73, 5, 25919414.00000000),
(378, 74, 1, 300151.00000000),
(379, 74, 2, 394504.00000000),
(380, 74, 3, 402625.00000000),
(381, 74, 4, 28309.00000000),
(382, 74, 5, 26543595.00000000),
(383, 75, 1, 355220.00000000),
(384, 75, 2, 425341.00000000),
(385, 75, 3, 462458.00000000),
(386, 75, 4, 30261.00000000),
(387, 75, 5, 26838788.00000000),
(388, 76, 1, 322725.00000000),
(389, 76, 2, 425755.00000000),
(390, 76, 3, 515722.00000000),
(391, 76, 4, 81478.00000000),
(392, 76, 5, 29541529.00000000),
(393, 77, 1, 353296.00000000),
(394, 77, 2, 477357.00000000),
(395, 77, 3, 566916.00000000),
(396, 77, 4, 0.00000000),
(397, 77, 5, 30245219.00000000);

--
-- Disparadores `e_e_mt`
--
DELIMITER $$
CREATE TRIGGER `calcular_ee_mt_total` AFTER INSERT ON `e_e_mt` FOR EACH ROW BEGIN
    UPDATE balance_media_tension a
    INNER JOIN (
        SELECT id_fecha, SUM(energia) AS energia
        FROM e_e_mt
        GROUP BY id_fecha
    ) b ON a.id_fecha = b.id_fecha 
    SET a.energia_mensual_entregada = b.energia;
END
$$
DELIMITER ;
DELIMITER $$
CREATE TRIGGER `calcular_ee_mt_total_actualizacion` AFTER UPDATE ON `e_e_mt` FOR EACH ROW BEGIN
    UPDATE balance_media_tension 
    SET energia_mensual_entregada = (
        SELECT COALESCE(SUM(energia), 0)
        FROM e_e_mt
        WHERE id_fecha = NEW.id_fecha
    ) WHERE id_fecha = NEW.id_fecha;
END
$$
DELIMITER ;
DELIMITER $$
CREATE TRIGGER `calcular_ee_mt_total_eliminacion` AFTER DELETE ON `e_e_mt` FOR EACH ROW BEGIN
    UPDATE balance_media_tension
    SET energia_mensual_entregada = (
        SELECT COALESCE(SUM(energia), 0)
        FROM e_e_mt
        WHERE id_fecha = OLD.id_fecha
    ) WHERE id_fecha = OLD.id_fecha;
END
$$
DELIMITER ;
DELIMITER $$
CREATE TRIGGER `eliminar_ultimo_registro_e_e_mt` AFTER DELETE ON `e_e_mt` FOR EACH ROW BEGIN 
    DECLARE total_mensual DECIMAL(20, 8);

    SELECT SUM(energia) INTO total_mensual FROM e_e_mt WHERE id_fecha = OLD.id_fecha;

    IF total_mensual IS NULL THEN
        UPDATE balance_media_tension SET energia_mensual_entregada = 0.00000000 WHERE id_fecha = OLD.id_fecha;
        SELECT energia_mensual_entregada INTO @energia_mensual FROM balance_media_tension WHERE id_fecha = OLD.id_fecha;
        
        IF @energia_mensual = 0.00000000 THEN
            UPDATE balance_am_mt SET energia_anual_entregada = 0.00000000 WHERE id_fecha = OLD.id_fecha;
        END IF;
    END IF;
END
$$
DELIMITER ;

-- --------------------------------------------------------

--
-- Estructura de tabla para la tabla `e_r_mt`
--

CREATE TABLE `e_r_mt` (
  `id` int(11) NOT NULL,
  `id_fecha` int(11) NOT NULL,
  `id_zona` int(11) NOT NULL,
  `energia` decimal(20,8) NOT NULL
) ENGINE=InnoDB DEFAULT CHARSET=utf8mb4 COLLATE=utf8mb4_general_ci;

--
-- Volcado de datos para la tabla `e_r_mt`
--

INSERT INTO `e_r_mt` (`id`, `id_fecha`, `id_zona`, `energia`) VALUES
(1, 1, 1, 69078.00000000),
(2, 1, 2, 1713299.00000000),
(3, 2, 1, 63536.00000000),
(4, 2, 2, 1566353.00000000),
(5, 3, 1, 70770.00000000),
(6, 3, 2, 1758435.00000000),
(7, 4, 1, 65810.00000000),
(8, 4, 2, 1751078.00000000),
(9, 5, 1, 70850.00000000),
(10, 5, 2, 1828343.00000000),
(11, 6, 1, 62684.00000000),
(12, 6, 2, 1761677.00000000),
(13, 7, 1, 66906.00000000),
(14, 7, 2, 1859256.00000000),
(15, 8, 1, 70746.00000000),
(16, 8, 2, 1812382.00000000),
(17, 9, 1, 66834.00000000),
(18, 9, 2, 1818899.00000000),
(19, 10, 1, 71904.00000000),
(20, 10, 2, 1868185.00000000),
(21, 11, 1, 70754.00000000),
(22, 11, 2, 1779903.00000000),
(23, 12, 1, 73828.00000000),
(24, 12, 2, 1814563.00000000),
(25, 13, 1, 72194.00000000),
(26, 13, 2, 1640782.00000000),
(27, 14, 1, 64638.00000000),
(28, 14, 2, 1678401.00000000),
(29, 15, 1, 70118.00000000),
(30, 15, 2, 1814834.00000000),
(31, 16, 1, 68280.00000000),
(32, 16, 2, 1814806.00000000),
(33, 17, 1, 70108.00000000),
(34, 17, 2, 2085430.00000000),
(35, 18, 1, 63964.00000000),
(36, 18, 2, 1910216.00000000),
(37, 19, 1, 65534.00000000),
(38, 19, 2, 1997333.00000000),
(39, 20, 1, 65418.00000000),
(40, 20, 2, 2082132.00000000),
(41, 21, 1, 69204.00000000),
(42, 21, 2, 1918149.00000000),
(43, 22, 1, 73616.00000000),
(44, 22, 2, 1806969.00000000),
(45, 23, 1, 75684.00000000),
(46, 23, 2, 1652672.00000000),
(47, 24, 1, 114593.00000000),
(48, 24, 2, 1912979.00000000),
(49, 25, 1, 76888.00000000),
(50, 25, 2, 1891316.00000000),
(51, 26, 1, 68764.00000000),
(52, 26, 2, 1666434.00000000),
(53, 27, 1, 75852.00000000),
(54, 27, 2, 1953786.00000000),
(55, 28, 1, 72994.00000000),
(56, 28, 2, 1905100.00000000),
(57, 29, 1, 71852.00000000),
(58, 29, 2, 1696434.00000000),
(59, 30, 1, 68544.00000000),
(60, 30, 2, 1982503.00000000),
(61, 31, 1, 69312.00000000),
(62, 31, 2, 2154708.00000000),
(63, 32, 1, 98973.00000000),
(64, 32, 2, 1947500.00000000),
(65, 33, 1, 136298.00000000),
(66, 33, 2, 1853479.00000000),
(67, 34, 1, 74003.00000000),
(68, 34, 2, 1933596.00000000),
(69, 35, 1, 76704.00000000),
(70, 35, 2, 1652672.00000000),
(71, 36, 1, 76416.00000000),
(72, 36, 2, 1974503.00000000),
(73, 37, 1, 73576.00000000),
(74, 37, 2, 1970549.00000000),
(75, 38, 1, 57260.00000000),
(76, 38, 2, 1774995.00000000),
(77, 39, 1, 64500.00000000),
(78, 39, 2, 2109241.00000000),
(79, 40, 1, 60760.00000000),
(80, 40, 2, 2004164.00000000),
(81, 41, 1, 138011.00000000),
(82, 41, 2, 2041028.00000000),
(83, 42, 1, 71738.00000000),
(84, 42, 2, 2020891.00000000),
(85, 43, 1, 73860.00000000),
(86, 43, 2, 2071661.00000000),
(87, 44, 1, 74834.00000000),
(88, 44, 2, 1975669.00000000),
(89, 45, 1, 105522.00000000),
(90, 45, 2, 1967934.00000000),
(91, 46, 1, 77426.00000000),
(92, 46, 2, 2071262.00000000),
(93, 47, 1, 76320.00000000),
(94, 47, 2, 1773015.00000000),
(95, 48, 1, 79277.00000000),
(96, 48, 2, 1959337.00000000),
(97, 49, 1, 74585.00000000),
(98, 49, 2, 1854790.69539699),
(99, 50, 1, 72581.00000000),
(100, 50, 2, 1756669.59953300),
(101, 51, 1, 75987.00000000),
(102, 51, 2, 1929077.00000000),
(103, 52, 1, 75076.00000000),
(104, 52, 2, 2007542.00000000),
(105, 53, 1, 78113.00000000),
(106, 53, 2, 2444254.76376199),
(107, 54, 1, 78719.00000000),
(108, 54, 2, 2202974.26075300),
(109, 54, 3, 9792.00000000),
(110, 55, 1, 75953.00000000),
(111, 55, 2, 2282447.00000000),
(112, 56, 1, 72321.00000000),
(113, 56, 2, 2369343.45506100),
(114, 57, 1, 73238.00000000),
(115, 57, 2, 1927416.00000000),
(116, 58, 1, 76641.00000000),
(117, 58, 2, 1991205.53769399),
(118, 59, 1, 72761.00000000),
(119, 59, 2, 1980110.83088300),
(120, 60, 1, 75662.00000000),
(121, 60, 2, 2018565.31319800),
(122, 61, 1, 73732.00000000),
(123, 61, 2, 1983765.86628101),
(124, 62, 1, 66417.00000000),
(125, 62, 2, 1796782.34980600),
(126, 63, 1, 73855.00000000),
(127, 63, 2, 2056474.99180400),
(128, 64, 1, 71954.00000000),
(129, 64, 2, 2070453.46747100),
(130, 65, 1, 272053.00000000),
(131, 65, 2, 2286107.18997900),
(132, 66, 1, 184514.00000000),
(133, 66, 2, 2618318.19467500),
(134, 67, 1, 73847.00000000),
(135, 67, 2, 2374206.05022900),
(136, 68, 1, 73839.00000000),
(137, 68, 2, 2320088.24095500),
(138, 69, 1, 163927.00000000),
(139, 69, 2, 2435571.24281099),
(140, 70, 1, 76527.00000000),
(141, 70, 2, 2126008.37300000),
(142, 71, 1, 73280.00000000),
(143, 71, 2, 1834984.48600000),
(144, 72, 1, 77309.00000000),
(145, 72, 2, 2001764.21268100),
(155, 73, 1, 73694.00000000),
(156, 73, 2, 1928111.00000000),
(157, 74, 1, 69452.00000000),
(158, 74, 2, 1803716.00000000),
(159, 75, 1, 76196.00000000),
(160, 75, 2, 2173193.00000000),
(161, 76, 1, 75178.00000000),
(162, 76, 2, 1997848.00000000),
(163, 76, 3, 0.00000000),
(164, 77, 1, 84891.00000000),
(165, 77, 2, 2754144.00000000);

--
-- Disparadores `e_r_mt`
--
DELIMITER $$
CREATE TRIGGER `calcular_er_mt_total` AFTER INSERT ON `e_r_mt` FOR EACH ROW BEGIN
    UPDATE balance_media_tension a
    INNER JOIN (
        SELECT id_fecha, SUM(energia) AS energia
        FROM e_r_mt
        GROUP BY id_fecha
    ) b ON a.id_fecha = b.id_fecha 
    SET a.energia_mensual_recibida = b.energia + (SELECT COALESCE(SUM(energia), 0) FROM `energia_sub_mt` WHERE id_fecha = a.id_fecha);
END
$$
DELIMITER ;
DELIMITER $$
CREATE TRIGGER `calcular_er_mt_total_actualizacion` AFTER UPDATE ON `e_r_mt` FOR EACH ROW BEGIN
    UPDATE balance_media_tension 
    SET energia_mensual_recibida = (
        SELECT COALESCE(SUM(energia), 0)
        FROM e_r_mt
        WHERE id_fecha = NEW.id_fecha
    ) + (SELECT COALESCE(SUM(energia), 0) FROM `energia_sub_mt` WHERE id_fecha = NEW.id_fecha)
    WHERE id_fecha = OLD.id_fecha;
END
$$
DELIMITER ;
DELIMITER $$
CREATE TRIGGER `calcular_er_mt_total_eliminacion` AFTER DELETE ON `e_r_mt` FOR EACH ROW BEGIN
    UPDATE balance_media_tension
    SET energia_mensual_recibida = (
        SELECT COALESCE(SUM(energia), 0)
        FROM e_r_mt
        WHERE id_fecha = OLD.id_fecha
    ) + (SELECT COALESCE(SUM(energia), 0) FROM `energia_sub_mt` WHERE id_fecha = OLD.id_fecha)
    WHERE id_fecha = OLD.id_fecha;
END
$$
DELIMITER ;
DELIMITER $$
CREATE TRIGGER `eliminar_ultimo_registro_e_r_mt` AFTER DELETE ON `e_r_mt` FOR EACH ROW BEGIN 
    DECLARE total_mensual DECIMAL(20, 8);

    SELECT SUM(energia) INTO total_mensual FROM e_r_mt WHERE id_fecha = OLD.id_fecha;

    IF total_mensual IS NULL THEN
        UPDATE balance_media_tension SET energia_mensual_recibida = 0.00000000 WHERE id_fecha = OLD.id_fecha;        
        SELECT energia_mensual_recibida INTO @energia_mensual FROM balance_media_tension WHERE id_fecha = OLD.id_fecha;
        
        IF @energia_mensual = 0.00000000 THEN
            UPDATE balance_am_mt SET energia_anual_recibida = 0.00000000 WHERE id_fecha = OLD.id_fecha;
        END IF;
    END IF;
END
$$
DELIMITER ;

-- --------------------------------------------------------

--
-- Estructura de tabla para la tabla `failed_jobs`
--

CREATE TABLE `failed_jobs` (
  `id` bigint(20) UNSIGNED NOT NULL,
  `uuid` varchar(255) NOT NULL,
  `connection` text NOT NULL,
  `queue` text NOT NULL,
  `payload` longtext NOT NULL,
  `exception` longtext NOT NULL,
  `failed_at` timestamp NOT NULL DEFAULT current_timestamp()
) ENGINE=InnoDB DEFAULT CHARSET=utf8mb4 COLLATE=utf8mb4_unicode_ci;

-- --------------------------------------------------------

--
-- Estructura de tabla para la tabla `fechas`
--

CREATE TABLE `fechas` (
  `id` int(11) NOT NULL,
  `id_mes` int(11) DEFAULT NULL,
  `id_year` int(11) DEFAULT NULL,
  `fecha` varchar(20) NOT NULL
) ENGINE=InnoDB DEFAULT CHARSET=utf8mb4 COLLATE=utf8mb4_general_ci;

--
-- Volcado de datos para la tabla `fechas`
--

INSERT INTO `fechas` (`id`, `id_mes`, `id_year`, `fecha`) VALUES
(1, 1, 18, 'Enero 2018'),
(2, 2, 18, 'Febrero 2018'),
(3, 3, 18, 'Marzo 2018'),
(4, 4, 18, 'Abril 2018'),
(5, 5, 18, 'Mayo 2018'),
(6, 6, 18, 'Junio 2018'),
(7, 7, 18, 'Julio 2018'),
(8, 8, 18, 'Agosto 2018'),
(9, 9, 18, 'Septiembre 2018'),
(10, 10, 18, 'Octubre 2018'),
(11, 11, 18, 'Noviembre 2018'),
(12, 12, 18, 'Diciembre 2018'),
(13, 1, 19, 'Enero 2019'),
(14, 2, 19, 'Febrero 2019'),
(15, 3, 19, 'Marzo 2019'),
(16, 4, 19, 'Abril 2019'),
(17, 5, 19, 'Mayo 2019'),
(18, 6, 19, 'Junio 2019'),
(19, 7, 19, 'Julio 2019'),
(20, 8, 19, 'Agosto 2019'),
(21, 9, 19, 'Septiembre 2019'),
(22, 10, 19, 'Octubre 2019'),
(23, 11, 19, 'Noviembre 2019'),
(24, 12, 19, 'Diciembre 2019'),
(25, 1, 20, 'Enero 2020'),
(26, 2, 20, 'Febrero 2020'),
(27, 3, 20, 'Marzo 2020'),
(28, 4, 20, 'Abril 2020'),
(29, 5, 20, 'Mayo 2020'),
(30, 6, 20, 'Junio 2020'),
(31, 7, 20, 'Julio 2020'),
(32, 8, 20, 'Agosto 2020'),
(33, 9, 20, 'Septiembre 2020'),
(34, 10, 20, 'Octubre 2020'),
(35, 11, 20, 'Noviembre 2020'),
(36, 12, 20, 'Diciembre 2020'),
(37, 1, 21, 'Enero 2021'),
(38, 2, 21, 'Febrero 2021'),
(39, 3, 21, 'Marzo 2021'),
(40, 4, 21, 'Abril 2021'),
(41, 5, 21, 'Mayo 2021'),
(42, 6, 21, 'Junio 2021'),
(43, 7, 21, 'Julio 2021'),
(44, 8, 21, 'Agosto 2021'),
(45, 9, 21, 'Septiembre 2021'),
(46, 10, 21, 'Octubre 2021'),
(47, 11, 21, 'Noviembre 2021'),
(48, 12, 21, 'Diciembre 2021'),
(49, 1, 22, 'Enero 2022'),
(50, 2, 22, 'Febrero 2022'),
(51, 3, 22, 'Marzo 2022'),
(52, 4, 22, 'Abril 2022'),
(53, 5, 22, 'Mayo 2022'),
(54, 6, 22, 'Junio 2022'),
(55, 7, 22, 'Julio 2022'),
(56, 8, 22, 'Agosto 2022'),
(57, 9, 22, 'Septiembre 2022'),
(58, 10, 22, 'Octubre 2022'),
(59, 11, 22, 'Noviembre 2022'),
(60, 12, 22, 'Diciembre 2022'),
(61, 1, 23, 'Enero 2023'),
(62, 2, 23, 'Febrero 2023'),
(63, 3, 23, 'Marzo 2023'),
(64, 4, 23, 'Abril 2023'),
(65, 5, 23, 'Mayo 2023'),
(66, 6, 23, 'Junio 2023'),
(67, 7, 23, 'Julio 2023'),
(68, 8, 23, 'Agosto 2023'),
(69, 9, 23, 'Septiembre 2023'),
(70, 10, 23, 'Octubre 2023'),
(71, 11, 23, 'Noviembre 2023'),
(72, 12, 23, 'Diciembre 2023'),
(73, 1, 24, 'Enero 2024'),
(74, 2, 24, 'Febrero 2024'),
(75, 3, 24, 'Marzo 2024'),
(76, 4, 24, 'Abril 2024'),
(77, 5, 24, 'Mayo 2024'),
(78, 6, 24, 'Junio 2024'),
(79, 7, 24, 'Julio 2024'),
(80, 8, 24, 'Agosto 2024'),
(81, 9, 24, 'Septiembre 2024'),
(82, 10, 24, 'Octubre 2024'),
(83, 11, 24, 'Noviembre 2024'),
(84, 12, 24, 'Diciembre 2024'),
(133, 1, 25, 'Enero 2025'),
(134, 2, 25, 'Febrero 2025'),
(135, 3, 25, 'Marzo 2025'),
(136, 4, 25, 'Abril 2025'),
(137, 5, 25, 'Mayo 2025'),
(138, 6, 25, 'Junio 2025'),
(139, 7, 25, 'Julio 2025'),
(140, 8, 25, 'Agosto 2025'),
(141, 9, 25, 'Septiembre 2025'),
(142, 10, 25, 'Octubre 2025'),
(143, 11, 25, 'Noviembre 2025'),
(144, 12, 25, 'Diciembre 2025');

--
-- Disparadores `fechas`
--
DELIMITER $$
CREATE TRIGGER `actualizar_fechas` BEFORE UPDATE ON `fechas` FOR EACH ROW BEGIN
    SET NEW.fecha = (SELECT CONCAT(m.mes, ' ', y.year) 
                     FROM meses AS m 
                     JOIN years AS y ON NEW.id_mes = m.id AND NEW.id_year = y.id 
                     WHERE y.year >= 2018);
END
$$
DELIMITER ;

-- --------------------------------------------------------

--
-- Estructura de tabla para la tabla `jobs`
--

CREATE TABLE `jobs` (
  `id` bigint(20) UNSIGNED NOT NULL,
  `queue` varchar(255) NOT NULL,
  `payload` longtext NOT NULL,
  `attempts` tinyint(3) UNSIGNED NOT NULL,
  `reserved_at` int(10) UNSIGNED DEFAULT NULL,
  `available_at` int(10) UNSIGNED NOT NULL,
  `created_at` int(10) UNSIGNED NOT NULL
) ENGINE=InnoDB DEFAULT CHARSET=utf8mb4 COLLATE=utf8mb4_unicode_ci;

-- --------------------------------------------------------

--
-- Estructura de tabla para la tabla `job_batches`
--

CREATE TABLE `job_batches` (
  `id` varchar(255) NOT NULL,
  `name` varchar(255) NOT NULL,
  `total_jobs` int(11) NOT NULL,
  `pending_jobs` int(11) NOT NULL,
  `failed_jobs` int(11) NOT NULL,
  `failed_job_ids` longtext NOT NULL,
  `options` mediumtext DEFAULT NULL,
  `cancelled_at` int(11) DEFAULT NULL,
  `created_at` int(11) NOT NULL,
  `finished_at` int(11) DEFAULT NULL
) ENGINE=InnoDB DEFAULT CHARSET=utf8mb4 COLLATE=utf8mb4_unicode_ci;

-- --------------------------------------------------------

--
-- Estructura de tabla para la tabla `medidores`
--

CREATE TABLE `medidores` (
  `id` int(11) NOT NULL,
  `numero` varchar(20) NOT NULL,
  `marca` varchar(20) NOT NULL,
  `modelo` varchar(20) NOT NULL,
  `tipo` varchar(15) NOT NULL,
  `codigo` varchar(15) NOT NULL,
  `kh` decimal(4,2) NOT NULL
) ENGINE=InnoDB DEFAULT CHARSET=utf8mb4 COLLATE=utf8mb4_general_ci;

--
-- Volcado de datos para la tabla `medidores`
--

INSERT INTO `medidores` (`id`, `numero`, `marca`, `modelo`, `tipo`, `codigo`, `kh`) VALUES
(1, '1F1C05', 'ION', '8650', 'Tablero', 'VM2Y', 1.80),
(2, '1F0C76', 'ION', '8650', 'Tablero', 'VM2Y', 1.80),
(3, 'PT3601', 'ION', '8600', 'Tablero', 'VM2Y', 1.80),
(4, '003302', 'ARTECHE', 'DM9200T', 'Tablero', 'VM2Y', 1.80),
(5, '000912', 'ARTECHE', 'DM9200T', 'Tablero', 'VM2Y', 1.80),
(6, '970552', 'ION', '8650', 'Tablero', 'VM2Y', 1.80),
(7, '003255', 'ARTECHE', 'DM9200T', 'Tablero', 'VM2Y', 1.80),
(8, '980507', 'ION', '8650', 'Tablero', 'VM2Y', 1.80);

-- --------------------------------------------------------

--
-- Estructura de tabla para la tabla `meses`
--

CREATE TABLE `meses` (
  `id` int(11) NOT NULL,
  `mes` varchar(15) NOT NULL
) ENGINE=InnoDB DEFAULT CHARSET=utf8mb4 COLLATE=utf8mb4_general_ci;

--
-- Volcado de datos para la tabla `meses`
--

INSERT INTO `meses` (`id`, `mes`) VALUES
(1, 'Enero'),
(2, 'Febrero'),
(3, 'Marzo'),
(4, 'Abril'),
(5, 'Mayo'),
(6, 'Junio'),
(7, 'Julio'),
(8, 'Agosto'),
(9, 'Septiembre'),
(10, 'Octubre'),
(11, 'Noviembre'),
(12, 'Diciembre');

-- --------------------------------------------------------

--
-- Estructura de tabla para la tabla `migrations`
--

CREATE TABLE `migrations` (
  `id` int(10) UNSIGNED NOT NULL,
  `migration` varchar(255) NOT NULL,
  `batch` int(11) NOT NULL
) ENGINE=InnoDB DEFAULT CHARSET=utf8mb4 COLLATE=utf8mb4_unicode_ci;

--
-- Volcado de datos para la tabla `migrations`
--

INSERT INTO `migrations` (`id`, `migration`, `batch`) VALUES
(1, '0001_01_01_000000_create_users_table', 1),
(2, '0001_01_01_000001_create_cache_table', 1),
(3, '0001_01_01_000002_create_jobs_table', 1);

-- --------------------------------------------------------

--
-- Estructura de tabla para la tabla `model_has_permissions`
--

CREATE TABLE `model_has_permissions` (
  `permission_id` bigint(20) UNSIGNED NOT NULL,
  `model_type` varchar(191) NOT NULL,
  `model_id` bigint(20) UNSIGNED NOT NULL
) ENGINE=InnoDB DEFAULT CHARSET=utf8mb4 COLLATE=utf8mb4_unicode_ci;

-- --------------------------------------------------------

--
-- Estructura de tabla para la tabla `model_has_roles`
--

CREATE TABLE `model_has_roles` (
  `role_id` bigint(20) UNSIGNED NOT NULL,
  `model_type` varchar(191) NOT NULL,
  `model_id` bigint(20) UNSIGNED NOT NULL
) ENGINE=InnoDB DEFAULT CHARSET=utf8mb4 COLLATE=utf8mb4_unicode_ci;

-- --------------------------------------------------------

--
-- Estructura de tabla para la tabla `password_reset_tokens`
--

CREATE TABLE `password_reset_tokens` (
  `email` varchar(255) NOT NULL,
  `token` varchar(255) NOT NULL,
  `created_at` timestamp NULL DEFAULT NULL
) ENGINE=InnoDB DEFAULT CHARSET=utf8mb4 COLLATE=utf8mb4_unicode_ci;

-- --------------------------------------------------------

--
-- Estructura de tabla para la tabla `perdida_desviacion`
--

CREATE TABLE `perdida_desviacion` (
  `id` int(11) NOT NULL,
  `nombre` varchar(255) NOT NULL
) ENGINE=InnoDB DEFAULT CHARSET=utf8mb4 COLLATE=utf8mb4_general_ci;

--
-- Volcado de datos para la tabla `perdida_desviacion`
--

INSERT INTO `perdida_desviacion` (`id`, `nombre`) VALUES
(1, 'PÉRDIDA TCZ-72020'),
(2, 'PÉRDIDA TCZ-72010'),
(3, 'PÉRDIDA TCZ-73880'),
(4, 'PÉRDIDA ZIM-73620'),
(5, 'DESVIACIÓN RESPALDO TCZ-52020 '),
(6, 'DESVIACIÓN RESPALDO TCZ-42010'),
(7, 'PÉRDIDA JDO-85'),
(8, 'PÉRDIDA ZIM-73700'),
(9, 'DESVIACIÓN RESPALDO ZIM-52010'),
(10, 'DESVIACIÓN RESPALDO ZIM-52020'),
(11, 'DESVIACIÓN RESPALDO ZIM-52030'),
(12, 'DESVIACIÓN S.E. HUMEDADES'),
(13, 'DESVIACIÓN RESPALDO HCH-42020'),
(14, 'PÉRDIDA-14'),
(15, 'PÉRDIDA-15');

-- --------------------------------------------------------

--
-- Estructura de tabla para la tabla `permissions`
--

CREATE TABLE `permissions` (
  `id` bigint(20) UNSIGNED NOT NULL,
  `name` varchar(191) NOT NULL,
  `guard_name` varchar(191) NOT NULL,
  `created_at` timestamp NULL DEFAULT NULL,
  `updated_at` timestamp NULL DEFAULT NULL
) ENGINE=InnoDB DEFAULT CHARSET=utf8mb4 COLLATE=utf8mb4_unicode_ci;

-- --------------------------------------------------------

--
-- Estructura de tabla para la tabla `personal_access_tokens`
--

CREATE TABLE `personal_access_tokens` (
  `id` bigint(20) UNSIGNED NOT NULL,
  `tokenable_type` varchar(255) NOT NULL,
  `tokenable_id` bigint(20) UNSIGNED NOT NULL,
  `name` varchar(255) NOT NULL,
  `token` varchar(64) NOT NULL,
  `abilities` text DEFAULT NULL,
  `last_used_at` timestamp NULL DEFAULT NULL,
  `expires_at` timestamp NULL DEFAULT NULL,
  `created_at` timestamp NULL DEFAULT NULL,
  `updated_at` timestamp NULL DEFAULT NULL
) ENGINE=InnoDB DEFAULT CHARSET=utf8mb4 COLLATE=utf8mb4_unicode_ci;

-- --------------------------------------------------------

--
-- Estructura de tabla para la tabla `porcentaje_perdesv`
--

CREATE TABLE `porcentaje_perdesv` (
  `id` int(11) NOT NULL,
  `id_fecha` int(11) DEFAULT NULL,
  `id_perdesv` int(11) DEFAULT NULL,
  `energia` decimal(20,10) DEFAULT NULL,
  `porcentaje` decimal(20,10) DEFAULT NULL
) ENGINE=InnoDB DEFAULT CHARSET=utf8mb4 COLLATE=utf8mb4_general_ci;

--
-- Volcado de datos para la tabla `porcentaje_perdesv`
--

INSERT INTO `porcentaje_perdesv` (`id`, `id_fecha`, `id_perdesv`, `energia`, `porcentaje`) VALUES
(1, 61, 1, 23884.6483190001, 1.6080310194),
(2, 61, 2, 19076.1060310201, 0.5723781290),
(3, 61, 3, 41554.0490020301, 0.7050725278),
(4, 61, 4, 1112384.8247888900, 5.3194554326),
(5, 61, 5, 11525.1001709990, 0.7886070010),
(6, 61, 6, 17666.4046580100, 0.5331315999),
(7, 61, 7, 0.0000000000, NULL),
(8, 61, 8, -602470.7784939600, -5.9855674578),
(9, 61, 9, 123128.4613431200, 2.3543658288),
(10, 61, 10, 21093.9411960000, 0.5461835876),
(11, 61, 11, -10141.0941340000, -0.6434670699),
(12, 61, 12, 53000.3023250100, 0.5323663037),
(13, 61, 13, 22700.4027114950, 0.3879063996),
(14, 62, 1, 22564.5547400000, 1.5565669267),
(15, 62, 2, 18367.9945809900, 0.5558368579),
(16, 62, 3, 41476.1833470200, 0.7464623138),
(17, 62, 4, 10199624.8325370300, 52.9944969204),
(18, 62, 5, 10887.8263469990, 0.7629489247),
(19, 62, 6, 16075.9008197210, 0.4891945611),
(20, 62, 7, 0.0000000000, NULL),
(21, 62, 8, -9766891.2083420000, NULL),
(22, 62, 9, 13093.6559723400, 0.2832466716),
(23, 62, 10, 19397.8701120080, 0.5313197465),
(24, 62, 11, 6071.2428770000, 0.4065648449),
(25, 62, 12, 53000.3357390100, 0.5717920966),
(26, 62, 13, 17146.6601074570, 0.3109156944),
(27, 63, 1, 26593.8145259900, 1.2727660490),
(28, 63, 2, 22168.8504980000, 0.5355847528),
(29, 63, 3, -6286068.2416080200, NULL),
(30, 63, 4, 881097.5689814000, 4.0516392741),
(31, 63, 5, 12057.0816840000, 0.5844847444),
(32, 63, 6, 18239.6520277660, 0.4430307238),
(33, 63, 7, 0.0000000000, NULL),
(34, 63, 8, -306493.6900973100, -2.8930879433),
(35, 63, 9, 20038.1218967000, 0.3762330949),
(36, 63, 10, 26501.7397509900, 0.6672643406),
(37, 63, 11, 5945.9353230000, 0.3709704131),
(38, 63, 12, 53002.0263409900, 0.5046450643),
(39, 63, 13, 18293.3201045600, 0.2910137053),
(40, 64, 1, -1871622.3200000000, NULL),
(41, 64, 2, -4403630.8800000000, NULL),
(42, 64, 3, -6104020.1600000000, NULL),
(43, 64, 4, 0.0000000000, NULL),
(44, 64, 5, 11596.7500000000, 0.6196095161),
(45, 64, 6, 11058.9100000000, 0.2511316298),
(46, 64, 7, 0.0000000000, NULL),
(47, 64, 8, -9990932.3100000000, NULL),
(48, 64, 9, 23639.1900000000, 0.4830517154),
(49, 64, 10, 12108.3000000000, 0.3311544695),
(50, 64, 11, 5366.5600000000, 0.3724647176),
(51, 64, 12, 202903.0400000000, 1.9882451982),
(52, 64, 13, 23072.6500000000, 0.3779910517),
(53, 65, 1, -1655645.8700000000, NULL),
(54, 65, 2, -3756489.8500000000, NULL),
(55, 65, 3, -6139384.1900000000, NULL),
(56, 65, 4, 0.0000000000, NULL),
(57, 65, 5, 11076.2600000000, 0.6689993434),
(58, 65, 6, 2520.1800000000, 0.0670886945),
(59, 65, 7, 0.0000000000, NULL),
(60, 65, 8, -10668891.2100000000, NULL),
(61, 65, 9, 27828.8700000000, 0.5214813798),
(62, 65, 10, -370351.3700000000, -9.8589743295),
(63, 65, 11, 4315.0100000000, 0.2738127270),
(64, 65, 12, 41213.7399999900, 0.4137563919),
(65, 65, 13, 19624.1500000000, 0.3196436221),
(66, 66, 1, -1951663.8900000000, NULL),
(67, 66, 2, -3981115.9700000000, NULL),
(68, 66, 3, -6499995.7200000000, NULL),
(69, 66, 4, 0.0000000000, NULL),
(70, 66, 5, 11338.2100000000, 0.5809509546),
(71, 66, 6, 12650.8600000000, 0.3177717026),
(72, 66, 7, 0.0000000000, NULL),
(73, 66, 8, -11258420.5900000000, NULL),
(74, 66, 9, -4486.4600000000, -0.0780427103),
(75, 66, 10, 441805.7700000000, 11.0975357997),
(76, 66, 11, 5837.8800000000, 0.3819150817),
(77, 66, 12, 102.7800000000, 0.0009679066),
(78, 66, 13, 17979.3100000000, 0.2766049514),
(79, 67, 1, 24782.0000000000, 1.5050160115),
(80, 67, 2, 22004.0000000000, 0.5691931576),
(81, 67, 3, 49674.0000000000, 0.7891038412),
(82, 67, 4, -6952235.0000000000, -46.9144532525),
(83, 67, 5, 14269.0000000000, 0.8798004742),
(84, 67, 6, 9704.0000000000, 0.2524572567),
(85, 67, 7, 0.0000000000, NULL),
(86, 67, 8, 234508.0000000000, 2.1213257427),
(87, 67, 9, 42100.0000000000, 0.7718516519),
(88, 67, 10, -122462.0000000000, -3.1859460604),
(89, 67, 11, 5139.0000000000, 0.3376385146),
(90, 67, 12, 33437.0000000000, 0.3065613312),
(91, 67, 13, 11822.0000000000, 0.1892938947),
(92, 68, 1, 24959.0000000000, 1.4789668386),
(93, 68, 2, 20229.0000000000, 0.5494432368),
(94, 68, 3, 48707.0000000000, 0.7780054488),
(95, 68, 4, 469071.8900000000, 2.1391253201),
(96, 68, 5, 11186.0000000000, 0.6727862589),
(97, 68, 6, 8800.0000000000, 0.2403387903),
(98, 68, 7, 0.0000000000, NULL),
(99, 68, 8, 381801.7000000000, 3.5027460379),
(100, 68, 9, -83248.7000000000, -1.5794291780),
(101, 68, 10, -134584.0000000000, -3.6756540629),
(102, 68, 11, 3489.0000000000, 0.2199930767),
(103, 68, 12, 43815.0000000000, 0.4071159577),
(104, 68, 13, 19785.0000000000, 0.3185072771),
(105, 69, 1, 25532.0000000000, 1.2491480968),
(106, 69, 2, 23564.0000000000, 0.5552650622),
(107, 69, 3, 50390.0000000000, 0.7918154038),
(108, 69, 4, 790787.0000000000, 3.7309203551),
(109, 69, 5, 9711.0000000000, 0.4811186566),
(110, 69, 6, 13199.0000000000, 0.3127595420),
(111, 69, 7, 0.0000000000, 0.0000000000),
(112, 69, 8, -218490.0000000000, -2.1077896764),
(113, 69, 9, -6839.0000000000, -0.1326289782),
(114, 69, 10, 18938.0000000000, 0.4857749609),
(115, 69, 11, 4624.0000000000, 0.3023562075),
(116, 69, 12, 44097.0000000000, 0.4282606791),
(117, 69, 13, 17891.0000000000, 0.2833783720),
(118, 70, 1, 38466.0000000000, 2.2421702408),
(119, 70, 2, 21703.0000000000, 0.5827187887),
(120, 70, 3, 45855.5492650000, 0.7467807509),
(121, 70, 4, 1260459.5138228000, 5.8612143344),
(122, 70, 5, 8787.0000000000, 0.5239388851),
(123, 70, 6, 13587.0000000000, 0.3669449745),
(124, 70, 7, 0.0000000000, NULL),
(125, 70, 8, -364221.8738228000, -3.5394958004),
(126, 70, 9, 60197.0000000000, 1.1337779647),
(127, 70, 10, -358252.0000000000, -9.6753345838),
(128, 70, 11, 5413.0047180100, 0.3296012284),
(129, 70, 12, 50237.0000000000, 0.4937623399),
(130, 70, 13, 20035.4507350000, 0.3287424068),
(131, 71, 1, 23043.5751010000, 1.5355088644),
(132, 71, 2, 18174.2081510000, 0.5778593473),
(133, 71, 3, 41682.0313510000, 0.7288398032),
(134, 71, 4, 69032.5982310200, 0.3582597408),
(135, 71, 5, 14478.0076250010, 0.9797869020),
(136, 71, 6, 17486.6718803120, 0.5592303028),
(137, 71, 7, 0.0000000000, NULL),
(138, 71, 8, -279995.3282760300, -2.8693779373),
(139, 71, 9, 55696.5792921600, 1.0353435636),
(140, 71, 10, -700731.5338409900, -22.4096549331),
(141, 71, 11, 4062.8222379900, 0.2652663894),
(142, 71, 12, 56664.3595849700, 0.5867209102),
(143, 71, 13, 21326.9990535410, 0.3756555922),
(144, 72, 1, 22959.5594410000, 1.8637515966),
(145, 72, 2, 26172.5543679800, 0.8935621104),
(146, 72, 3, 41816.7773489400, 0.7130565747),
(147, 72, 4, 760936.1645042300, 3.6117345498),
(148, 72, 5, 13175.7184530010, 1.0898565348),
(149, 72, 6, 12310.4491886730, 0.4240828087),
(150, 72, 7, 0.0000000000, NULL),
(151, 72, 8, -95642.5732941000, -0.9266297115),
(152, 72, 9, -83158.5328697500, -1.7523638783),
(153, 72, 10, 23838.0818820100, 0.5946022301),
(154, 72, 11, 2949.5780670000, 0.1774066266),
(155, 72, 12, 54598.7172315000, 0.5347158623),
(156, 72, 13, 23693.2373618680, 0.4069168673),
(157, 73, 1, 23885.0000000000, 1.6080547486),
(158, 73, 2, 19076.0000000000, 0.5723750143),
(159, 73, 3, 41554.0000000000, 0.7050717008),
(160, 73, 4, 1112385.0000000000, 5.3194562069),
(161, 73, 5, 11525.0000000000, 0.7886003627),
(162, 73, 6, 17666.0000000000, 0.5331194337),
(163, 73, 7, 0.0000000000, NULL),
(164, 73, 8, -602471.0000000000, -5.9855697608),
(165, 73, 9, 123129.0000000000, 2.3543761675),
(166, 73, 10, 21094.0000000000, 0.5461850551),
(167, 73, 11, -10141.0000000000, -0.6434612007),
(168, 73, 12, 53001.0000000000, 0.5323733116),
(169, 73, 13, 22700.0000000000, 0.3878995173),
(170, 74, 1, 22565.0000000000, 1.5565976562),
(171, 74, 2, 18368.0000000000, 0.5558369843),
(172, 74, 3, 41476.0000000000, 0.7464589722),
(173, 74, 4, 10199625.0000000000, 52.9944965790),
(174, 74, 5, 10887.0000000000, 0.7628912647),
(175, 74, 6, 16076.0000000000, 0.4891975468),
(176, 74, 7, 0.0000000000, NULL),
(177, 74, 8, -9766890.0000000000, NULL),
(178, 74, 9, 13093.0000000000, 0.2832324977),
(179, 74, 10, 19398.0000000000, 0.5313233726),
(180, 74, 11, 6071.0000000000, 0.4065487088),
(181, 74, 12, 53001.0000000000, 0.5717992630),
(182, 74, 13, 17147.0000000000, 0.3109218296),
(183, 75, 1, 26593.0000000000, 1.2727272727),
(184, 75, 2, 22169.0000000000, 0.5355883983),
(185, 75, 3, -168439.0000000000, -2.7533379353),
(186, 75, 4, 881098.0000000000, 4.0516413231),
(187, 75, 5, 12058.0000000000, 0.5845291264),
(188, 75, 6, 18239.0000000000, 0.4430149305),
(189, 75, 7, 0.0000000000, NULL),
(190, 75, 8, -306494.0000000000, -2.8930909747),
(191, 75, 9, 20038.0000000000, 0.3762308050),
(192, 75, 10, 26501.0000000000, 0.6672457638),
(193, 75, 11, 5946.0000000000, 0.3709744036),
(194, 75, 12, 53002.0000000000, 0.5046447944),
(195, 75, 13, 18293.0000000000, 0.2910086242),
(196, 76, 1, 34333.0000000000, 1.6160873486),
(197, 76, 2, -222063.0000000000, -5.4596441469),
(198, 76, 3, 100222.0000000000, 1.5552875696),
(199, 76, 4, 1027176.0000000000, 4.6700438286),
(200, 76, 5, 3810.0000000000, 0.1822862717),
(201, 76, 6, -2424.0000000000, -0.0565111894),
(202, 76, 7, 0.0000000000, NULL),
(203, 76, 8, -434788.0000000000, -4.0826567373),
(204, 76, 9, -5635.0000000000, -0.1071132513),
(205, 76, 10, 66561.0000000000, 1.6600785782),
(206, 76, 11, 2851.0000000000, 0.1571555669),
(207, 76, 12, 52999.0000000000, 0.5038335804),
(208, 76, 13, 15446.0000000000, 0.2434844731),
(209, 77, 1, 24784.0000000000, 1.2653439031),
(210, 77, 2, 24244.0000000000, 0.5156917574),
(211, 77, 3, 58441.0000000000, 0.8302705437),
(212, 77, 4, 66090.0000000000, 0.2748754597),
(213, 77, 5, 12806.0000000000, 0.6621876184),
(214, 77, 6, 17875.0000000000, 0.3821882936),
(215, 77, 7, 0.0000000000, NULL),
(216, 77, 8, 121715.0000000000, 0.9997415941),
(217, 77, 9, 18611.0000000000, 0.3428759241),
(218, 77, 10, 388025.0000000000, 8.2964258820),
(219, 77, 11, 3694.0000000000, 0.1896298061),
(220, 77, 12, -203405.8600000000, -1.7312937360),
(221, 77, 13, 14115.0000000000, 0.2022105198),
(222, 78, 1, 23335.0000000000, 1.5068828416),
(223, 78, 2, 19847.0000000000, 0.5560754472),
(224, 78, 3, 46099.0000000000, 0.7532586496),
(225, 78, 4, 961833.0000000000, 4.2718503779),
(226, 78, 5, 11933.0000000000, 0.7823758577),
(227, 78, 6, 15978.0000000000, 0.4501766982),
(228, 78, 7, 0.0000000000, NULL),
(229, 78, 8, 269301.7200000000, 2.4605858331),
(230, 78, 9, -35738.7200000000, -0.6752067089),
(231, 78, 10, -568115.0000000000, -16.0065173910),
(232, 78, 11, 4975.0000000000, 0.2714072096),
(233, 78, 12, 53020.0600000000, 0.4902868886),
(234, 78, 13, 15880.0000000000, 0.2614489276),
(235, 79, 1, 22551.0000000000, 2.0300762033),
(236, 79, 2, 17555.0000000000, 0.5898942760),
(237, 79, 3, 41173.0000000000, 0.7180498510),
(238, 79, 4, 959406.0000000000, 4.4919996414),
(239, 79, 5, 12360.0000000000, 1.1357225162),
(240, 79, 6, 14408.0000000000, 0.4870196816),
(241, 79, 7, 0.0000000000, NULL),
(242, 79, 8, 794091.0000000000, 7.6666597797),
(243, 79, 9, -37038.0000000000, -0.7429619907),
(244, 79, 10, -1144507.0000000000, -38.6866625969),
(245, 79, 11, 4818.0000000000, 0.2973993299),
(246, 79, 12, 53030.0000000000, 0.5177561155),
(247, 79, 13, 19163.0000000000, 0.3366164105),
(248, 80, 1, NULL, NULL),
(249, 80, 2, NULL, NULL),
(250, 80, 3, NULL, NULL),
(251, 80, 4, NULL, NULL),
(252, 80, 5, NULL, NULL),
(253, 80, 6, NULL, NULL),
(254, 80, 7, NULL, NULL),
(255, 80, 8, NULL, NULL),
(256, 80, 9, NULL, NULL),
(257, 80, 10, NULL, NULL),
(258, 80, 11, NULL, NULL),
(259, 80, 12, NULL, NULL),
(260, 80, 13, NULL, NULL),
(261, 81, 1, NULL, NULL),
(262, 81, 2, NULL, NULL),
(263, 81, 3, NULL, NULL),
(264, 81, 4, NULL, NULL),
(265, 81, 5, NULL, NULL),
(266, 81, 6, NULL, NULL),
(267, 81, 7, NULL, NULL),
(268, 81, 8, NULL, NULL),
(269, 81, 9, NULL, NULL),
(270, 81, 10, NULL, NULL),
(271, 81, 11, NULL, NULL),
(272, 81, 12, NULL, NULL),
(273, 81, 13, NULL, NULL),
(274, 82, 1, NULL, NULL),
(275, 82, 2, NULL, NULL),
(276, 82, 3, NULL, NULL),
(277, 82, 4, NULL, NULL),
(278, 82, 5, NULL, NULL),
(279, 82, 6, NULL, NULL),
(280, 82, 7, NULL, NULL),
(281, 82, 8, NULL, NULL),
(282, 82, 9, NULL, NULL),
(283, 82, 10, NULL, NULL),
(284, 82, 11, NULL, NULL),
(285, 82, 12, NULL, NULL),
(286, 82, 13, NULL, NULL),
(287, 83, 1, NULL, NULL),
(288, 83, 2, NULL, NULL),
(289, 83, 3, NULL, NULL),
(290, 83, 4, NULL, NULL),
(291, 83, 5, NULL, NULL),
(292, 83, 6, NULL, NULL),
(293, 83, 7, NULL, NULL),
(294, 83, 8, NULL, NULL),
(295, 83, 9, NULL, NULL),
(296, 83, 10, NULL, NULL),
(297, 83, 11, NULL, NULL),
(298, 83, 12, NULL, NULL),
(299, 83, 13, NULL, NULL),
(300, 84, 1, NULL, NULL),
(301, 84, 2, NULL, NULL),
(302, 84, 3, NULL, NULL),
(303, 84, 4, NULL, NULL),
(304, 84, 5, NULL, NULL),
(305, 84, 6, NULL, NULL),
(306, 84, 7, NULL, NULL),
(307, 84, 8, NULL, NULL),
(308, 84, 9, NULL, NULL),
(309, 84, 10, NULL, NULL),
(310, 84, 11, NULL, NULL),
(311, 84, 12, NULL, NULL),
(312, 84, 13, NULL, NULL),
(313, 133, 1, NULL, NULL),
(314, 133, 2, NULL, NULL),
(315, 133, 3, NULL, NULL),
(316, 133, 4, NULL, NULL),
(317, 133, 5, NULL, NULL),
(318, 133, 6, NULL, NULL),
(319, 133, 7, NULL, NULL),
(320, 133, 8, NULL, NULL),
(321, 133, 9, NULL, NULL),
(322, 133, 10, NULL, NULL),
(323, 133, 11, NULL, NULL),
(324, 133, 12, NULL, NULL),
(325, 133, 13, NULL, NULL),
(326, 134, 1, NULL, NULL),
(327, 134, 2, NULL, NULL),
(328, 134, 3, NULL, NULL),
(329, 134, 4, NULL, NULL),
(330, 134, 5, NULL, NULL),
(331, 134, 6, NULL, NULL),
(332, 134, 7, NULL, NULL),
(333, 134, 8, NULL, NULL),
(334, 134, 9, NULL, NULL),
(335, 134, 10, NULL, NULL),
(336, 134, 11, NULL, NULL),
(337, 134, 12, NULL, NULL),
(338, 134, 13, NULL, NULL),
(339, 135, 1, NULL, NULL),
(340, 135, 2, NULL, NULL),
(341, 135, 3, NULL, NULL),
(342, 135, 4, NULL, NULL),
(343, 135, 5, NULL, NULL),
(344, 135, 6, NULL, NULL),
(345, 135, 7, NULL, NULL),
(346, 135, 8, NULL, NULL),
(347, 135, 9, NULL, NULL),
(348, 135, 10, NULL, NULL),
(349, 135, 11, NULL, NULL),
(350, 135, 12, NULL, NULL),
(351, 135, 13, NULL, NULL),
(352, 136, 1, NULL, NULL),
(353, 136, 2, NULL, NULL),
(354, 136, 3, NULL, NULL),
(355, 136, 4, NULL, NULL),
(356, 136, 5, NULL, NULL),
(357, 136, 6, NULL, NULL),
(358, 136, 7, NULL, NULL),
(359, 136, 8, NULL, NULL),
(360, 136, 9, NULL, NULL),
(361, 136, 10, NULL, NULL),
(362, 136, 11, NULL, NULL),
(363, 136, 12, NULL, NULL),
(364, 136, 13, NULL, NULL),
(365, 137, 1, NULL, NULL),
(366, 137, 2, NULL, NULL),
(367, 137, 3, NULL, NULL),
(368, 137, 4, NULL, NULL),
(369, 137, 5, NULL, NULL),
(370, 137, 6, NULL, NULL),
(371, 137, 7, NULL, NULL),
(372, 137, 8, NULL, NULL),
(373, 137, 9, NULL, NULL),
(374, 137, 10, NULL, NULL),
(375, 137, 11, NULL, NULL),
(376, 137, 12, NULL, NULL),
(377, 137, 13, NULL, NULL),
(378, 138, 1, NULL, NULL),
(379, 138, 2, NULL, NULL),
(380, 138, 3, NULL, NULL),
(381, 138, 4, NULL, NULL),
(382, 138, 5, NULL, NULL),
(383, 138, 6, NULL, NULL),
(384, 138, 7, NULL, NULL),
(385, 138, 8, NULL, NULL),
(386, 138, 9, NULL, NULL),
(387, 138, 10, NULL, NULL),
(388, 138, 11, NULL, NULL),
(389, 138, 12, NULL, NULL),
(390, 138, 13, NULL, NULL),
(391, 139, 1, NULL, NULL),
(392, 139, 2, NULL, NULL),
(393, 139, 3, NULL, NULL),
(394, 139, 4, NULL, NULL),
(395, 139, 5, NULL, NULL),
(396, 139, 6, NULL, NULL),
(397, 139, 7, NULL, NULL),
(398, 139, 8, NULL, NULL),
(399, 139, 9, NULL, NULL),
(400, 139, 10, NULL, NULL),
(401, 139, 11, NULL, NULL),
(402, 139, 12, NULL, NULL),
(403, 139, 13, NULL, NULL),
(404, 140, 1, NULL, NULL),
(405, 140, 2, NULL, NULL),
(406, 140, 3, NULL, NULL),
(407, 140, 4, NULL, NULL),
(408, 140, 5, NULL, NULL),
(409, 140, 6, NULL, NULL),
(410, 140, 7, NULL, NULL),
(411, 140, 8, NULL, NULL),
(412, 140, 9, NULL, NULL),
(413, 140, 10, NULL, NULL),
(414, 140, 11, NULL, NULL),
(415, 140, 12, NULL, NULL),
(416, 140, 13, NULL, NULL),
(417, 141, 1, NULL, NULL),
(418, 141, 2, NULL, NULL),
(419, 141, 3, NULL, NULL),
(420, 141, 4, NULL, NULL),
(421, 141, 5, NULL, NULL),
(422, 141, 6, NULL, NULL),
(423, 141, 7, NULL, NULL),
(424, 141, 8, NULL, NULL),
(425, 141, 9, NULL, NULL),
(426, 141, 10, NULL, NULL),
(427, 141, 11, NULL, NULL),
(428, 141, 12, NULL, NULL),
(429, 141, 13, NULL, NULL),
(430, 142, 1, NULL, NULL),
(431, 142, 2, NULL, NULL),
(432, 142, 3, NULL, NULL),
(433, 142, 4, NULL, NULL),
(434, 142, 5, NULL, NULL),
(435, 142, 6, NULL, NULL),
(436, 142, 7, NULL, NULL),
(437, 142, 8, NULL, NULL),
(438, 142, 9, NULL, NULL),
(439, 142, 10, NULL, NULL),
(440, 142, 11, NULL, NULL),
(441, 142, 12, NULL, NULL),
(442, 142, 13, NULL, NULL),
(443, 143, 1, NULL, NULL),
(444, 143, 2, NULL, NULL),
(445, 143, 3, NULL, NULL),
(446, 143, 4, NULL, NULL),
(447, 143, 5, NULL, NULL),
(448, 143, 6, NULL, NULL),
(449, 143, 7, NULL, NULL),
(450, 143, 8, NULL, NULL),
(451, 143, 9, NULL, NULL),
(452, 143, 10, NULL, NULL),
(453, 143, 11, NULL, NULL),
(454, 143, 12, NULL, NULL),
(455, 143, 13, NULL, NULL),
(456, 144, 1, NULL, NULL),
(457, 144, 2, NULL, NULL),
(458, 144, 3, NULL, NULL),
(459, 144, 4, NULL, NULL),
(460, 144, 5, NULL, NULL),
(461, 144, 6, NULL, NULL),
(462, 144, 7, NULL, NULL),
(463, 144, 8, NULL, NULL),
(464, 144, 9, NULL, NULL),
(465, 144, 10, NULL, NULL),
(466, 144, 11, NULL, NULL),
(467, 144, 12, NULL, NULL),
(468, 144, 13, NULL, NULL),
(499, 61, 14, 331537.4189049900, 3.2938354132),
(500, 61, 15, NULL, NULL),
(501, 62, 14, -9046948.7274629700, NULL),
(502, 62, 15, NULL, NULL),
(503, 63, 14, 322400.9867267000, 3.0432417950),
(504, 63, 15, NULL, NULL),
(505, 64, 14, 0.0000000000, NULL),
(506, 64, 15, NULL, NULL),
(507, 65, 14, 0.0000000000, NULL),
(508, 65, 15, NULL, NULL),
(509, 66, 14, 0.0000000000, NULL),
(510, 66, 15, NULL, NULL),
(511, 67, 14, 338373.0000000000, 3.0608736398),
(512, 67, 15, NULL, NULL),
(513, 68, 14, 340998.0000000000, 3.1284025017),
(514, 68, 15, NULL, NULL),
(515, 69, 14, 326963.0000000000, 3.1542369717),
(516, 69, 15, NULL, NULL),
(517, 70, 14, 335806.1261772000, 3.2633525298),
(518, 70, 15, NULL, NULL),
(519, 71, 14, 316263.7422449400, 3.2410548060),
(520, 71, 15, NULL, NULL),
(521, 72, 14, 335600.3610859300, 3.2514523089),
(522, 72, 15, NULL, NULL),
(523, 73, 14, 331537.0000000000, 3.2938313077),
(524, 73, 15, -17489.0000000000, 0.0000000000),
(525, 74, 14, -9046949.0000000000, NULL),
(526, 74, 15, -106883.0000000000, 0.0000000000),
(527, 75, 14, 322401.0000000000, 3.0432420320),
(528, 75, 15, 100000.0000000000, 0.0000000000),
(529, 76, 14, 331447.0000000000, 3.1122853612),
(530, 76, 15, 100000.0000000000, 0.0000000000),
(531, 77, 14, 371766.0000000000, 3.0536082938),
(532, 77, 15, -117952.0000000000, 0.0000000000),
(533, 78, 14, 335463.0000000000, 3.0650955566),
(534, 78, 15, -111135.0000000000, 0.0000000000),
(535, 79, 14, 316737.0000000000, 3.0579805320),
(536, 79, 15, -112738.0000000000, 0.0000000000),
(537, 80, 14, NULL, NULL),
(538, 80, 15, NULL, NULL),
(539, 81, 14, NULL, NULL),
(540, 81, 15, NULL, NULL),
(541, 82, 14, NULL, NULL),
(542, 82, 15, NULL, NULL),
(543, 83, 14, NULL, NULL),
(544, 83, 15, NULL, NULL),
(545, 84, 14, NULL, NULL),
(546, 84, 15, NULL, NULL),
(547, 133, 14, NULL, NULL),
(548, 133, 15, NULL, NULL),
(549, 134, 14, NULL, NULL),
(550, 134, 15, NULL, NULL),
(551, 135, 14, NULL, NULL),
(552, 135, 15, NULL, NULL),
(553, 136, 14, NULL, NULL),
(554, 136, 15, NULL, NULL),
(555, 137, 14, NULL, NULL),
(556, 137, 15, NULL, NULL),
(557, 138, 14, NULL, NULL),
(558, 138, 15, NULL, NULL),
(559, 139, 14, NULL, NULL),
(560, 139, 15, NULL, NULL),
(561, 140, 14, NULL, NULL),
(562, 140, 15, NULL, NULL),
(563, 141, 14, NULL, NULL),
(564, 141, 15, NULL, NULL),
(565, 142, 14, NULL, NULL),
(566, 142, 15, NULL, NULL),
(567, 143, 14, NULL, NULL),
(568, 143, 15, NULL, NULL),
(569, 144, 14, NULL, NULL),
(570, 144, 15, NULL, NULL);

-- --------------------------------------------------------

--
-- Estructura de tabla para la tabla `puntos`
--

CREATE TABLE `puntos` (
  `id` int(10) NOT NULL,
  `cipe` varchar(11) NOT NULL,
  `nombre` varchar(60) NOT NULL,
  `id_entidad` int(11) NOT NULL,
  `tipo` int(11) DEFAULT NULL,
  `id_zona` int(11) DEFAULT NULL
) ENGINE=InnoDB DEFAULT CHARSET=utf8mb4 COLLATE=utf8mb4_general_ci;

--
-- Volcado de datos para la tabla `puntos`
--

INSERT INTO `puntos` (`id`, `cipe`, `nombre`, `id_entidad`, `tipo`, `id_zona`) VALUES
(1, '93360', 'REFINERÍA MIGUEL HIDALGO', 1, 1, NULL),
(2, '93350', 'CEMENTOS MEXICANOS', 1, 1, NULL),
(3, '73620', 'S.E. ZIMAPÁN - BOQUILLA', 2, 1, NULL),
(4, '73630', 'S.E . ZIMAPÁN - E. MONTES', 2, 1, 4),
(5, 'TULA', 'COGENERACIÓN', 1, 1, NULL),
(6, '5220C', 'CTO. JACALA', 3, 1, NULL),
(7, '1234556', 'SAN SEBASTIÁN 13.8 KV', 1, 1, 1),
(8, '4034', 'FONTEZUELAS 13.8 KV', 4, 1, 2),
(9, '73020', 'JUANDHO - 85 (LÍNEA IXMIQUILPAN 25 KV)', 4, 1, 1),
(10, '46020', 'EL ENCINO', 4, 1, 2),
(11, '5014C', 'JULIÁN VILLAGRÁN', 4, 1, 2),
(12, '5JSSJ', 'SAN PEDRO DE LA PAZ', 4, 1, 1),
(13, '5U21C', 'EL TABLÓN (DEXTHO)', 4, 1, 1),
(14, '5060C', 'POBLACIÓN EL XOTHI', 4, 1, 1),
(15, '93360', 'PEMEX TRANSFORMACIÓN INDUSTRIAL', 4, 1, NULL),
(16, '73620', 'S.E. ZIMAPÁN - S.E. BOQUILLA', 5, 1, NULL),
(17, '53090', 'S.E. HUICHAPAN', 5, 1, NULL),
(18, '53050', 'S.E TECOZAUTLA (53050)', 5, 1, NULL),
(19, '52020', 'MED. TZIQUIA  A  S.E. TECOZAUTLA', 5, 1, NULL),
(20, '4170', 'CAZADERO LA FRONTERA', 5, 1, 4),
(21, '73550', 'TECOZAUTLA (73550)', 5, 1, NULL),
(22, '4110C', 'S.E.  DAÑU  SERVICIOS PROPIOS ', 1, 2, NULL),
(23, 'TULA', 'CONGENERACIÓN', 6, 2, NULL),
(24, '4110C', 'JULIÁN VILLAGRÁN', 4, 2, NULL),
(25, '46011', 'TATZADHO', 4, 2, 2),
(26, '50102', 'SAN JUAN EL SABINO', 4, 2, 1),
(27, '46012', 'CHICHIMECAS', 4, 2, 2),
(28, '50201', 'DADHO Y BETHI', 4, 2, 1),
(29, '5020C', 'EL MARQUÉZ', 4, 2, 1),
(30, '50204', 'LA FLOR', 4, 2, 2),
(31, '50203', 'OCOTZHA', 4, 2, 2),
(32, '46013', 'LOMAS DE GUILLEN LA LOMA', 4, 2, 2),
(33, '46014', 'LOMAS DE GUILLEN LA ESCUELA', 4, 2, 2),
(34, '50101', 'LOMAS DE DADHO', 4, 2, 1),
(35, '50103', 'LOMAS DE GUILLEN PANTEÓN', 4, 2, 2),
(36, '50104', 'LOMAS DE GUILLEN ENTRADA', 4, 2, 2),
(37, '50104', 'LOMA DEL CORAZÓN', 4, 2, 1),
(38, '50202', 'EL TABLÓN', 4, 2, 1),
(39, '93360', 'PEMEX TRANSFORMACIÓN INDUSTRIAL', 4, 2, NULL),
(40, '4120', 'PATHE', 5, 2, 4),
(41, '4110', 'TZIBANZHA', 5, 2, 4),
(42, '7363C', 'S.E . ZIMAPÁN - E. MONTES', 5, 2, NULL),
(43, '53020', 'S.E TECOZAUTLA', 5, 2, NULL),
(44, 'PORT01', 'DESARROLLOS EÓLICOS MEXICANOS SAPI DE CV 2', 7, 2, NULL),
(45, 'PORT02', 'DOMINICA ENERGÍA LIMPIA', 7, 2, NULL),
(46, 'PORT03', 'ELECT DEL GOLFO SA DE CV', 7, 2, NULL),
(47, 'PORT04', 'EÓLICA DE ARRIAGA SAPI DE CV', 7, 2, NULL),
(48, 'PORT05', 'EURUS. S.A.P.I. DE C.V.', 7, 2, NULL),
(49, 'PORT06', 'NUEVO PEMEX', 7, 2, NULL),
(50, 'PORT07', 'SKY EPS SUPPLY S.A. DE C.V. (REDIC INTERMI)', 7, 2, NULL),
(51, 'PORT08', 'TERMOELÉCTRICA DEL GOLFO S. DE R.L. DE C.V.', 7, 2, NULL),
(52, 'PORT09', 'PE INGENIO S.A.P.I. DE C.V.', 7, 2, NULL),
(53, 'PORT10', 'VENTIKA II. S.A.P.I. DE C.V.', 7, 2, NULL),
(54, 'PORT11', 'GENERADORA ELÉCTRICA SAN RAFAEL S.A.P.I. DE C.V.', 7, 2, NULL),
(55, 'PORT12', 'GEOTÉRMICA PARA EL DESARROLLO S.A.P.I. DE C.V.', 7, 2, NULL),
(56, 'PORT13', 'ENERGÍA INFRA S.A.P.I. DE C.V.', 7, 2, NULL),
(57, 'PORT14', 'EÓLICA LOS ALTOS S.A.P.I. DE C.V.', 7, 2, NULL),
(58, 'PORT15', 'EZOP-EÓLICA ZOPILOAPAN S.A.P.I. DE C.V.', 7, 2, NULL),
(59, 'PORT16', 'IBERDROLA CONGENERACIÓN BAJÍO', 7, 2, NULL),
(60, 'PORT17', 'EL ROLLO SOLAR', 7, 2, NULL),
(61, 'PORT18', 'ENERGÍA LIMPIA LA LAGUNA', 7, 2, NULL),
(62, 'PORT19', 'ENERGIA LIMPIA LA AMISTAD', 7, 2, NULL),
(63, 'PORT20', 'EOLICA DEL SUR', 7, 2, NULL),
(64, 'PORT21', 'EOLICA VICENTE GUERRERO', 7, 2, NULL),
(65, 'PORT22', 'ABENT 3T', 7, 2, NULL),
(66, 'PORT23', 'SALSIPUEDES SOLAR S.A. DE C.V.', 7, 2, NULL),
(67, 'PORT24', 'PARQUE INDUSTRIAL DE ENERGIA RENOVABLE', 7, 2, NULL),
(68, 'PORT25', 'PIER IV S.A DE C.V', 7, 2, NULL),
(69, 'PORT26', 'ENERGIA DE APIZACO SAPI DE CV', 7, 2, NULL),
(70, '93360', 'Pemex Transformación Industrial', 4, 2, NULL),
(71, '52020', 'TAXIDHO (SE TECOZAUTLA)', 5, 1, 4),
(72, 'JU232', 'EL ALBERTO', 4, 1, 1),
(73, '5020C', 'CERRO BOLUDO', 3, 1, 3),
(74, '72010', 'SE TECOZAUTLA CIRC 72010', 5, 1, 4),
(75, '72020', 'SE TECOZAUTLA CIRC 72020', 5, 1, 4),
(76, '73880', 'SE TECOZAUTLA CIRC 73880', 5, 1, 4),
(77, '53050', 'SE LAS ROSAS CIRC 53050', 5, 1, 4),
(78, '53090', 'SE LAS ROSAS CIRC 53090', 5, 1, 4);

--
-- Disparadores `puntos`
--
DELIMITER $$
CREATE TRIGGER `eliminar_puntos_ee_at` BEFORE DELETE ON `puntos` FOR EACH ROW BEGIN
    DELETE FROM energia_entregada WHERE id_punto = OLD.id;
END
$$
DELIMITER ;
DELIMITER $$
CREATE TRIGGER `eliminar_puntos_er_at` BEFORE DELETE ON `puntos` FOR EACH ROW BEGIN
    DELETE FROM energia_recibida WHERE id_punto = OLD.id;
END
$$
DELIMITER ;

-- --------------------------------------------------------

--
-- Estructura de tabla para la tabla `puntos_intercambio`
--

CREATE TABLE `puntos_intercambio` (
  `id` int(11) NOT NULL,
  `codigo` varchar(20) NOT NULL,
  `tipo` varchar(15) NOT NULL,
  `tension` decimal(5,2) NOT NULL
) ENGINE=InnoDB DEFAULT CHARSET=utf8mb4 COLLATE=utf8mb4_general_ci;

--
-- Volcado de datos para la tabla `puntos_intercambio`
--

INSERT INTO `puntos_intercambio` (`id`, `codigo`, `tipo`, `tension`) VALUES
(1, 'TCZ52020', 'Banco', 34.50),
(2, 'TCZ42010', 'Banco', 13.80),
(3, 'HCH42020', 'Banco', 13.80),
(4, 'HUM52010', 'Banco', 23.00),
(5, 'HUM52020', 'Banco', 23.00),
(6, 'ZIM52010', 'Banco', 23.00),
(7, 'ZIM52020', 'Banco', 23.00),
(8, 'ZIM52030', 'Banco', 34.50);

-- --------------------------------------------------------

--
-- Estructura de tabla para la tabla `roles`
--

CREATE TABLE `roles` (
  `id` bigint(20) UNSIGNED NOT NULL,
  `name` varchar(191) NOT NULL,
  `guard_name` varchar(191) NOT NULL,
  `created_at` timestamp NULL DEFAULT NULL,
  `updated_at` timestamp NULL DEFAULT NULL
) ENGINE=InnoDB DEFAULT CHARSET=utf8mb4 COLLATE=utf8mb4_unicode_ci;

-- --------------------------------------------------------

--
-- Estructura de tabla para la tabla `role_has_permissions`
--

CREATE TABLE `role_has_permissions` (
  `permission_id` bigint(20) UNSIGNED NOT NULL,
  `role_id` bigint(20) UNSIGNED NOT NULL
) ENGINE=InnoDB DEFAULT CHARSET=utf8mb4 COLLATE=utf8mb4_unicode_ci;

-- --------------------------------------------------------

--
-- Estructura de tabla para la tabla `sessions`
--

CREATE TABLE `sessions` (
  `id` varchar(255) NOT NULL,
  `user_id` bigint(20) UNSIGNED DEFAULT NULL,
  `ip_address` varchar(45) DEFAULT NULL,
  `user_agent` text DEFAULT NULL,
  `payload` longtext NOT NULL,
  `last_activity` int(11) NOT NULL
) ENGINE=InnoDB DEFAULT CHARSET=utf8mb4 COLLATE=utf8mb4_unicode_ci;

--
-- Volcado de datos para la tabla `sessions`
--

INSERT INTO `sessions` (`id`, `user_id`, `ip_address`, `user_agent`, `payload`, `last_activity`) VALUES
('2WQWuNJ30RHcmjgjGVAInJHHCZvf0547zxxbpJTH', 1, '::1', 'Mozilla/5.0 (Windows NT 10.0; Win64; x64) AppleWebKit/537.36 (KHTML, like Gecko) Chrome/127.0.0.0 Safari/537.36', 'YTo1OntzOjY6Il90b2tlbiI7czo0MDoiMkdiQVp0QlJVT1pqRzhYNmpSR3N3MGZxMTdwcDU2a1lObFVJaGZQRSI7czo5OiJfcHJldmlvdXMiO2E6MTp7czozOiJ1cmwiO3M6Njc6Imh0dHA6Ly9sb2NhbGhvc3QvY2ZlX3NpYmFlL3B1YmxpYy9jb250cm9sL2VuZXJnaWEvZW50cmVnYWRhL2FsdGEvMjQiO31zOjY6Il9mbGFzaCI7YToyOntzOjM6Im9sZCI7YTowOnt9czozOiJuZXciO2E6MDp7fX1zOjUwOiJsb2dpbl93ZWJfNTliYTM2YWRkYzJiMmY5NDAxNTgwZjAxNGM3ZjU4ZWE0ZTMwOTg5ZCI7aToxO3M6NDoiYXV0aCI7YToxOntzOjIxOiJwYXNzd29yZF9jb25maXJtZWRfYXQiO2k6MTcyNDI3NjQxODt9fQ==', 1724278713),
('52FfFggzrVpxupspulefTvkKUkjG5qVr50QIEc6L', NULL, '::1', 'Mozilla/5.0 (Windows NT 10.0; Win64; x64) AppleWebKit/537.36 (KHTML, like Gecko) Chrome/127.0.0.0 Safari/537.36 Edg/127.0.0.0', 'YTozOntzOjY6Il90b2tlbiI7czo0MDoiWTg2TEIwMEtXYnc4MW5wV2p6b0l1ZXVMWWdPTXZoZjRvSFFac2lEOCI7czo2OiJfZmxhc2giO2E6Mjp7czozOiJvbGQiO2E6MDp7fXM6MzoibmV3IjthOjA6e319czo5OiJfcHJldmlvdXMiO2E6MTp7czozOiJ1cmwiO3M6MzM6Imh0dHA6Ly9sb2NhbGhvc3QvY2ZlX3NpYmFlL3B1YmxpYyI7fX0=', 1724305000),
('gVEDTD4AumnvS3o3KmP4svPupfPH59oPBSPm35US', 1, '::1', 'Mozilla/5.0 (Windows NT 10.0; Win64; x64) AppleWebKit/537.36 (KHTML, like Gecko) Chrome/127.0.0.0 Safari/537.36 Edg/127.0.0.0', 'YTo1OntzOjY6Il90b2tlbiI7czo0MDoiMGhEVzlGbFg1YWJVSEh1MHl0V3lueFhlN3ZaOFQ5bFZJcFdnTVYwTyI7czo5OiJfcHJldmlvdXMiO2E6MTp7czozOiJ1cmwiO3M6MzM6Imh0dHA6Ly9sb2NhbGhvc3QvY2ZlX3NpYmFlL3B1YmxpYyI7fXM6NjoiX2ZsYXNoIjthOjI6e3M6Mzoib2xkIjthOjA6e31zOjM6Im5ldyI7YTowOnt9fXM6NTA6ImxvZ2luX3dlYl81OWJhMzZhZGRjMmIyZjk0MDE1ODBmMDE0YzdmNThlYTRlMzA5ODlkIjtpOjE7czo0OiJhdXRoIjthOjE6e3M6MjE6InBhc3N3b3JkX2NvbmZpcm1lZF9hdCI7aToxNzI0MzM4MjEzO319', 1724338213),
('urLv50CXSzmyWk2Npgl5U2iElETga66mmeo9gCkX', NULL, '::1', 'Mozilla/5.0 (Windows NT 10.0; Win64; x64) AppleWebKit/537.36 (KHTML, like Gecko) Chrome/127.0.0.0 Safari/537.36 Edg/127.0.0.0', 'YTozOntzOjY6Il90b2tlbiI7czo0MDoiV2trY3V2U2tsdHo5S0dXVlM1b2VYMHlMNG9SS01ReXljMWZ5aWtiUiI7czo2OiJfZmxhc2giO2E6Mjp7czozOiJvbGQiO2E6MDp7fXM6MzoibmV3IjthOjA6e319czo5OiJfcHJldmlvdXMiO2E6MTp7czozOiJ1cmwiO3M6MzM6Imh0dHA6Ly9sb2NhbGhvc3QvY2ZlX3NpYmFlL3B1YmxpYyI7fX0=', 1724282443),
('URNlPQzojvrUr0VgioFeLbyo5ucPGbl2CMDzuyCz', NULL, '::1', 'Mozilla/5.0 (Windows NT 10.0; Win64; x64) AppleWebKit/537.36 (KHTML, like Gecko) Chrome/127.0.0.0 Safari/537.36 Edg/127.0.0.0', 'YTozOntzOjY6Il90b2tlbiI7czo0MDoia1N3QThSc1BVNXVGNlpDVWR3WFJjOVdUM3ZZSDRQZmtTcFQ3VFZrZyI7czo2OiJfZmxhc2giO2E6Mjp7czozOiJvbGQiO2E6MDp7fXM6MzoibmV3IjthOjA6e319czo5OiJfcHJldmlvdXMiO2E6MTp7czozOiJ1cmwiO3M6MzM6Imh0dHA6Ly9sb2NhbGhvc3QvY2ZlX3NpYmFlL3B1YmxpYyI7fX0=', 1724340060),
('wamfntklAOUb1HmrE0LRoKRe16IpUMRUS5L2I9ew', 1, '127.0.0.1', 'Mozilla/5.0 (Windows NT 10.0; Win64; x64) AppleWebKit/537.36 (KHTML, like Gecko) Chrome/127.0.0.0 Safari/537.36 Edg/127.0.0.0', 'YTo1OntzOjY6Il90b2tlbiI7czo0MDoiWVRnbDlPTW1FaUZnSG9CUGw2RFhMdXZqTUc1ZE9HY1lZN3NTTU5xRiI7czo5OiJfcHJldmlvdXMiO2E6MTp7czozOiJ1cmwiO3M6Mzc6Imh0dHA6Ly8xMjcuMC4wLjE6ODAwMC91c3Vhcmlvcy9jcmVhdGUiO31zOjY6Il9mbGFzaCI7YToyOntzOjM6Im9sZCI7YTowOnt9czozOiJuZXciO2E6MDp7fX1zOjUwOiJsb2dpbl93ZWJfNTliYTM2YWRkYzJiMmY5NDAxNTgwZjAxNGM3ZjU4ZWE0ZTMwOTg5ZCI7aToxO3M6NDoiYXV0aCI7YToxOntzOjIxOiJwYXNzd29yZF9jb25maXJtZWRfYXQiO2k6MTcyNDI3NTY3ODt9fQ==', 1724276572);

-- --------------------------------------------------------

--
-- Estructura de tabla para la tabla `subestaciones`
--

CREATE TABLE `subestaciones` (
  `id` int(11) NOT NULL,
  `nombre` varchar(35) NOT NULL
) ENGINE=InnoDB DEFAULT CHARSET=utf8mb4 COLLATE=utf8mb4_general_ci;

--
-- Volcado de datos para la tabla `subestaciones`
--

INSERT INTO `subestaciones` (`id`, `nombre`) VALUES
(1, 'Tecozautla'),
(2, 'Huichapan'),
(3, 'Humedades'),
(4, 'Zimapán');

-- --------------------------------------------------------

--
-- Estructura de tabla para la tabla `sub_ermt`
--

CREATE TABLE `sub_ermt` (
  `id` int(11) NOT NULL,
  `id_cipe` int(11) DEFAULT NULL,
  `id_sub` int(11) DEFAULT NULL,
  `id_punto_i` int(11) DEFAULT NULL,
  `id_medidor` int(11) DEFAULT NULL,
  `id_tc` int(11) DEFAULT NULL,
  `id_tp` int(11) DEFAULT NULL
) ENGINE=InnoDB DEFAULT CHARSET=utf8mb4 COLLATE=utf8mb4_general_ci;

--
-- Volcado de datos para la tabla `sub_ermt`
--

INSERT INTO `sub_ermt` (`id`, `id_cipe`, `id_sub`, `id_punto_i`, `id_medidor`, `id_tc`, `id_tp`) VALUES
(1, 1, 1, 1, 1, 1, 1),
(2, 2, 1, 2, 2, 2, 2),
(3, 3, 2, 3, 3, 3, 2),
(4, 4, 3, 4, 4, 1, 3),
(5, 5, 3, 5, 5, 4, 3),
(6, 6, 4, 6, 6, 1, 3),
(7, 7, 4, 7, 7, 4, 3),
(8, 8, 4, 8, 8, 5, 1);

--
-- Disparadores `sub_ermt`
--
DELIMITER $$
CREATE TRIGGER `eliminar_sub_er_mt` BEFORE DELETE ON `sub_ermt` FOR EACH ROW BEGIN
    DELETE FROM energia_sub_mt WHERE id_sub_ermt = OLD.id;
END
$$
DELIMITER ;

-- --------------------------------------------------------

--
-- Estructura de tabla para la tabla `suma_total`
--

CREATE TABLE `suma_total` (
  `id` int(11) NOT NULL,
  `id_fecha` int(11) DEFAULT NULL,
  `id_total` int(11) DEFAULT NULL,
  `suma_energia` decimal(20,10) DEFAULT NULL
) ENGINE=InnoDB DEFAULT CHARSET=utf8mb4 COLLATE=utf8mb4_general_ci;

--
-- Volcado de datos para la tabla `suma_total`
--

INSERT INTO `suma_total` (`id`, `id_fecha`, `id_total`, `suma_energia`) VALUES
(1, 61, 1, 10711700.4745870403),
(2, 61, 2, 9733853.7531530100),
(3, 61, 3, 10667861.9505519600),
(4, 61, 4, 19799244.9252110100),
(5, 62, 1, 10310568.4787390100),
(6, 62, 2, 9046948.7274629700),
(7, 62, 3, 9766891.2083420000),
(8, 62, 4, 9046948.7274629700),
(9, 63, 1, 6228636.5988099900),
(10, 63, 2, 10271597.4021460000),
(11, 63, 3, 10900492.0789700100),
(12, 63, 4, 20865595.7910187000),
(13, 64, 1, 0.0000000000),
(14, 64, 2, 0.0000000000),
(15, 64, 3, 9990932.3100000000),
(16, 64, 4, 0.0000000000),
(17, 65, 1, 0.0000000000),
(18, 65, 2, 0.0000000000),
(19, 65, 3, 10668891.2100000000),
(20, 65, 4, 0.0000000000),
(21, 66, 1, 0.0000000000),
(22, 66, 2, 0.0000000000),
(23, 66, 3, 11258420.5900000000),
(24, 66, 4, 0.0000000000),
(25, 67, 1, 11807439.0000000000),
(26, 67, 2, 10716412.0000000000),
(27, 67, 3, 10820277.0000000000),
(28, 67, 4, 21771197.0000000000),
(29, 68, 1, 11629820.0000000000),
(30, 68, 2, 10559070.0000000000),
(31, 68, 3, 10518266.3000000000),
(32, 68, 4, 21459138.0000000000),
(33, 69, 1, 12651549.0000000000),
(34, 69, 2, 10038872.0000000000),
(35, 69, 3, 10584325.0000000000),
(36, 69, 4, 20404707.0000000000),
(37, 70, 1, 11580438.0000000000),
(38, 70, 2, 9954413.0000000000),
(39, 70, 3, 10654441.0000000000),
(40, 70, 4, 20244632.1261772000),
(41, 71, 1, 10364761.1217260000),
(42, 71, 2, 9441786.0647620200),
(43, 71, 3, 10038045.1352829900),
(44, 71, 4, 19199835.8717689800),
(45, 72, 1, 10025353.9667149600),
(46, 72, 2, 9985952.2622049700),
(47, 72, 3, 10417195.1965850000),
(48, 72, 4, 20307504.8854958700),
(49, 73, 1, 10711700.0000000000),
(50, 73, 2, 9733854.0000000000),
(51, 73, 3, 10667862.0000000000),
(52, 73, 4, 19799245.0000000000),
(53, 74, 1, 10310569.0000000000),
(54, 74, 2, 9046949.0000000000),
(55, 74, 3, 9766890.0000000000),
(56, 74, 4, 9046949.0000000000),
(57, 75, 1, 12346265.0000000000),
(58, 75, 2, 10271597.0000000000),
(59, 75, 3, 10900492.0000000000),
(60, 75, 4, 20865595.0000000000),
(61, 76, 1, 12635758.0000000000),
(62, 76, 2, 10318187.0000000000),
(63, 76, 3, 11084422.0000000000),
(64, 76, 4, 20967821.0000000000),
(65, 77, 1, 13698725.0000000000),
(66, 77, 2, 11802880.0000000000),
(67, 77, 3, 12052931.0000000000),
(68, 77, 4, 23977526.0000000000),
(69, 78, 1, 11237624.0000000000),
(70, 78, 2, 10609155.0000000000),
(71, 78, 3, 10675316.2800000000),
(72, 78, 4, 21553773.0000000000),
(73, 79, 1, 9820805.0000000000),
(74, 79, 2, 10040981.0000000000),
(75, 79, 3, 9563627.0000000000),
(76, 79, 4, 20398699.0000000000),
(77, 80, 1, NULL),
(78, 80, 2, NULL),
(79, 80, 3, NULL),
(80, 80, 4, NULL),
(81, 81, 1, NULL),
(82, 81, 2, NULL),
(83, 81, 3, NULL),
(84, 81, 4, NULL),
(85, 82, 1, NULL),
(86, 82, 2, NULL),
(87, 82, 3, NULL),
(88, 82, 4, NULL),
(89, 83, 1, NULL),
(90, 83, 2, NULL),
(91, 83, 3, NULL),
(92, 83, 4, NULL),
(93, 84, 1, NULL),
(94, 84, 2, NULL),
(95, 84, 3, NULL),
(96, 84, 4, NULL),
(97, 133, 1, NULL),
(98, 133, 2, NULL),
(99, 133, 3, NULL),
(100, 133, 4, NULL),
(101, 134, 1, NULL),
(102, 134, 2, NULL),
(103, 134, 3, NULL),
(104, 134, 4, NULL),
(105, 135, 1, NULL),
(106, 135, 2, NULL),
(107, 135, 3, NULL),
(108, 135, 4, NULL),
(109, 136, 1, NULL),
(110, 136, 2, NULL),
(111, 136, 3, NULL),
(112, 136, 4, NULL),
(113, 137, 1, NULL),
(114, 137, 2, NULL),
(115, 137, 3, NULL),
(116, 137, 4, NULL),
(117, 138, 1, NULL),
(118, 138, 2, NULL),
(119, 138, 3, NULL),
(120, 138, 4, NULL),
(121, 139, 1, NULL),
(122, 139, 2, NULL),
(123, 139, 3, NULL),
(124, 139, 4, NULL),
(125, 140, 1, NULL),
(126, 140, 2, NULL),
(127, 140, 3, NULL),
(128, 140, 4, NULL),
(129, 141, 1, NULL),
(130, 141, 2, NULL),
(131, 141, 3, NULL),
(132, 141, 4, NULL),
(133, 142, 1, NULL),
(134, 142, 2, NULL),
(135, 142, 3, NULL),
(136, 142, 4, NULL),
(137, 143, 1, NULL),
(138, 143, 2, NULL),
(139, 143, 3, NULL),
(140, 143, 4, NULL),
(141, 144, 1, NULL),
(142, 144, 2, NULL),
(143, 144, 3, NULL),
(144, 144, 4, NULL),
(145, 73, 1, 10711700.0000000000),
(146, 73, 1, 10711700.0000000000),
(147, 73, 1, 10711700.0000000000),
(148, 74, 1, 10310569.0000000000),
(149, 74, 1, 10310569.0000000000),
(150, 74, 1, 10310569.0000000000),
(151, 75, 1, 12346265.0000000000),
(152, 75, 1, 12346265.0000000000),
(153, 75, 1, 12346265.0000000000),
(154, 73, 1, 10711700.0000000000),
(155, 73, 1, 10711700.0000000000),
(156, 73, 1, 10711700.0000000000),
(157, 74, 1, 10310569.0000000000),
(158, 74, 1, 10310569.0000000000),
(159, 74, 1, 10310569.0000000000),
(160, 73, 1, 10711700.0000000000),
(161, 73, 1, 10711700.0000000000),
(162, 73, 1, 10711700.0000000000),
(163, 74, 1, 10310569.0000000000),
(164, 74, 1, 10310569.0000000000),
(165, 74, 1, 10310569.0000000000),
(166, 73, 1, 10711700.0000000000),
(167, 73, 1, 10711700.0000000000),
(168, 73, 1, 10711700.0000000000),
(169, 73, 1, 10711700.0000000000),
(170, 73, 1, 10711700.0000000000),
(171, 73, 1, 10711700.0000000000),
(172, 73, 1, 10711700.0000000000),
(173, 73, 1, 10711700.0000000000),
(174, 73, 1, 10711700.0000000000),
(175, 73, 1, 10711700.0000000000),
(176, 73, 1, 10711700.0000000000),
(177, 73, 1, 10711700.0000000000),
(178, 74, 1, 10310569.0000000000),
(179, 74, 1, 10310569.0000000000),
(180, 74, 1, 10310569.0000000000),
(181, 73, 1, 10711700.0000000000),
(182, 73, 1, 10711700.0000000000),
(183, 73, 1, 10711700.0000000000),
(184, 73, 1, 10711700.0000000000),
(185, 73, 1, 10711700.0000000000),
(186, 73, 1, 10711700.0000000000),
(187, 74, 1, 10310569.0000000000),
(188, 74, 1, 10310569.0000000000),
(189, 74, 1, 10310569.0000000000),
(190, 73, 1, 10711700.0000000000),
(191, 73, 1, 10711700.0000000000),
(192, 73, 1, 10711700.0000000000),
(193, 73, 1, 10711700.0000000000),
(194, 73, 1, 10711700.0000000000),
(195, 73, 1, 10711700.0000000000),
(196, 73, 1, 10711700.0000000000),
(197, 73, 1, 10711700.0000000000),
(198, 73, 1, 10711700.0000000000);

-- --------------------------------------------------------

--
-- Estructura de tabla para la tabla `tarifas`
--

CREATE TABLE `tarifas` (
  `id` int(11) NOT NULL,
  `codigo` varchar(11) NOT NULL,
  `descripcion` varchar(50) NOT NULL
) ENGINE=InnoDB DEFAULT CHARSET=utf8mb4 COLLATE=utf8mb4_general_ci;

--
-- Volcado de datos para la tabla `tarifas`
--

INSERT INTO `tarifas` (`id`, `codigo`, `descripcion`) VALUES
(1, '1', 'Servicio Doméstico'),
(2, '2', 'Ordinario Baja Tensión Hasta 25 kW'),
(3, '3', 'Ordinario Baja Tensión Mayor a 25 kW'),
(4, '5', 'Alumbrado Público'),
(5, '6', 'Bombeo de Agua Potable y Aguas Negras'),
(6, '7', 'Servicio Temporal'),
(7, '9', 'Riego Agrícola'),
(8, '1A', 'Servicio Doméstico'),
(9, '1B', 'Servicio Doméstico'),
(10, '1C', 'Servicio Doméstico'),
(11, '1D', 'Servicio Doméstico'),
(12, '48', 'Horaria Alta Tensión Nivel Transmisión HTL'),
(13, '56', 'Horaria Alta Tensión Nivel Subtransmisión HTL'),
(14, '58', 'Horaria Alta Tensión Nivel Subtransmisión HTL'),
(15, '5A', 'Alumbrado Público'),
(16, '64', 'Ordinaria Media Tensión'),
(17, '66', 'Ordinaria Media Tensión'),
(18, '68', 'Ordinaria Media Tensión'),
(19, '74', 'Horaria Media Tensión'),
(20, '76', 'Horaria Media Tensión'),
(21, '78', 'Horaria Media Tensión'),
(22, '86', 'Horaria Alta Tensión Nivel Transmisión HT'),
(23, '88', 'Horaria Alta Tensión Nivel Transmisión HT'),
(24, '96', 'Horaria Alta Tensión Nivel Subtransmisión HS'),
(25, '98', 'Horaria Alta Tensión Nivel Subtransmisión HS'),
(26, '99', 'No Identificada'),
(27, '9A', 'Riego Agrícola'),
(28, '9C', 'Riego Agrícola'),
(29, '9M', 'Riego Agrícola'),
(30, '9N', 'Riego Agrícola');

--
-- Disparadores `tarifas`
--
DELIMITER $$
CREATE TRIGGER `eliminar_tarifas` BEFORE DELETE ON `tarifas` FOR EACH ROW BEGIN
    DELETE FROM ventas WHERE id_tarifa = OLD.id;
END
$$
DELIMITER ;

-- --------------------------------------------------------

--
-- Estructura de tabla para la tabla `tc`
--

CREATE TABLE `tc` (
  `id` int(11) NOT NULL,
  `rtc` varchar(15) NOT NULL,
  `marca` varchar(15) NOT NULL
) ENGINE=InnoDB DEFAULT CHARSET=utf8mb4 COLLATE=utf8mb4_general_ci;

--
-- Volcado de datos para la tabla `tc`
--

INSERT INTO `tc` (`id`, `rtc`, `marca`) VALUES
(1, '400/5', 'ARTECHE'),
(2, '1000/5', 'ARTECHE'),
(3, '1200/5', 'ARTECHE'),
(4, '800/5', 'ARTECHE'),
(5, '200/5', 'ARTECHE');

-- --------------------------------------------------------

--
-- Estructura de tabla para la tabla `total`
--

CREATE TABLE `total` (
  `id` int(11) NOT NULL,
  `nombre` varchar(255) NOT NULL
) ENGINE=InnoDB DEFAULT CHARSET=utf8mb4 COLLATE=utf8mb4_general_ci;

--
-- Volcado de datos para la tabla `total`
--

INSERT INTO `total` (`id`, `nombre`) VALUES
(1, 'TOTAL TCZ'),
(2, 'TOTAL HUM'),
(3, 'TOTAL ZIM'),
(4, 'TOTAL HUM + ZIM');

-- --------------------------------------------------------

--
-- Estructura de tabla para la tabla `tp`
--

CREATE TABLE `tp` (
  `id` int(11) NOT NULL,
  `rtp` varchar(15) NOT NULL,
  `marca` varchar(15) NOT NULL,
  `exactitud` decimal(4,2) NOT NULL
) ENGINE=InnoDB DEFAULT CHARSET=utf8mb4 COLLATE=utf8mb4_general_ci;

--
-- Volcado de datos para la tabla `tp`
--

INSERT INTO `tp` (`id`, `rtp`, `marca`, `exactitud`) VALUES
(1, '20125/115', 'ARTECHE', 0.25),
(2, '8400/120', 'ARTECHE', 0.25),
(3, '14400/120', 'ARTECHE', 0.25);

-- --------------------------------------------------------

--
-- Estructura de tabla para la tabla `users`
--

CREATE TABLE `users` (
  `id` bigint(20) UNSIGNED NOT NULL,
  `name` varchar(255) NOT NULL,
  `email` varchar(255) NOT NULL,
  `email_verified_at` timestamp NULL DEFAULT NULL,
  `password` varchar(255) NOT NULL,
  `remember_token` varchar(100) DEFAULT NULL,
  `created_at` timestamp NULL DEFAULT NULL,
  `updated_at` timestamp NULL DEFAULT NULL,
  `area` varchar(100) NOT NULL,
  `privilegios` int(11) DEFAULT NULL
) ENGINE=InnoDB DEFAULT CHARSET=utf8mb4 COLLATE=utf8mb4_unicode_ci;

--
-- Volcado de datos para la tabla `users`
--

INSERT INTO `users` (`id`, `name`, `email`, `email_verified_at`, `password`, `remember_token`, `created_at`, `updated_at`, `area`, `privilegios`) VALUES
(1, 'Ing. Afzal Ibrahim Hernández Romero', 'afzel.hernandez@cfe.mx', NULL, '$2y$12$0DBmmFxm.bGHyB1turwLEO8e63o8A7vwf5Dq2s44EFeN.uH/nVMBq', NULL, '2024-06-09 02:27:01', '2024-07-19 12:40:38', 'Planeación/Construcción', 1);

-- --------------------------------------------------------

--
-- Estructura de tabla para la tabla `ventas`
--

CREATE TABLE `ventas` (
  `id` int(11) NOT NULL,
  `id_tarifa` int(11) DEFAULT NULL,
  `id_fecha` int(11) DEFAULT NULL,
  `monto` decimal(20,8) DEFAULT NULL
) ENGINE=InnoDB DEFAULT CHARSET=utf8mb4 COLLATE=utf8mb4_general_ci;

--
-- Volcado de datos para la tabla `ventas`
--

INSERT INTO `ventas` (`id`, `id_tarifa`, `id_fecha`, `monto`) VALUES
(1, 1, 1, 9953048.00000000),
(2, 2, 1, 1788367.00000000),
(3, 3, 1, 15048.00000000),
(4, 5, 1, 1483338.00000000),
(5, 7, 1, 883.00000000),
(6, 9, 1, 718.00000000),
(7, 15, 1, 1696659.00000000),
(8, 18, 1, 1129844.00000000),
(9, 21, 1, 6072990.00000000),
(10, 27, 1, 1480191.00000000),
(11, 29, 1, 5503.00000000),
(12, 28, 1, 1699.00000000),
(13, 1, 2, 8815510.00000000),
(14, 2, 2, 2741266.00000000),
(15, 3, 2, 17016.00000000),
(16, 5, 2, 1413744.00000000),
(17, 7, 2, 203.00000000),
(18, 8, 2, 95161.00000000),
(19, 9, 2, 500350.00000000),
(20, 15, 2, 1524262.00000000),
(21, 18, 2, 1138245.00000000),
(22, 21, 2, 6269555.00000000),
(23, 27, 2, 1703743.00000000),
(24, 28, 2, 1714.00000000),
(25, 29, 2, 6377.00000000),
(26, 1, 3, 9569692.00000000),
(27, 2, 3, 1845831.00000000),
(28, 3, 3, 16418.00000000),
(29, 5, 3, 1461283.00000000),
(30, 7, 3, 5892.00000000),
(31, 8, 3, 201.00000000),
(32, 9, 3, 44.00000000),
(33, 15, 3, 1646490.00000000),
(34, 18, 3, 1114188.00000000),
(35, 21, 3, 6428191.00000000),
(36, 27, 3, 2481206.00000000),
(37, 28, 3, 1934.00000000),
(38, 29, 3, 5324.00000000),
(39, 1, 4, 8756147.00000000),
(40, 2, 4, 2978163.00000000),
(41, 3, 4, 14178.00000000),
(42, 5, 4, 1474465.00000000),
(43, 7, 4, 769.00000000),
(44, 8, 4, 88453.00000000),
(45, 9, 4, 493530.00000000),
(46, 15, 4, 1730108.00000000),
(47, 18, 4, 1219782.00000000),
(48, 21, 4, 6596886.00000000),
(49, 23, 4, 164124.00000000),
(50, 26, 4, 12980.00000000),
(51, 27, 4, 3173519.00000000),
(52, 28, 4, 2499.00000000),
(53, 29, 4, 8322.00000000),
(54, 1, 5, 9596037.00000000),
(55, 2, 5, 1938489.00000000),
(56, 3, 5, 14765.00000000),
(57, 5, 5, 1627990.00000000),
(58, 7, 5, 488.00000000),
(59, 8, 5, 406.00000000),
(60, 9, 5, 150.00000000),
(61, 15, 5, 1797177.00000000),
(62, 18, 5, 1276864.00000000),
(63, 21, 5, 6765963.00000000),
(64, 23, 5, 38509.00000000),
(65, 27, 5, 3009582.00000000),
(66, 28, 5, 2402.00000000),
(67, 29, 5, 9359.00000000),
(68, 1, 6, 8999959.00000000),
(69, 2, 6, 3183900.00000000),
(70, 3, 6, 14749.00000000),
(71, 5, 6, 1724505.00000000),
(72, 7, 6, 3815.00000000),
(73, 8, 6, 93650.00000000),
(74, 9, 6, 542388.00000000),
(75, 15, 6, 1574622.00000000),
(76, 18, 6, 1353194.00000000),
(77, 21, 6, 6306027.00000000),
(78, 27, 6, 1885708.00000000),
(79, 28, 6, 4641.00000000),
(80, 29, 6, 8141.00000000),
(81, 1, 7, 9867703.00000000),
(82, 2, 7, 2013901.00000000),
(83, 3, 7, 13198.00000000),
(84, 5, 7, 1647395.00000000),
(85, 7, 7, 490.00000000),
(86, 8, 7, 451.00000000),
(87, 9, 7, 39.00000000),
(88, 15, 7, 1526392.00000000),
(89, 18, 7, 1187148.00000000),
(90, 21, 7, 6282587.00000000),
(91, 27, 7, 1642821.00000000),
(92, 28, 7, 1895.00000000),
(93, 29, 7, 5254.00000000),
(94, 1, 8, 8838379.00000000),
(95, 2, 8, 3044368.00000000),
(96, 3, 8, 13314.00000000),
(97, 5, 8, 1592039.00000000),
(98, 7, 8, 645.00000000),
(99, 8, 8, 87557.00000000),
(100, 9, 8, 526448.00000000),
(101, 15, 8, 1507222.00000000),
(102, 18, 8, 1299155.00000000),
(103, 21, 8, 6635216.00000000),
(104, 27, 8, 2565672.00000000),
(105, 28, 8, 2332.00000000),
(106, 29, 8, 11897.00000000),
(107, 1, 9, 10086407.00000000),
(108, 2, 9, 1989329.00000000),
(109, 3, 9, 11530.00000000),
(110, 5, 9, 1537359.00000000),
(111, 7, 9, 624.00000000),
(112, 8, 9, 487.00000000),
(113, 9, 9, 4091.00000000),
(114, 15, 9, 1133094.00000000),
(115, 18, 9, 1314008.00000000),
(116, 21, 9, 6452443.00000000),
(117, 23, 9, 160200.00000000),
(118, 27, 9, 1645234.00000000),
(119, 28, 9, 2114.00000000),
(120, 29, 9, 8169.00000000),
(121, 1, 10, 8892550.00000000),
(122, 2, 10, 3041538.00000000),
(123, 3, 10, 13813.00000000),
(124, 5, 10, 1500113.00000000),
(125, 7, 10, 680.00000000),
(126, 8, 10, 84406.00000000),
(127, 9, 10, 547589.00000000),
(128, 15, 10, 1515372.00000000),
(129, 18, 10, 1286390.00000000),
(130, 21, 10, 6811196.00000000),
(131, 23, 10, 7732044.00000000),
(132, 27, 10, 1760297.00000000),
(133, 28, 10, 2095.00000000),
(134, 29, 10, 9333.00000000),
(135, 1, 11, 9940611.00000000),
(136, 2, 11, 1929482.00000000),
(137, 3, 11, 12470.00000000),
(138, 5, 11, 1407782.00000000),
(139, 7, 11, 466.00000000),
(140, 8, 11, 432.00000000),
(141, 9, 11, -147.00000000),
(142, 15, 11, 1456013.00000000),
(143, 18, 11, 1175806.00000000),
(144, 21, 11, 6474809.00000000),
(145, 23, 11, 651906.00000000),
(146, 27, 11, 1322504.00000000),
(147, 28, 11, 1789.00000000),
(148, 29, 11, 5958.00000000),
(149, 1, 12, 9248042.00000000),
(150, 2, 12, 2948057.00000000),
(151, 3, 12, 13370.00000000),
(152, 5, 12, 1302956.00000000),
(153, 7, 12, 479.00000000),
(154, 8, 12, 98575.00000000),
(155, 9, 12, 528659.00000000),
(156, 15, 12, 1511379.00000000),
(157, 18, 12, 1086372.00000000),
(158, 21, 12, 6251130.00000000),
(159, 23, 12, 1218347.00000000),
(160, 27, 12, 1267597.00000000),
(161, 28, 12, 1738.00000000),
(162, 29, 12, 4538.00000000),
(163, 1, 13, 10642133.00000000),
(164, 2, 13, 1843504.00000000),
(165, 3, 13, 11571.00000000),
(166, 5, 13, 2141790.00000000),
(167, 7, 13, 498.00000000),
(168, 8, 13, 384.00000000),
(169, 9, 13, -1003.00000000),
(170, 15, 13, 1462849.00000000),
(171, 18, 13, 1174157.00000000),
(172, 21, 13, 6205302.00000000),
(173, 23, 13, 1903906.00000000),
(174, 27, 13, 1399868.00000000),
(175, 28, 13, 2129.00000000),
(176, 29, 13, 6265.00000000),
(177, 1, 14, 9193745.00000000),
(178, 2, 14, 2782727.00000000),
(179, 3, 14, 13006.00000000),
(180, 5, 14, 1461951.00000000),
(181, 7, 14, 2927.00000000),
(182, 8, 14, 96087.00000000),
(183, 9, 14, 521729.00000000),
(184, 15, 14, 1372085.00000000),
(185, 18, 14, 1116820.00000000),
(186, 21, 14, 6240271.00000000),
(187, 23, 14, 496486.00000000),
(188, 27, 14, 2017232.00000000),
(189, 28, 14, 1741.00000000),
(190, 29, 14, 9321.00000000),
(191, 1, 15, 9786613.00000000),
(192, 2, 15, 1844237.00000000),
(193, 3, 15, 13615.00000000),
(194, 5, 15, 1687259.00000000),
(195, 7, 15, 458.00000000),
(196, 8, 15, 505.00000000),
(197, 9, 15, -426.00000000),
(198, 15, 15, 1517283.00000000),
(199, 18, 15, 1285479.00000000),
(200, 21, 15, 6623876.00000000),
(201, 23, 15, -6581518.00000000),
(202, 27, 15, 2796331.00000000),
(203, 28, 15, 2148.00000000),
(204, 29, 15, 9455.00000000),
(205, 1, 16, 8896844.00000000),
(206, 2, 16, 2931643.00000000),
(207, 3, 16, 10672.00000000),
(208, 5, 16, 1712460.00000000),
(209, 7, 16, 2980.00000000),
(210, 8, 16, 92346.00000000),
(211, 9, 16, 520747.00000000),
(212, 15, 16, 1459231.00000000),
(213, 18, 16, 1266253.00000000),
(214, 21, 16, 6098144.00000000),
(215, 23, 16, 6423011.00000000),
(216, 27, 16, 3460576.00000000),
(217, 28, 16, 2232.00000000),
(218, 29, 16, 18206.00000000),
(219, 1, 17, 10506432.00000000),
(220, 2, 17, 2042281.00000000),
(221, 3, 17, 12219.00000000),
(222, 5, 17, 1988444.00000000),
(223, 7, 17, 2845.00000000),
(224, 8, 17, 880.00000000),
(225, 9, 17, 62.00000000),
(226, 15, 17, 1420189.00000000),
(235, 18, 17, 1439576.00000000),
(236, 21, 17, 6264742.00000000),
(237, 23, 17, 8517514.00000000),
(238, 27, 17, 3371865.00000000),
(239, 28, 17, 1843.00000000),
(240, 29, 17, 19836.00000000),
(241, 1, 18, 9480701.00000000),
(242, 2, 18, 3245247.00000000),
(243, 3, 18, 12428.00000000),
(244, 5, 18, 1656119.00000000),
(245, 7, 18, 764.00000000),
(246, 8, 18, 91343.00000000),
(247, 9, 18, 599986.00000000),
(248, 15, 18, 1392686.00000000),
(249, 18, 18, 1220873.00000000),
(250, 21, 18, 6619653.00000000),
(251, 23, 18, 9239464.00000000),
(252, 27, 18, 2076941.00000000),
(253, 28, 18, 1425.00000000),
(254, 29, 18, 14199.00000000),
(255, 1, 19, 10160958.00000000),
(256, 2, 19, 2004358.00000000),
(257, 3, 19, 10930.00000000),
(258, 5, 19, 1662033.00000000),
(259, 7, 19, 722.00000000),
(260, 8, 19, 1165.00000000),
(261, 9, 19, 1904.00000000),
(262, 15, 19, 1464409.00000000),
(263, 18, 19, 1222736.00000000),
(264, 21, 19, 6365121.00000000),
(265, 23, 19, 5660944.00000000),
(266, 27, 19, 1944048.00000000),
(267, 28, 19, 1206.00000000),
(268, 29, 19, 16365.00000000),
(269, 1, 20, 9138784.00000000),
(270, 2, 20, 3045840.00000000),
(271, 3, 20, 9998.00000000),
(272, 5, 20, 1697257.00000000),
(273, 7, 20, 771.00000000),
(274, 8, 20, 86820.00000000),
(275, 9, 20, 615160.00000000),
(276, 15, 20, 1476566.00000000),
(277, 18, 20, 1359952.00000000),
(278, 21, 20, 6718498.00000000),
(279, 23, 20, 9859667.00000000),
(280, 27, 20, 2312726.00000000),
(281, 28, 20, 1448.00000000),
(282, 29, 20, 25014.00000000),
(283, 1, 21, 10225328.00000000),
(284, 2, 21, 1977672.00000000),
(285, 3, 21, 10574.00000000),
(286, 5, 21, 1672273.00000000),
(287, 7, 21, 675.00000000),
(288, 8, 21, 1396.00000000),
(289, 9, 21, 530.00000000),
(290, 15, 21, 1429772.00000000),
(291, 18, 21, 1283150.00000000),
(292, 21, 21, 6205722.00000000),
(293, 23, 21, 5851798.00000000),
(294, 27, 21, 2726039.00000000),
(295, 28, 21, 1266.00000000),
(296, 29, 21, 22681.00000000),
(311, 1, 22, 9102207.00000000),
(312, 2, 22, 3016489.00000000),
(313, 3, 22, 11442.00000000),
(314, 5, 22, 1836290.00000000),
(315, 7, 22, 717.00000000),
(316, 8, 22, 83392.00000000),
(317, 9, 22, 568063.00000000),
(318, 15, 22, 1522575.00000000),
(319, 18, 22, 1311331.00000000),
(320, 21, 22, 6482882.00000000),
(321, 23, 22, 9116021.00000000),
(322, 27, 22, 2175779.00000000),
(323, 28, 22, 1267.00000000),
(324, 29, 22, 15527.00000000),
(339, 1, 23, 10364175.00000000),
(340, 2, 23, 2017685.00000000),
(341, 3, 23, 11214.00000000),
(342, 5, 23, 1721780.00000000),
(343, 7, 23, 471.00000000),
(344, 8, 23, 1279.00000000),
(345, 9, 23, 3377.00000000),
(346, 15, 23, 1553648.00000000),
(347, 18, 23, 1192440.00000000),
(348, 21, 23, 6246180.00000000),
(349, 23, 23, 4449845.00000000),
(350, 27, 23, 1787158.00000000),
(351, 28, 23, 1083.00000000),
(352, 29, 23, 18359.00000000),
(353, 1, 24, 9547764.00000000),
(354, 2, 24, 3108401.00000000),
(355, 3, 24, 10831.00000000),
(356, 5, 24, 1698329.00000000),
(357, 7, 24, 346.00000000),
(358, 8, 24, 103615.00000000),
(359, 9, 24, 552242.00000000),
(360, 15, 24, 1575047.00000000),
(361, 18, 24, 1198143.00000000),
(362, 21, 24, 5679351.00000000),
(363, 23, 24, 5219189.00000000),
(364, 27, 24, 1548927.00000000),
(365, 28, 24, 1187.00000000),
(366, 29, 24, 9413.00000000),
(367, 1, 25, 10695499.00000000),
(368, 2, 25, 1892820.00000000),
(369, 3, 25, 8507.00000000),
(370, 5, 25, 1581668.00000000),
(371, 7, 25, 103.00000000),
(372, 8, 25, 3230.00000000),
(373, 15, 25, 1719187.00000000),
(374, 18, 25, 1017947.00000000),
(375, 21, 25, 6031157.00000000),
(376, 23, 25, 6291423.00000000),
(377, 27, 25, 1459589.00000000),
(378, 28, 25, 977.00000000),
(379, 29, 25, 5437.00000000),
(380, 1, 26, 9413997.00000000),
(381, 2, 26, 2834811.00000000),
(382, 3, 26, 11406.00000000),
(383, 5, 26, 1718800.00000000),
(384, 7, 26, 791.00000000),
(385, 8, 26, 102735.00000000),
(386, 9, 26, 550754.00000000),
(387, 15, 26, 1450747.00000000),
(388, 18, 26, 1117591.00000000),
(389, 21, 26, 5798104.00000000),
(390, 23, 26, 3287169.00000000),
(391, 27, 26, 1965863.00000000),
(392, 28, 26, 1029.00000000),
(393, 29, 26, 8036.00000000),
(394, 1, 27, 10329619.00000000),
(395, 2, 27, 1955269.00000000),
(396, 3, 27, 10083.00000000),
(397, 5, 27, 1671079.00000000),
(398, 7, 27, 763.00000000),
(399, 8, 27, 1435.00000000),
(400, 9, 27, 57.00000000),
(401, 15, 27, 1534720.00000000),
(402, 18, 27, 1190493.00000000),
(403, 21, 27, 5753812.00000000),
(404, 23, 27, 5917690.00000000),
(405, 27, 27, 2502582.00000000),
(406, 28, 27, 1235.00000000),
(407, 29, 27, 17348.00000000),
(408, 1, 28, 9385275.00000000),
(409, 2, 28, 2911892.00000000),
(410, 3, 28, 7413.00000000),
(411, 5, 28, 1828322.00000000),
(412, 7, 28, 555.00000000),
(413, 8, 28, 99466.00000000),
(414, 9, 28, 604480.00000000),
(415, 15, 28, 1491450.00000000),
(416, 18, 28, 1093805.00000000),
(417, 21, 28, 3416109.00000000),
(418, 23, 28, 5327222.00000000),
(419, 27, 28, 3656793.00000000),
(420, 28, 28, 1477.00000000),
(421, 29, 28, 19141.00000000),
(422, 1, 29, 11055217.00000000),
(423, 2, 29, 1944750.00000000),
(424, 3, 29, 5178.00000000),
(425, 5, 29, 1780753.00000000),
(426, 7, 29, 1067.00000000),
(427, 8, 29, 3575.00000000),
(428, 9, 29, 43.00000000),
(429, 15, 29, 1513338.00000000),
(430, 18, 29, 1042525.00000000),
(431, 21, 29, 3751216.00000000),
(432, 23, 29, 7247651.00000000),
(433, 27, 29, 3298576.00000000),
(434, 28, 29, 1275.00000000),
(435, 29, 29, 30928.00000000),
(436, 1, 30, 9761190.00000000),
(437, 2, 30, 2759140.00000000),
(438, 3, 30, 4645.00000000),
(439, 5, 30, 1701781.00000000),
(440, 7, 30, 3445.00000000),
(441, 8, 30, 97568.00000000),
(442, 9, 30, 603918.00000000),
(443, 15, 30, 1501756.00000000),
(444, 18, 30, 985059.00000000),
(445, 21, 30, 5981879.00000000),
(446, 23, 30, 8922667.00000000),
(447, 27, 30, 2889923.00000000),
(448, 28, 30, 20776.00000000),
(449, 29, 30, 13347.00000000),
(450, 1, 31, 10885753.00000000),
(451, 2, 31, 1844435.00000000),
(452, 3, 31, 5251.00000000),
(453, 5, 31, 1777555.00000000),
(454, 7, 31, 583.00000000),
(455, 8, 31, 2084.00000000),
(456, 9, 31, 668.00000000),
(457, 15, 31, 1382193.00000000),
(458, 18, 31, 1041518.00000000),
(459, 21, 31, 6189054.00000000),
(460, 23, 31, 11370757.00000000),
(461, 27, 31, 1850673.00000000),
(462, 28, 31, 5004.00000000),
(463, 29, 31, 10118.00000000),
(464, 1, 32, 9841017.00000000),
(465, 2, 32, 2973240.00000000),
(466, 3, 32, 6398.00000000),
(467, 5, 32, 1712689.00000000),
(468, 7, 32, 555.00000000),
(469, 8, 32, 96347.00000000),
(470, 9, 32, 663274.00000000),
(471, 15, 32, 1657048.00000000),
(472, 18, 32, 1143074.00000000),
(473, 21, 32, 5843523.00000000),
(474, 23, 32, 9701830.00000000),
(475, 27, 32, 2080670.00000000),
(476, 28, 32, 7042.00000000),
(477, 29, 32, 7734.00000000),
(478, 1, 33, 10740247.00000000),
(479, 2, 33, 1912273.00000000),
(480, 3, 33, 5428.00000000),
(481, 5, 33, 1538970.00000000),
(482, 7, 33, 234.00000000),
(483, 8, 33, 2355.00000000),
(484, 9, 33, -782.00000000),
(485, 15, 33, 1481586.00000000),
(486, 18, 33, 1055026.00000000),
(487, 21, 33, 6135712.00000000),
(488, 23, 33, 9415113.00000000),
(489, 27, 33, 1879146.00000000),
(490, 28, 33, 7309.00000000),
(491, 29, 33, 8247.00000000),
(492, 1, 34, 9651775.00000000),
(493, 2, 34, 2716579.00000000),
(494, 3, 34, 5277.00000000),
(495, 5, 34, 2578718.00000000),
(496, 7, 34, 340.00000000),
(497, 8, 34, 101228.00000000),
(498, 9, 34, 611942.00000000),
(499, 15, 34, 1532089.00000000),
(500, 18, 34, 1040606.00000000),
(501, 21, 34, 6506566.00000000),
(502, 23, 34, 10075035.00000000),
(503, 27, 34, 3016210.00000000),
(504, 28, 34, 15238.00000000),
(505, 29, 34, 19269.00000000),
(506, 1, 35, 10799974.00000000),
(507, 2, 35, 1935455.00000000),
(508, 3, 35, 6423.00000000),
(509, 5, 35, 1711224.00000000),
(510, 7, 35, 576.00000000),
(511, 8, 35, 2412.00000000),
(512, 9, 35, 7031.00000000),
(513, 15, 35, 1486041.00000000),
(514, 18, 35, 1119633.00000000),
(515, 21, 35, 6102131.00000000),
(516, 23, 35, 9265614.00000000),
(517, 27, 35, 2501269.00000000),
(518, 28, 35, 11775.00000000),
(519, 29, 35, 8512.00000000),
(520, 1, 36, 9731419.00000000),
(521, 2, 36, 2760684.00000000),
(522, 3, 36, 6835.00000000),
(523, 5, 36, 1664616.00000000),
(524, 7, 36, 499.00000000),
(525, 8, 36, 101386.00000000),
(526, 9, 36, 601648.00000000),
(527, 15, 36, 1546137.00000000),
(528, 18, 36, 1013794.00000000),
(529, 21, 36, 6183058.00000000),
(530, 23, 36, 7732876.00000000),
(531, 27, 36, 1728661.00000000),
(532, 28, 36, 5949.00000000),
(533, 29, 36, 8307.00000000),
(534, 1, 37, 11376872.00000000),
(535, 2, 37, 1799867.00000000),
(536, 3, 37, 5886.00000000),
(537, 5, 37, 1764668.00000000),
(538, 7, 37, 499.00000000),
(539, 8, 37, 5275.00000000),
(540, 9, 37, 59.00000000),
(541, 15, 37, 1546658.00000000),
(542, 18, 37, 1025995.00000000),
(543, 21, 37, 5912388.00000000),
(544, 23, 37, 9578616.00000000),
(545, 27, 37, 1818215.00000000),
(546, 28, 37, 4203.00000000),
(547, 29, 37, 5355.00000000),
(548, 1, 38, 9822582.00000000),
(549, 2, 38, 2638335.00000000),
(550, 3, 38, 4957.00000000),
(551, 5, 38, 1818489.00000000),
(552, 7, 38, 422.00000000),
(553, 8, 38, 97810.00000000),
(554, 9, 38, 594787.00000000),
(555, 15, 38, 1411055.00000000),
(556, 18, 38, 1022642.00000000),
(557, 21, 38, 5711782.00000000),
(558, 23, 38, 8547193.00000000),
(559, 27, 38, 2310707.00000000),
(560, 28, 38, 7864.00000000),
(561, 29, 38, 12042.00000000),
(562, 1, 39, 10435044.00000000),
(563, 2, 39, 1772364.00000000),
(564, 3, 39, 5124.00000000),
(565, 5, 39, 1864017.00000000),
(566, 7, 39, 471.00000000),
(567, 8, 39, 2354.00000000),
(568, 9, 39, 262.00000000),
(569, 15, 39, 1547202.00000000),
(570, 18, 39, 1071165.00000000),
(571, 21, 39, 6189721.00000000),
(572, 23, 39, 5661453.00000000),
(573, 27, 39, 2976073.00000000),
(574, 28, 39, 16608.00000000),
(575, 29, 39, 9059.00000000),
(576, 1, 40, 9753355.00000000),
(577, 2, 40, 2749070.00000000),
(578, 3, 40, 5006.00000000),
(579, 5, 40, 1812652.00000000),
(580, 7, 40, 477.00000000),
(581, 8, 40, 94307.00000000),
(582, 9, 40, 609904.00000000),
(583, 15, 40, 1469259.00000000),
(584, 18, 40, 1099854.00000000),
(585, 21, 40, 6189448.00000000),
(586, 23, 40, 8541059.00000000),
(587, 27, 40, 3447570.00000000),
(588, 28, 40, 18452.00000000),
(589, 29, 40, 9088.00000000),
(590, 1, 41, 10775353.00000000),
(591, 2, 41, 1990094.00000000),
(592, 3, 41, 5630.00000000),
(593, 5, 41, 1742372.00000000),
(594, 7, 41, 222.00000000),
(595, 8, 41, 2618.00000000),
(596, 9, 41, 331.00000000),
(597, 15, 41, 1458108.00000000),
(598, 18, 41, 1162959.00000000),
(599, 21, 41, 6266872.00000000),
(600, 23, 41, 11874192.00000000),
(601, 27, 41, 2548176.00000000),
(602, 28, 41, 16789.00000000),
(603, 29, 41, 10528.00000000),
(604, 1, 42, 9490334.00000000),
(605, 2, 42, 2893754.00000000),
(606, 3, 42, 10895.00000000),
(607, 5, 42, 1780971.00000000),
(608, 7, 42, 196.00000000),
(609, 8, 42, 94562.00000000),
(610, 9, 42, 622561.00000000),
(611, 15, 42, 1498142.00000000),
(612, 18, 42, 1166186.00000000),
(613, 21, 42, 6380767.00000000),
(614, 23, 42, 9329743.00000000),
(615, 27, 42, 1913542.00000000),
(616, 28, 42, 8266.00000000),
(617, 29, 42, 6767.00000000),
(618, 1, 43, 10709265.00000000),
(619, 2, 43, 1900732.00000000),
(620, 3, 43, 5767.00000000),
(621, 5, 43, 1926062.00000000),
(622, 7, 43, 22385.00000000),
(623, 8, 43, 2872.00000000),
(624, 9, 43, 981.00000000),
(625, 15, 43, 1390413.00000000),
(626, 18, 43, 1118956.00000000),
(627, 21, 43, 6558730.00000000),
(628, 23, 43, 14328431.00000000),
(629, 27, 43, 826717.00000000),
(630, 28, 43, 2746.00000000),
(631, 29, 43, 4794.00000000),
(632, 1, 44, 9799175.00000000),
(633, 2, 44, 2889327.00000000),
(634, 3, 44, 8107.00000000),
(635, 5, 44, 1763862.00000000),
(636, 7, 44, 3262.00000000),
(637, 8, 44, 90555.00000000),
(638, 9, 44, 708482.00000000),
(639, 15, 44, 1367278.00000000),
(640, 18, 44, 1222020.00000000),
(641, 21, 44, 6657113.00000000),
(642, 23, 44, 17102359.00000000),
(643, 27, 44, 2315866.00000000),
(644, 28, 44, 7922.00000000),
(645, 29, 44, 11781.00000000),
(646, 1, 45, 11139387.00000000),
(647, 2, 45, 1931671.00000000),
(648, 3, 45, 5832.00000000),
(649, 5, 45, 1543653.00000000),
(650, 7, 45, 5483.00000000),
(651, 8, 45, 3056.00000000),
(652, 9, 45, 746.00000000),
(653, 15, 45, 1297236.00000000),
(654, 18, 45, 1113829.00000000),
(655, 21, 45, 6585483.00000000),
(656, 23, 45, 9123599.00000000),
(657, 27, 45, 1073402.00000000),
(658, 28, 45, 2538.00000000),
(659, 29, 45, 4863.00000000),
(660, 1, 46, 9620763.00000000),
(661, 2, 46, 2773418.00000000),
(662, 3, 46, 4623.00000000),
(663, 5, 46, 1536354.00000000),
(664, 7, 46, 14335.00000000),
(665, 8, 46, 93293.00000000),
(666, 9, 46, 553512.00000000),
(667, 15, 46, 1335966.00000000),
(668, 18, 46, 1077899.00000000),
(669, 21, 46, 7023048.00000000),
(670, 23, 46, 8634500.00000000),
(671, 27, 46, 1367296.00000000),
(672, 28, 46, 5281.00000000),
(673, 29, 46, 3891.00000000),
(674, 1, 47, 10922848.00000000),
(675, 2, 47, 1878065.00000000),
(676, 3, 47, 5559.00000000),
(677, 5, 47, 1670281.00000000),
(678, 6, 47, 2770.00000000),
(679, 7, 47, 15363.00000000),
(680, 8, 47, 3204.00000000),
(681, 9, 47, 209.00000000),
(682, 15, 47, 1279984.00000000),
(683, 18, 47, 1048997.00000000),
(684, 21, 47, 6517180.00000000),
(685, 23, 47, 6562201.00000000),
(686, 27, 47, 1809933.00000000),
(687, 28, 47, 4372.00000000),
(688, 29, 47, 8876.00000000),
(689, 1, 48, 9656667.00000000),
(690, 2, 48, 2834336.00000000),
(691, 3, 48, 6061.00000000),
(692, 5, 48, 1719704.00000000),
(693, 6, 48, 947.00000000),
(694, 7, 48, 237.00000000),
(695, 8, 48, 96595.00000000),
(696, 9, 48, 596495.00000000),
(697, 15, 48, 1344041.00000000),
(698, 18, 48, 1155193.00000000),
(699, 21, 48, 6416497.00000000),
(700, 23, 48, 9503391.00000000),
(701, 27, 48, 1411992.00000000),
(702, 28, 48, 2884.00000000),
(703, 29, 48, 9469.00000000),
(704, 1, 49, 10768212.00000000),
(705, 2, 49, 1767852.00000000),
(706, 3, 49, 5478.00000000),
(707, 5, 49, 1720135.00000000),
(708, 7, 49, 264.00000000),
(709, 8, 49, 3337.00000000),
(710, 9, 49, 811.00000000),
(711, 15, 49, 1298591.00000000),
(712, 18, 49, 1109757.00000000),
(713, 21, 49, 6239384.00000000),
(714, 23, 49, 7473359.00000000),
(715, 27, 49, 1545674.00000000),
(716, 28, 49, 2838.00000000),
(717, 29, 49, 6766.00000000),
(718, 1, 50, 9507826.00000000),
(719, 2, 50, 2706154.00000000),
(720, 3, 50, 7855.00000000),
(721, 5, 50, 1852408.00000000),
(722, 7, 50, 271.00000000),
(723, 8, 50, 91110.00000000),
(724, 9, 50, 548933.00000000),
(725, 15, 50, 1207648.00000000),
(726, 18, 50, 1188505.00000000),
(727, 21, 50, 6042974.00000000),
(728, 23, 50, 6728567.00000000),
(729, 27, 50, 1919784.00000000),
(730, 28, 50, 5686.00000000),
(731, 29, 50, 5898.00000000),
(732, 1, 51, 10998925.00000000),
(733, 2, 51, 1861150.00000000),
(734, 3, 51, 7300.00000000),
(735, 5, 51, 1757927.00000000),
(736, 7, 51, 252.00000000),
(737, 8, 51, 3155.00000000),
(738, 9, 51, 1032.00000000),
(739, 15, 51, 1307909.00000000),
(740, 18, 51, 1205084.00000000),
(741, 21, 51, 6922758.00000000),
(742, 23, 51, 7669240.00000000),
(743, 27, 51, 2823937.00000000),
(744, 28, 51, 8819.00000000),
(745, 29, 51, 8070.00000000),
(746, 1, 52, 8755255.00000000),
(747, 2, 52, 2920025.00000000),
(748, 3, 52, 6698.00000000),
(749, 5, 52, 1912114.00000000),
(750, 7, 52, 79.00000000),
(751, 8, 52, 119957.00000000),
(752, 9, 52, 1413647.00000000),
(753, 15, 52, 1294074.00000000),
(754, 18, 52, 1247711.00000000),
(755, 21, 52, 6779314.00000000),
(756, 23, 52, 12884470.00000000),
(757, 27, 52, 3414859.00000000),
(758, 28, 52, 18580.00000000),
(759, 29, 52, 13573.00000000),
(760, 1, 53, 2004704.00000000),
(761, 2, 53, 8333.00000000),
(762, 4, 53, 1857563.00000000),
(763, 6, 53, 54.00000000),
(764, 7, 53, 3596.00000000),
(765, 8, 53, 278787.00000000),
(766, 14, 53, 1317469.00000000),
(767, 17, 53, 1248065.00000000),
(768, 20, 53, 7033636.00000000),
(769, 22, 53, 5158643.00000000),
(770, 26, 53, 3385529.00000000),
(771, 27, 53, 23932.00000000),
(772, 28, 53, 18239.00000000),
(773, 1, 54, 9421903.00000000),
(774, 2, 54, 3222561.00000000),
(775, 3, 54, 9888.00000000),
(776, 5, 54, 2072234.00000000),
(777, 7, 54, 121.00000000),
(778, 8, 54, 139582.00000000),
(779, 9, 54, 1668234.00000000),
(780, 15, 54, 1256857.00000000),
(781, 18, 54, 1303538.00000000),
(782, 21, 54, 6855865.00000000),
(783, 23, 54, 8774965.00000000),
(784, 27, 54, 3007650.00000000),
(785, 28, 54, 23068.00000000),
(786, 29, 54, 16682.00000000),
(787, 1, 55, 10891362.00000000),
(788, 2, 55, 2011768.00000000),
(789, 3, 55, 8639.00000000),
(790, 5, 55, 1850339.00000000),
(791, 6, 55, 2.00000000),
(792, 7, 55, 207.00000000),
(793, 8, 55, 1.00000000),
(794, 9, 55, 282174.00000000),
(795, 15, 55, 1307996.00000000),
(796, 18, 55, 1178025.00000000),
(797, 21, 55, 7195295.00000000),
(798, 23, 55, 9754165.00000000),
(799, 27, 55, 2472064.00000000),
(800, 28, 55, 4433.00000000),
(801, 29, 55, 13671.00000000),
(802, 1, 56, 8968651.00000000),
(803, 2, 56, 3159914.00000000),
(804, 3, 56, 7787.00000000),
(805, 5, 56, 1817675.00000000),
(806, 6, 56, 3600.00000000),
(807, 7, 56, 397.00000000),
(808, 8, 56, 143284.00000000),
(809, 9, 56, 1864539.00000000),
(810, 15, 56, 1319562.00000000),
(811, 18, 56, 1286061.00000000),
(812, 21, 56, 6756405.00000000),
(813, 23, 56, 7092177.00000000),
(814, 27, 56, 2403383.00000000),
(815, 28, 56, 9023.00000000),
(816, 29, 56, 12378.00000000),
(817, 1, 57, 11086645.00000000),
(818, 2, 57, 2166745.00000000),
(819, 3, 57, 8048.00000000),
(820, 5, 57, 1796528.00000000),
(821, 6, 57, 12640.00000000),
(822, 7, 57, 324.00000000),
(823, 8, 57, 93.00000000),
(824, 9, 57, 288236.00000000),
(825, 15, 57, 1327113.00000000),
(826, 18, 57, 1357088.00000000),
(827, 21, 57, 6885477.00000000),
(828, 23, 57, 10111277.00000000),
(829, 27, 57, 2432630.00000000),
(830, 28, 57, 6748.00000000),
(831, 29, 57, 6273.00000000),
(832, 1, 58, 8709064.00000000),
(833, 2, 58, 3096232.00000000),
(834, 3, 58, 11699.00000000),
(835, 5, 58, 1596527.00000000),
(836, 6, 58, 15168.00000000),
(837, 7, 58, 276.00000000),
(838, 8, 58, 121046.00000000),
(839, 9, 58, 1723345.00000000),
(840, 15, 58, 1345728.00000000),
(841, 18, 58, 1204425.00000000),
(842, 21, 58, 7199315.00000000),
(843, 23, 58, 15086018.00000000),
(844, 27, 58, 2292065.00000000),
(845, 28, 58, 12956.00000000),
(846, 29, 58, 6628.00000000),
(847, 1, 59, 10511788.00000000),
(848, 2, 59, 2057872.00000000),
(849, 3, 59, 10066.00000000),
(850, 5, 59, 1803381.00000000),
(851, 6, 59, 16418.00000000),
(852, 7, 59, 257.00000000),
(853, 8, 59, 195.00000000),
(854, 9, 59, 280892.00000000),
(855, 15, 59, 1304388.00000000),
(856, 18, 59, 1208747.00000000),
(857, 21, 59, 6787937.00000000),
(858, 23, 59, 13957652.00000000),
(859, 26, 59, 2318675.00000000),
(860, 27, 59, 17256.00000000),
(861, 28, 59, 9860.00000000),
(862, 1, 60, 8715468.00000000),
(863, 2, 60, 127011.00000000),
(864, 3, 60, 1662557.00000000),
(865, 6, 60, 3098303.00000000),
(866, 7, 60, 9982.00000000),
(867, 9, 60, 1309868.00000000),
(868, 10, 60, 1814118.00000000),
(869, 11, 60, 2248.00000000),
(870, 12, 60, 302.00000000),
(871, 13, 60, 1705960.00000000),
(872, 14, 60, 5492.00000000),
(873, 15, 60, 5001.00000000),
(874, 19, 60, 6736778.00000000),
(875, 22, 60, 1230323.00000000),
(876, 26, 60, 5448113.00000000),
(877, 1, 61, 10966063.00000000),
(878, 2, 61, 1951892.00000000),
(879, 3, 61, 10448.00000000),
(880, 5, 61, 1947457.00000000),
(881, 6, 61, 1434.00000000),
(882, 7, 61, 259.00000000),
(883, 8, 61, 757.00000000),
(884, 9, 61, 270435.00000000),
(885, 15, 61, 1292289.00000000),
(886, 18, 61, 1098850.00000000),
(887, 21, 61, 6713573.00000000),
(888, 23, 61, 10452684.00000000),
(889, 27, 61, 1503249.00000000),
(890, 28, 61, 4977.00000000),
(891, 29, 61, 6093.00000000),
(892, 1, 62, 8350275.00000000),
(893, 2, 62, 2962359.00000000),
(894, 3, 62, 11267.00000000),
(895, 5, 62, 1785128.00000000),
(896, 6, 62, 612.00000000),
(897, 7, 62, 255.00000000),
(898, 8, 62, 25512.00000000),
(899, 9, 62, 1590289.00000000),
(900, 15, 62, 1176409.00000000),
(901, 18, 62, 1204578.00000000),
(902, 21, 62, 6405075.00000000),
(903, 23, 62, 10718903.00000000),
(904, 27, 62, 2256984.00000000),
(905, 28, 62, 5118.00000000),
(906, 29, 62, 18879.00000000),
(907, 1, 63, 10261224.00000000),
(908, 2, 63, 2154987.00000000),
(909, 3, 63, 9671.00000000),
(910, 5, 63, 1654218.00000000),
(911, 7, 63, 5628.00000000),
(912, 8, 63, 874.00000000),
(913, 9, 63, 259410.00000000),
(914, 15, 63, 1327102.00000000),
(915, 18, 63, 1192841.00000000),
(916, 21, 63, 7078701.00000000),
(917, 23, 63, 21066755.00000000),
(918, 27, 63, 1772564.00000000),
(919, 28, 63, 9803.00000000),
(920, 29, 63, 888957.00000000),
(921, 1, 64, 8629606.00000000),
(922, 2, 64, 3126887.00000000),
(923, 3, 64, 8106.00000000),
(924, 5, 64, 2028186.00000000),
(925, 7, 64, 5532.00000000),
(926, 8, 64, 27459.00000000),
(927, 9, 64, 1758901.00000000),
(928, 15, 64, 1250047.00000000),
(929, 18, 64, 1268933.00000000),
(930, 21, 64, 6416162.00000000),
(931, 23, 64, 19945781.00000000),
(932, 27, 64, 2139330.00000000),
(933, 28, 64, 12031.00000000),
(934, 29, 64, 1069815.00000000),
(935, 1, 65, 11179944.00000000),
(936, 2, 65, 2267876.00000000),
(937, 3, 65, 8487.00000000),
(938, 5, 65, 1919766.00000000),
(939, 7, 65, 5126.00000000),
(940, 8, 65, 1023.00000000),
(941, 9, 65, 288472.00000000),
(942, 15, 65, 1283886.00000000),
(943, 18, 65, 1385753.00000000),
(944, 21, 65, 7211219.00000000),
(945, 23, 65, 9752152.00000000),
(946, 27, 65, 2297338.00000000),
(947, 28, 65, 43095.00000000),
(948, 29, 65, 558550.00000000),
(949, 1, 66, 9409019.00000000),
(950, 2, 66, 3942196.00000000),
(951, 3, 66, 9498.00000000),
(952, 5, 66, 2050010.00000000),
(953, 7, 66, 4588.00000000),
(954, 8, 66, 29151.00000000),
(955, 9, 66, 1927838.00000000),
(956, 15, 66, 1316110.00000000),
(957, 18, 66, 1524852.00000000),
(958, 21, 66, 7057021.00000000),
(959, 23, 66, 5881725.00000000),
(960, 27, 66, 2629696.00000000),
(961, 28, 66, 35256.00000000),
(962, 29, 66, 406277.00000000),
(963, 1, 67, 11583425.00000000),
(964, 2, 67, 2367904.00000000),
(965, 3, 67, 8802.00000000),
(966, 5, 67, 1920189.00000000),
(967, 7, 67, 4223.00000000),
(968, 8, 67, 1035.00000000),
(969, 9, 67, 297811.00000000),
(970, 15, 67, 1309557.00000000),
(971, 18, 67, 1388526.00000000),
(972, 21, 67, 7151609.00000000),
(973, 23, 67, 12317126.00000000),
(974, 27, 67, 2352738.00000000),
(975, 28, 67, 40916.00000000),
(976, 29, 67, 229349.00000000),
(977, 1, 68, 9813067.00000000),
(978, 2, 68, 3620938.00000000),
(979, 3, 68, 7417.00000000),
(980, 5, 68, 1904493.00000000),
(981, 7, 68, 4237.00000000),
(982, 8, 68, 31552.00000000),
(983, 9, 68, 2129766.00000000),
(984, 15, 68, 1305875.00000000),
(985, 18, 68, 1387324.00000000),
(986, 21, 68, 7332176.00000000),
(987, 23, 68, 12375656.00000000),
(988, 27, 68, 2453165.00000000),
(989, 28, 68, 40986.00000000),
(990, 29, 68, 468046.00000000),
(991, 1, 69, 11445889.00000000),
(992, 2, 69, 2309364.00000000),
(993, 3, 69, 9716.00000000),
(994, 5, 69, 1924237.00000000),
(995, 7, 69, 3957.00000000),
(996, 8, 69, 1051.00000000),
(997, 9, 69, 299676.00000000),
(998, 15, 69, 1248040.00000000),
(999, 18, 69, 1429103.00000000),
(1000, 21, 69, 6919164.00000000),
(1001, 23, 69, 11761489.00000000),
(1002, 27, 69, 3282485.00000000),
(1003, 28, 69, 74084.00000000),
(1004, 29, 69, 246066.00000000),
(1005, 1, 70, 9098366.00000000),
(1006, 2, 70, 3526206.00000000),
(1007, 3, 70, 10394.00000000),
(1008, 5, 70, 1991904.00000000),
(1009, 7, 70, 2647.00000000),
(1010, 8, 70, 28018.00000000),
(1011, 9, 70, 1945109.00000000),
(1012, 15, 70, 1302286.00000000),
(1013, 18, 70, 1324877.00000000),
(1014, 21, 70, 7193484.00000000),
(1015, 23, 70, 7139486.00000000),
(1016, 27, 70, 2770648.00000000),
(1017, 28, 70, 80525.00000000),
(1018, 29, 70, 231094.00000000),
(1019, 1, 71, 10838950.00000000),
(1020, 2, 71, 2171160.00000000),
(1021, 3, 71, 10745.00000000),
(1022, 5, 71, 1831665.00000000),
(1023, 7, 71, 2770.00000000),
(1024, 8, 71, 921.00000000),
(1025, 9, 71, 264793.00000000),
(1026, 15, 71, 1275578.00000000),
(1027, 18, 71, 1270526.00000000),
(1028, 21, 71, 7215376.00000000),
(1029, 23, 71, 15623281.00000000),
(1030, 27, 71, 1850486.00000000),
(1031, 28, 71, 52215.00000000),
(1032, 29, 71, 164009.00000000),
(1033, 1, 72, 8567495.00000000),
(1034, 2, 72, 3118942.00000000),
(1035, 3, 72, 10317.00000000),
(1036, 7, 72, 8045.00000000),
(1037, 7, 72, 23967.00000000),
(1038, 8, 72, 1642752.00000000),
(1039, 9, 72, 1350432.00000000),
(1040, 15, 72, 1122331.00000000),
(1041, 18, 72, 6223410.00000000),
(1042, 21, 72, 9856985.00000000),
(1043, 23, 72, 463.00000000),
(1044, 27, 72, 1244755.00000000),
(1045, 5, 72, 1687121.00000000),
(1097, 1, 73, 11229709.00000000),
(1098, 2, 73, 2103164.00000000),
(1099, 3, 73, 8984.00000000),
(1100, 5, 73, 1697520.00000000),
(1101, 7, 73, 7236.00000000),
(1102, 8, 73, 1293.00000000),
(1103, 9, 73, 259434.00000000),
(1104, 15, 73, 1359818.00000000),
(1105, 18, 73, 1188232.00000000),
(1106, 21, 73, 6277106.00000000),
(1107, 23, 73, 33001674.00000000),
(1108, 27, 73, 1502171.00000000),
(1109, 28, 73, 43236.00000000),
(1110, 29, 73, 241511.00000000),
(1111, 1, 74, 8889152.00000000),
(1112, 2, 74, 3092202.00000000),
(1113, 3, 74, 11020.00000000),
(1114, 5, 74, 1871451.00000000),
(1115, 7, 74, 7106.00000000),
(1116, 8, 74, 23633.00000000),
(1117, 9, 74, 1650607.00000000),
(1118, 15, 74, 1283513.00000000),
(1119, 18, 74, 1332185.00000000),
(1120, 21, 74, 6272436.00000000),
(1121, 23, 74, 42155561.00000000),
(1122, 27, 74, 1857286.00000000),
(1123, 28, 74, 56856.00000000),
(1124, 29, 74, 196148.00000000),
(1125, 1, 75, 10194864.00000000),
(1126, 2, 75, 2154096.00000000),
(1127, 3, 75, 8318.00000000),
(1128, 5, 75, 1815962.00000000),
(1129, 7, 75, 8020.00000000),
(1130, 8, 75, 1029.00000000),
(1131, 9, 75, 259795.00000000),
(1132, 15, 75, 1378968.00000000),
(1133, 18, 75, 1237061.00000000),
(1134, 21, 75, 6907944.00000000),
(1135, 23, 75, 36145943.00000000),
(1136, 27, 75, 2558952.00000000),
(1137, 28, 75, 73571.00000000),
(1138, 29, 75, 240208.00000000),
(1139, 1, 76, 9097974.00000000),
(1140, 2, 76, 3462010.00000000),
(1141, 3, 76, 8584.00000000),
(1142, 5, 76, 1921538.00000000),
(1143, 7, 76, 8839.00000000),
(1144, 8, 76, 27651.00000000),
(1145, 9, 76, 1744725.00000000),
(1146, 15, 76, 1338452.00000000),
(1147, 18, 76, 1391574.00000000),
(1148, 21, 76, 6876912.00000000),
(1149, 23, 76, 17487643.00000000),
(1150, 27, 76, 3266396.00000000),
(1151, 28, 76, 90575.00000000),
(1152, 29, 76, 306299.00000000),
(1153, 1, 77, 11889535.00000000),
(1154, 2, 77, 2481860.00000000),
(1155, 3, 77, 9538.00000000),
(1156, 5, 77, 2022800.00000000),
(1157, 7, 77, 12013.00000000),
(1158, 8, 77, 1272.00000000),
(1159, 9, 77, 293646.00000000),
(1160, 15, 77, 1362991.00000000),
(1161, 18, 77, 1503030.00000000),
(1162, 21, 77, 6828151.00000000),
(1163, 23, 77, 52609644.00000000),
(1164, 27, 77, 3390982.00000000),
(1165, 28, 77, 108187.00000000),
(1166, 29, 77, 341214.00000000),
(1167, 1, 78, 10459193.00000000),
(1168, 2, 78, 3894900.00000000),
(1169, 3, 78, 9484.00000000),
(1170, 5, 78, 1852970.00000000),
(1171, 7, 78, 8243.00000000),
(1172, 8, 78, 34028.00000000),
(1173, 9, 78, 2186576.00000000),
(1174, 15, 78, 1281301.00000000),
(1175, 18, 78, 1578822.00000000),
(1176, 21, 78, 6940372.00000000),
(1177, 23, 78, 31240392.00000000),
(1178, 27, 78, 2662209.00000000),
(1179, 28, 78, 71190.00000000),
(1180, 29, 78, 211693.00000000),
(1181, 1, 79, 12340109.00000000),
(1182, 2, 79, 2514651.00000000),
(1183, 3, 79, 8888.00000000),
(1184, 5, 79, 1782556.00000000),
(1185, 7, 79, 6750.00000000),
(1186, 8, 79, 1325.00000000),
(1187, 9, 79, 296742.00000000),
(1188, 15, 79, 1329673.00000000),
(1189, 18, 79, 1376897.00000000),
(1190, 21, 79, 6771251.00000000),
(1191, 23, 79, 33426969.00000000),
(1192, 27, 79, 836433.00000000),
(1193, 28, 79, 21405.00000000),
(1194, 29, 79, 118428.00000000);

--
-- Disparadores `ventas`
--
DELIMITER $$
CREATE TRIGGER `balance_ventas_actualizacion` AFTER UPDATE ON `ventas` FOR EACH ROW BEGIN
    UPDATE ventas_totales
    SET total_mensual = (
        SELECT COALESCE(SUM(monto), 0)
        FROM ventas
        WHERE id_fecha = NEW.id_fecha
    )
    WHERE id_fecha = NEW.id_fecha;
END
$$
DELIMITER ;
DELIMITER $$
CREATE TRIGGER `balance_ventas_eliminacion` AFTER DELETE ON `ventas` FOR EACH ROW BEGIN
    UPDATE ventas_totales
    SET total_mensual = (
        SELECT COALESCE(SUM(monto), 0)
        FROM ventas
        WHERE id_fecha = OLD.id_fecha
          AND id != OLD.id
    )
    WHERE id_fecha = OLD.id_fecha;
END
$$
DELIMITER ;
DELIMITER $$
CREATE TRIGGER `calcular_ventas_totales` AFTER INSERT ON `ventas` FOR EACH ROW BEGIN
    UPDATE ventas_totales a
    INNER JOIN (
        SELECT id_fecha, SUM(monto) AS monto
        FROM ventas
        GROUP BY id_fecha
    ) b ON a.id_fecha = b.id_fecha 
    SET a.total_mensual = b.monto;
END
$$
DELIMITER ;
DELIMITER $$
CREATE TRIGGER `eliminar_ultimo_registro` AFTER DELETE ON `ventas` FOR EACH ROW BEGIN 
    DECLARE total_mensual DECIMAL(15, 12);

    SELECT SUM(monto) INTO total_mensual FROM ventas WHERE id_fecha = OLD.id_fecha;

    IF total_mensual IS NULL THEN
        UPDATE ventas_totales SET usos_propios = 0.000000000000 WHERE id_fecha = OLD.id_fecha;
    END IF;
END
$$
DELIMITER ;

-- --------------------------------------------------------

--
-- Estructura de tabla para la tabla `ventas_totales`
--

CREATE TABLE `ventas_totales` (
  `id` int(11) NOT NULL,
  `id_fecha` int(11) DEFAULT NULL,
  `total_mensual` decimal(20,8) DEFAULT NULL,
  `usos_propios` decimal(20,8) DEFAULT NULL,
  `ajustes` decimal(20,8) DEFAULT NULL,
  `total_ventas` decimal(20,8) GENERATED ALWAYS AS (`total_mensual` - `usos_propios`) VIRTUAL
) ENGINE=InnoDB DEFAULT CHARSET=utf8mb4 COLLATE=utf8mb4_general_ci;

--
-- Volcado de datos para la tabla `ventas_totales`
--

INSERT INTO `ventas_totales` (`id`, `id_fecha`, `total_mensual`, `usos_propios`, `ajustes`) VALUES
(1, 1, 23628288.00000000, 75653.00000000, 0.00000000),
(2, 2, 24227146.00000000, 68331.74193548, NULL),
(3, 3, 24576694.00000000, 75653.00000000, NULL),
(4, 4, 26713925.00000000, 73213.00000000, NULL),
(5, 5, 26078181.00000000, 75653.00000000, NULL),
(6, 6, 25695299.00000000, 73213.00000000, NULL),
(7, 7, 24189274.00000000, 75653.00000000, NULL),
(8, 8, 26124244.00000000, 75653.00000000, NULL),
(9, 9, 24345089.00000000, 73213.00000000, NULL),
(10, 10, 33197416.00000000, 75653.00000000, NULL),
(11, 11, 24379881.00000000, 73213.00000000, NULL),
(12, 12, 25481239.00000000, 75653.00000000, NULL),
(13, 13, 26793353.00000000, 75653.00000000, NULL),
(14, 14, 25326128.00000000, 68332.00000000, NULL),
(15, 15, 18985315.00000000, 75653.00000000, NULL),
(16, 16, 32895345.00000000, 73213.00000000, NULL),
(17, 17, 35588728.00000000, 75653.00000000, NULL),
(18, 18, 35651829.00000000, 73213.00000000, NULL),
(19, 19, 30516899.00000000, 75653.00000000, NULL),
(20, 20, 36348501.00000000, 75653.00000000, NULL),
(21, 21, 31408876.00000000, 73213.00000000, NULL),
(22, 22, 35243982.00000000, 75653.00000000, NULL),
(23, 23, 29368694.00000000, 73213.00000000, NULL),
(24, 24, 30252785.00000000, 75653.00000000, NULL),
(25, 25, 30707544.00000000, 75653.00000000, NULL),
(26, 26, 28261833.00000000, 70772.00000000, NULL),
(27, 27, 30886185.00000000, 75653.00000000, NULL),
(28, 28, 29843400.00000000, 73213.00000000, NULL),
(29, 29, 31676092.00000000, 75653.00000000, NULL),
(30, 30, 35247094.00000000, 73213.00000000, NULL),
(31, 31, 36365646.00000000, 75653.00000000, NULL),
(32, 32, 35734441.00000000, 75653.00000000, NULL),
(33, 33, 34180864.00000000, 73213.00000000, NULL),
(34, 34, 37870872.00000000, 75653.00000000, NULL),
(35, 35, 34958070.00000000, 73213.00000000, NULL),
(36, 36, 33085869.00000000, 75653.00000000, NULL),
(37, 37, 34844556.00000000, 75653.00000000, NULL),
(38, 38, 34000667.00000000, 68332.00000000, NULL),
(39, 39, 31550917.00000000, 75653.00000000, NULL),
(40, 40, 35799501.00000000, 73213.00000000, NULL),
(41, 41, 37854244.00000000, 75653.00000000, NULL),
(42, 42, 35196686.00000000, 73213.00000000, NULL),
(43, 43, 38798851.00000000, 75653.00000000, NULL),
(44, 44, 43947109.00000000, 75653.00000000, NULL),
(45, 45, 33830778.00000000, 73213.00000000, NULL),
(46, 46, 34044179.00000000, 75653.00000000, NULL),
(47, 47, 31729842.00000000, 73213.00000000, NULL),
(48, 48, 34754509.00000000, 75653.00000000, NULL),
(49, 49, 31942458.00000000, 75653.00000000, NULL),
(50, 50, 31813619.00000000, 68332.00000000, NULL),
(51, 51, 34575558.00000000, 75653.00000000, NULL),
(52, 52, 40780356.00000000, 73213.00000000, NULL),
(53, 53, 22338550.00000000, 75653.00000000, NULL),
(54, 54, 37773148.00000000, 73213.00000000, NULL),
(55, 55, 36970141.00000000, 75653.00000000, NULL),
(56, 56, 34844836.00000000, 75653.00000000, NULL),
(57, 57, 37485865.00000000, 73213.00000000, NULL),
(58, 58, 42420492.00000000, 75653.00000000, NULL),
(59, 59, 40285384.00000000, 73213.00000000, NULL),
(60, 60, 31871524.00000000, 75653.00000000, NULL),
(61, 61, 36220460.00000000, 75653.00000000, NULL),
(62, 62, 36511643.00000000, 68332.00000000, NULL),
(63, 63, 47682735.00000000, 75653.00000000, NULL),
(64, 64, 47686776.00000000, 73213.00000000, NULL),
(65, 65, 38202687.00000000, 73213.00000000, NULL),
(66, 66, 36223237.00000000, 73213.00000000, NULL),
(67, 67, 40973210.00000000, 75653.00000000, NULL),
(68, 68, 42874698.00000000, 75653.00000000, NULL),
(69, 69, 40954321.00000000, 73213.00000000, NULL),
(70, 70, 36645044.00000000, 75653.00000000, NULL),
(71, 71, 42572475.00000000, 73213.00000000, NULL),
(72, 72, 34857015.00000000, 75653.00000000, NULL),
(73, 73, 58921088.00000000, 75653.00000000, NULL),
(74, 74, 68699156.00000000, 70772.00000000, NULL),
(75, 75, 62984731.00000000, 75653.00000000, NULL),
(76, 76, 47029172.00000000, 73213.00000000, NULL),
(77, 77, 82854863.00000000, 100172.00000000, NULL),
(78, 78, 62431373.00000000, 108418.00000000, NULL),
(79, 79, 60832077.00000000, 94158.00000000, NULL),
(80, 80, 0.00000000, 0.00000000, NULL),
(81, 81, NULL, NULL, NULL),
(82, 82, NULL, NULL, NULL),
(83, 83, NULL, NULL, NULL),
(84, 84, NULL, NULL, NULL),
(133, 133, NULL, NULL, NULL),
(134, 134, NULL, NULL, NULL),
(135, 135, NULL, NULL, NULL),
(136, 136, NULL, NULL, NULL),
(137, 137, NULL, NULL, NULL),
(138, 138, NULL, NULL, NULL),
(139, 139, NULL, NULL, NULL),
(140, 140, NULL, NULL, NULL),
(141, 141, NULL, NULL, NULL),
(142, 142, NULL, NULL, NULL),
(143, 143, NULL, NULL, NULL),
(144, 144, NULL, NULL, NULL);

--
-- Disparadores `ventas_totales`
--
DELIMITER $$
CREATE TRIGGER `ventas_totales_actualizacion` AFTER UPDATE ON `ventas_totales` FOR EACH ROW BEGIN
    DECLARE energia_anterior DECIMAL(10,2);
    
    SELECT energia_mensual_entregada INTO energia_anterior
    FROM balance_mensual
    WHERE id_fecha = OLD.id_fecha;
    
    UPDATE balance_mensual
    SET energia_mensual_entregada = energia_anterior - (
            (energia_anterior - NEW.total_ventas) - 
            (SELECT SUM(energia) FROM energia_entregada WHERE id_fecha = OLD.id_fecha)
        )
    WHERE id_fecha = OLD.id_fecha;
END
$$
DELIMITER ;

-- --------------------------------------------------------

--
-- Estructura de tabla para la tabla `years`
--

CREATE TABLE `years` (
  `id` int(11) NOT NULL,
  `year` int(11) NOT NULL
) ENGINE=InnoDB DEFAULT CHARSET=utf8mb4 COLLATE=utf8mb4_general_ci;

--
-- Volcado de datos para la tabla `years`
--

INSERT INTO `years` (`id`, `year`) VALUES
(18, 2018),
(19, 2019),
(20, 2020),
(21, 2021),
(22, 2022),
(23, 2023),
(24, 2024),
(25, 2025);

--
-- Disparadores `years`
--
DELIMITER $$
CREATE TRIGGER `before_delete_years` BEFORE DELETE ON `years` FOR EACH ROW BEGIN
    DELETE FROM fechas WHERE id_year = OLD.id;
END
$$
DELIMITER ;
DELIMITER $$
CREATE TRIGGER `insertar_fechas_ventas_balance_years` AFTER INSERT ON `years` FOR EACH ROW BEGIN

    DECLARE month_counter INT DEFAULT 1;
    DECLARE perdesv_counter INT DEFAULT 1;
    DECLARE sumatotal_counter INT DEFAULT 1;
    DECLARE nuevo_id_fecha INT;
    
INSERT INTO balance_am_at (id_year) VALUES (NEW.id);

    WHILE month_counter <= 12 DO
        -- Insert into fechas and get the new id
        INSERT INTO fechas (id_mes, id_year) VALUES (month_counter, NEW.id);
        SET nuevo_id_fecha = LAST_INSERT_ID();

        -- Insert into other tables
        INSERT INTO balance_mensual (id_fecha) VALUES (nuevo_id_fecha);
        INSERT INTO ventas_totales (id_fecha) VALUES (nuevo_id_fecha);
        INSERT INTO balance_media_tension (id_fecha) VALUES (nuevo_id_fecha);
        INSERT INTO balance_am_mt (id_fecha) VALUES (nuevo_id_fecha);
        INSERT INTO balance_am_at2 (id_fecha) VALUES (nuevo_id_fecha);

        -- Loop for porcentaje_perdesv
        SET perdesv_counter = 1;
        WHILE perdesv_counter <= 15 DO
            INSERT INTO porcentaje_perdesv (id_fecha, id_perdesv) VALUES (nuevo_id_fecha, perdesv_counter);
            SET perdesv_counter = perdesv_counter + 1;
        END WHILE;
        
        -- Loop for suma_total
        SET sumatotal_counter = 1;
        WHILE sumatotal_counter <= 4 DO
            INSERT INTO suma_total (id_fecha, id_total) VALUES (nuevo_id_fecha, sumatotal_counter);
            SET sumatotal_counter = sumatotal_counter + 1;
        END WHILE;

        SET month_counter = month_counter + 1;
    END WHILE;

END
$$
DELIMITER ;

-- --------------------------------------------------------

--
-- Estructura de tabla para la tabla `zonas`
--

CREATE TABLE `zonas` (
  `id` int(11) NOT NULL,
  `zona` varchar(30) NOT NULL
) ENGINE=InnoDB DEFAULT CHARSET=utf8mb4 COLLATE=utf8mb4_general_ci;

--
-- Volcado de datos para la tabla `zonas`
--

INSERT INTO `zonas` (`id`, `zona`) VALUES
(1, 'Zona Tula'),
(2, 'Zona Pachuca'),
(3, 'Zona Valles'),
(4, 'Zona San Juan del Río');

-- --------------------------------------------------------

--
-- Estructura de tabla para la tabla `zona_ee_mt`
--

CREATE TABLE `zona_ee_mt` (
  `id` int(11) NOT NULL,
  `nombre` varchar(35) NOT NULL
) ENGINE=InnoDB DEFAULT CHARSET=utf8mb4 COLLATE=utf8mb4_general_ci;

--
-- Volcado de datos para la tabla `zona_ee_mt`
--

INSERT INTO `zona_ee_mt` (`id`, `nombre`) VALUES
(1, 'Porteos'),
(2, 'Centro Oriente'),
(3, 'SJR'),
(4, 'Usos propios'),
(5, 'Ventas');

--
-- Disparadores `zona_ee_mt`
--
DELIMITER $$
CREATE TRIGGER `eliminar_puntos_ee_mt` BEFORE DELETE ON `zona_ee_mt` FOR EACH ROW BEGIN
    DELETE FROM e_e_mt WHERE id_zona = OLD.id;
END
$$
DELIMITER ;

-- --------------------------------------------------------

--
-- Estructura de tabla para la tabla `zona_er_mt`
--

CREATE TABLE `zona_er_mt` (
  `id` int(11) NOT NULL,
  `nombre` varchar(35) NOT NULL
) ENGINE=InnoDB DEFAULT CHARSET=utf8mb4 COLLATE=utf8mb4_general_ci;

--
-- Volcado de datos para la tabla `zona_er_mt`
--

INSERT INTO `zona_er_mt` (`id`, `nombre`) VALUES
(1, 'Centro Oriente'),
(2, 'Golfo Centro'),
(3, 'San Juan del Río');

--
-- Disparadores `zona_er_mt`
--
DELIMITER $$
CREATE TRIGGER `eliminar_puntos_er_mt` BEFORE DELETE ON `zona_er_mt` FOR EACH ROW BEGIN
    DELETE FROM e_r_mt WHERE id_zona = OLD.id;
END
$$
DELIMITER ;

--
-- Índices para tablas volcadas
--

--
-- Indices de la tabla `balance_am_at`
--
ALTER TABLE `balance_am_at`
  ADD PRIMARY KEY (`id`),
  ADD KEY `balance_am_at_ibfk_1` (`id_year`);

--
-- Indices de la tabla `balance_am_at2`
--
ALTER TABLE `balance_am_at2`
  ADD PRIMARY KEY (`id`),
  ADD KEY `id_fecha` (`id_fecha`);

--
-- Indices de la tabla `balance_am_mt`
--
ALTER TABLE `balance_am_mt`
  ADD PRIMARY KEY (`id`),
  ADD KEY `balance_am_mt_ibfk_1` (`id_fecha`);

--
-- Indices de la tabla `balance_media_tension`
--
ALTER TABLE `balance_media_tension`
  ADD PRIMARY KEY (`id`),
  ADD KEY `id_fecha` (`id_fecha`);

--
-- Indices de la tabla `balance_mensual`
--
ALTER TABLE `balance_mensual`
  ADD PRIMARY KEY (`id`),
  ADD KEY `id_fecha` (`id_fecha`);

--
-- Indices de la tabla `banco`
--
ALTER TABLE `banco`
  ADD PRIMARY KEY (`id_banco`);

--
-- Indices de la tabla `cache`
--
ALTER TABLE `cache`
  ADD PRIMARY KEY (`key`);

--
-- Indices de la tabla `cache_locks`
--
ALTER TABLE `cache_locks`
  ADD PRIMARY KEY (`key`);

--
-- Indices de la tabla `cipes_mt`
--
ALTER TABLE `cipes_mt`
  ADD PRIMARY KEY (`id`);

--
-- Indices de la tabla `circuito`
--
ALTER TABLE `circuito`
  ADD PRIMARY KEY (`id_circuito`),
  ADD KEY `id_banco` (`id_banco`);

--
-- Indices de la tabla `consumo`
--
ALTER TABLE `consumo`
  ADD PRIMARY KEY (`id`),
  ADD KEY `id_fecha` (`id_fecha`),
  ADD KEY `id_circuito` (`id_circuito`);

--
-- Indices de la tabla `energia_entregada`
--
ALTER TABLE `energia_entregada`
  ADD PRIMARY KEY (`id`),
  ADD KEY `id_punto` (`id_punto`),
  ADD KEY `id_fecha` (`id_fecha`);

--
-- Indices de la tabla `energia_recibida`
--
ALTER TABLE `energia_recibida`
  ADD PRIMARY KEY (`id`),
  ADD KEY `id_punto` (`id_punto`),
  ADD KEY `id_fecha` (`id_fecha`);

--
-- Indices de la tabla `energia_sub_mt`
--
ALTER TABLE `energia_sub_mt`
  ADD PRIMARY KEY (`id`),
  ADD KEY `id_fecha` (`id_fecha`),
  ADD KEY `id_sub_ermt` (`id_sub_ermt`);

--
-- Indices de la tabla `entidad`
--
ALTER TABLE `entidad`
  ADD PRIMARY KEY (`id`);

--
-- Indices de la tabla `e_e_mt`
--
ALTER TABLE `e_e_mt`
  ADD PRIMARY KEY (`id`),
  ADD KEY `id_fecha` (`id_fecha`),
  ADD KEY `id_zona` (`id_zona`);

--
-- Indices de la tabla `e_r_mt`
--
ALTER TABLE `e_r_mt`
  ADD PRIMARY KEY (`id`),
  ADD KEY `id_fecha` (`id_fecha`),
  ADD KEY `id_zona` (`id_zona`);

--
-- Indices de la tabla `failed_jobs`
--
ALTER TABLE `failed_jobs`
  ADD PRIMARY KEY (`id`),
  ADD UNIQUE KEY `failed_jobs_uuid_unique` (`uuid`);

--
-- Indices de la tabla `fechas`
--
ALTER TABLE `fechas`
  ADD PRIMARY KEY (`id`),
  ADD KEY `id_mes` (`id_mes`),
  ADD KEY `id_year` (`id_year`);

--
-- Indices de la tabla `jobs`
--
ALTER TABLE `jobs`
  ADD PRIMARY KEY (`id`),
  ADD KEY `jobs_queue_index` (`queue`);

--
-- Indices de la tabla `job_batches`
--
ALTER TABLE `job_batches`
  ADD PRIMARY KEY (`id`);

--
-- Indices de la tabla `medidores`
--
ALTER TABLE `medidores`
  ADD PRIMARY KEY (`id`);

--
-- Indices de la tabla `meses`
--
ALTER TABLE `meses`
  ADD PRIMARY KEY (`id`);

--
-- Indices de la tabla `migrations`
--
ALTER TABLE `migrations`
  ADD PRIMARY KEY (`id`);

--
-- Indices de la tabla `model_has_permissions`
--
ALTER TABLE `model_has_permissions`
  ADD PRIMARY KEY (`permission_id`,`model_id`,`model_type`),
  ADD KEY `model_has_permissions_model_id_model_type_index` (`model_id`,`model_type`);

--
-- Indices de la tabla `model_has_roles`
--
ALTER TABLE `model_has_roles`
  ADD PRIMARY KEY (`role_id`,`model_id`,`model_type`),
  ADD KEY `model_has_roles_model_id_model_type_index` (`model_id`,`model_type`);

--
-- Indices de la tabla `password_reset_tokens`
--
ALTER TABLE `password_reset_tokens`
  ADD PRIMARY KEY (`email`);

--
-- Indices de la tabla `perdida_desviacion`
--
ALTER TABLE `perdida_desviacion`
  ADD PRIMARY KEY (`id`);

--
-- Indices de la tabla `permissions`
--
ALTER TABLE `permissions`
  ADD PRIMARY KEY (`id`),
  ADD UNIQUE KEY `permissions_name_guard_name_unique` (`name`,`guard_name`);

--
-- Indices de la tabla `personal_access_tokens`
--
ALTER TABLE `personal_access_tokens`
  ADD PRIMARY KEY (`id`),
  ADD UNIQUE KEY `personal_access_tokens_token_unique` (`token`),
  ADD KEY `personal_access_tokens_tokenable_type_tokenable_id_index` (`tokenable_type`,`tokenable_id`);

--
-- Indices de la tabla `porcentaje_perdesv`
--
ALTER TABLE `porcentaje_perdesv`
  ADD PRIMARY KEY (`id`),
  ADD KEY `id_fecha` (`id_fecha`),
  ADD KEY `id_perdesv` (`id_perdesv`);

--
-- Indices de la tabla `puntos`
--
ALTER TABLE `puntos`
  ADD PRIMARY KEY (`id`),
  ADD KEY `id_entidad` (`id_entidad`),
  ADD KEY `id_zona` (`id_zona`);

--
-- Indices de la tabla `puntos_intercambio`
--
ALTER TABLE `puntos_intercambio`
  ADD PRIMARY KEY (`id`);

--
-- Indices de la tabla `roles`
--
ALTER TABLE `roles`
  ADD PRIMARY KEY (`id`),
  ADD UNIQUE KEY `roles_name_guard_name_unique` (`name`,`guard_name`);

--
-- Indices de la tabla `role_has_permissions`
--
ALTER TABLE `role_has_permissions`
  ADD PRIMARY KEY (`permission_id`,`role_id`),
  ADD KEY `role_has_permissions_role_id_foreign` (`role_id`);

--
-- Indices de la tabla `sessions`
--
ALTER TABLE `sessions`
  ADD PRIMARY KEY (`id`),
  ADD KEY `sessions_user_id_index` (`user_id`),
  ADD KEY `sessions_last_activity_index` (`last_activity`);

--
-- Indices de la tabla `subestaciones`
--
ALTER TABLE `subestaciones`
  ADD PRIMARY KEY (`id`);

--
-- Indices de la tabla `sub_ermt`
--
ALTER TABLE `sub_ermt`
  ADD PRIMARY KEY (`id`),
  ADD KEY `id_cipe` (`id_cipe`),
  ADD KEY `id_medidor` (`id_medidor`),
  ADD KEY `id_punto_id` (`id_punto_i`),
  ADD KEY `id_sub` (`id_sub`),
  ADD KEY `id_tc` (`id_tc`),
  ADD KEY `id_tp` (`id_tp`);

--
-- Indices de la tabla `suma_total`
--
ALTER TABLE `suma_total`
  ADD PRIMARY KEY (`id`),
  ADD KEY `id_fecha` (`id_fecha`),
  ADD KEY `id_total` (`id_total`);

--
-- Indices de la tabla `tarifas`
--
ALTER TABLE `tarifas`
  ADD PRIMARY KEY (`id`);

--
-- Indices de la tabla `tc`
--
ALTER TABLE `tc`
  ADD PRIMARY KEY (`id`);

--
-- Indices de la tabla `total`
--
ALTER TABLE `total`
  ADD PRIMARY KEY (`id`);

--
-- Indices de la tabla `tp`
--
ALTER TABLE `tp`
  ADD PRIMARY KEY (`id`);

--
-- Indices de la tabla `users`
--
ALTER TABLE `users`
  ADD PRIMARY KEY (`id`),
  ADD UNIQUE KEY `users_email_unique` (`email`);

--
-- Indices de la tabla `ventas`
--
ALTER TABLE `ventas`
  ADD PRIMARY KEY (`id`),
  ADD KEY `id_fecha` (`id_fecha`),
  ADD KEY `id_tarifa` (`id_tarifa`);

--
-- Indices de la tabla `ventas_totales`
--
ALTER TABLE `ventas_totales`
  ADD PRIMARY KEY (`id`),
  ADD KEY `id_fecha` (`id_fecha`);

--
-- Indices de la tabla `years`
--
ALTER TABLE `years`
  ADD PRIMARY KEY (`id`);

--
-- Indices de la tabla `zonas`
--
ALTER TABLE `zonas`
  ADD PRIMARY KEY (`id`);

--
-- Indices de la tabla `zona_ee_mt`
--
ALTER TABLE `zona_ee_mt`
  ADD PRIMARY KEY (`id`);

--
-- Indices de la tabla `zona_er_mt`
--
ALTER TABLE `zona_er_mt`
  ADD PRIMARY KEY (`id`);

--
-- AUTO_INCREMENT de las tablas volcadas
--

--
-- AUTO_INCREMENT de la tabla `balance_am_at`
--
ALTER TABLE `balance_am_at`
  MODIFY `id` int(11) NOT NULL AUTO_INCREMENT, AUTO_INCREMENT=10;

--
-- AUTO_INCREMENT de la tabla `balance_am_at2`
--
ALTER TABLE `balance_am_at2`
  MODIFY `id` int(11) NOT NULL AUTO_INCREMENT, AUTO_INCREMENT=11113;

--
-- AUTO_INCREMENT de la tabla `balance_am_mt`
--
ALTER TABLE `balance_am_mt`
  MODIFY `id` int(11) NOT NULL AUTO_INCREMENT, AUTO_INCREMENT=145;

--
-- AUTO_INCREMENT de la tabla `balance_media_tension`
--
ALTER TABLE `balance_media_tension`
  MODIFY `id` int(11) NOT NULL AUTO_INCREMENT, AUTO_INCREMENT=145;

--
-- AUTO_INCREMENT de la tabla `balance_mensual`
--
ALTER TABLE `balance_mensual`
  MODIFY `id` int(11) NOT NULL AUTO_INCREMENT, AUTO_INCREMENT=133335;

--
-- AUTO_INCREMENT de la tabla `banco`
--
ALTER TABLE `banco`
  MODIFY `id_banco` int(11) NOT NULL AUTO_INCREMENT, AUTO_INCREMENT=13;

--
-- AUTO_INCREMENT de la tabla `cipes_mt`
--
ALTER TABLE `cipes_mt`
  MODIFY `id` int(11) NOT NULL AUTO_INCREMENT, AUTO_INCREMENT=9;

--
-- AUTO_INCREMENT de la tabla `circuito`
--
ALTER TABLE `circuito`
  MODIFY `id_circuito` int(11) NOT NULL AUTO_INCREMENT, AUTO_INCREMENT=45;

--
-- AUTO_INCREMENT de la tabla `consumo`
--
ALTER TABLE `consumo`
  MODIFY `id` int(11) NOT NULL AUTO_INCREMENT, AUTO_INCREMENT=1752;

--
-- AUTO_INCREMENT de la tabla `energia_entregada`
--
ALTER TABLE `energia_entregada`
  MODIFY `id` int(11) NOT NULL AUTO_INCREMENT, AUTO_INCREMENT=3299;

--
-- AUTO_INCREMENT de la tabla `energia_recibida`
--
ALTER TABLE `energia_recibida`
  MODIFY `id` int(11) NOT NULL AUTO_INCREMENT, AUTO_INCREMENT=790;

--
-- AUTO_INCREMENT de la tabla `energia_sub_mt`
--
ALTER TABLE `energia_sub_mt`
  MODIFY `id` int(11) NOT NULL AUTO_INCREMENT, AUTO_INCREMENT=572;

--
-- AUTO_INCREMENT de la tabla `entidad`
--
ALTER TABLE `entidad`
  MODIFY `id` int(11) NOT NULL AUTO_INCREMENT, AUTO_INCREMENT=8;

--
-- AUTO_INCREMENT de la tabla `e_e_mt`
--
ALTER TABLE `e_e_mt`
  MODIFY `id` int(11) NOT NULL AUTO_INCREMENT, AUTO_INCREMENT=398;

--
-- AUTO_INCREMENT de la tabla `e_r_mt`
--
ALTER TABLE `e_r_mt`
  MODIFY `id` int(11) NOT NULL AUTO_INCREMENT, AUTO_INCREMENT=166;

--
-- AUTO_INCREMENT de la tabla `failed_jobs`
--
ALTER TABLE `failed_jobs`
  MODIFY `id` bigint(20) UNSIGNED NOT NULL AUTO_INCREMENT;

--
-- AUTO_INCREMENT de la tabla `fechas`
--
ALTER TABLE `fechas`
  MODIFY `id` int(11) NOT NULL AUTO_INCREMENT, AUTO_INCREMENT=145;

--
-- AUTO_INCREMENT de la tabla `jobs`
--
ALTER TABLE `jobs`
  MODIFY `id` bigint(20) UNSIGNED NOT NULL AUTO_INCREMENT;

--
-- AUTO_INCREMENT de la tabla `medidores`
--
ALTER TABLE `medidores`
  MODIFY `id` int(11) NOT NULL AUTO_INCREMENT, AUTO_INCREMENT=9;

--
-- AUTO_INCREMENT de la tabla `migrations`
--
ALTER TABLE `migrations`
  MODIFY `id` int(10) UNSIGNED NOT NULL AUTO_INCREMENT, AUTO_INCREMENT=4;

--
-- AUTO_INCREMENT de la tabla `perdida_desviacion`
--
ALTER TABLE `perdida_desviacion`
  MODIFY `id` int(11) NOT NULL AUTO_INCREMENT, AUTO_INCREMENT=16;

--
-- AUTO_INCREMENT de la tabla `permissions`
--
ALTER TABLE `permissions`
  MODIFY `id` bigint(20) UNSIGNED NOT NULL AUTO_INCREMENT;

--
-- AUTO_INCREMENT de la tabla `personal_access_tokens`
--
ALTER TABLE `personal_access_tokens`
  MODIFY `id` bigint(20) UNSIGNED NOT NULL AUTO_INCREMENT;

--
-- AUTO_INCREMENT de la tabla `porcentaje_perdesv`
--
ALTER TABLE `porcentaje_perdesv`
  MODIFY `id` int(11) NOT NULL AUTO_INCREMENT, AUTO_INCREMENT=571;

--
-- AUTO_INCREMENT de la tabla `puntos`
--
ALTER TABLE `puntos`
  MODIFY `id` int(10) NOT NULL AUTO_INCREMENT, AUTO_INCREMENT=82;

--
-- AUTO_INCREMENT de la tabla `puntos_intercambio`
--
ALTER TABLE `puntos_intercambio`
  MODIFY `id` int(11) NOT NULL AUTO_INCREMENT, AUTO_INCREMENT=9;

--
-- AUTO_INCREMENT de la tabla `roles`
--
ALTER TABLE `roles`
  MODIFY `id` bigint(20) UNSIGNED NOT NULL AUTO_INCREMENT;

--
-- AUTO_INCREMENT de la tabla `subestaciones`
--
ALTER TABLE `subestaciones`
  MODIFY `id` int(11) NOT NULL AUTO_INCREMENT, AUTO_INCREMENT=5;

--
-- AUTO_INCREMENT de la tabla `sub_ermt`
--
ALTER TABLE `sub_ermt`
  MODIFY `id` int(11) NOT NULL AUTO_INCREMENT, AUTO_INCREMENT=15;

--
-- AUTO_INCREMENT de la tabla `suma_total`
--
ALTER TABLE `suma_total`
  MODIFY `id` int(11) NOT NULL AUTO_INCREMENT, AUTO_INCREMENT=199;

--
-- AUTO_INCREMENT de la tabla `tarifas`
--
ALTER TABLE `tarifas`
  MODIFY `id` int(11) NOT NULL AUTO_INCREMENT, AUTO_INCREMENT=34;

--
-- AUTO_INCREMENT de la tabla `tc`
--
ALTER TABLE `tc`
  MODIFY `id` int(11) NOT NULL AUTO_INCREMENT, AUTO_INCREMENT=7;

--
-- AUTO_INCREMENT de la tabla `total`
--
ALTER TABLE `total`
  MODIFY `id` int(11) NOT NULL AUTO_INCREMENT, AUTO_INCREMENT=5;

--
-- AUTO_INCREMENT de la tabla `tp`
--
ALTER TABLE `tp`
  MODIFY `id` int(11) NOT NULL AUTO_INCREMENT, AUTO_INCREMENT=4;

--
-- AUTO_INCREMENT de la tabla `users`
--
ALTER TABLE `users`
  MODIFY `id` bigint(20) UNSIGNED NOT NULL AUTO_INCREMENT, AUTO_INCREMENT=15;

--
-- AUTO_INCREMENT de la tabla `ventas`
--
ALTER TABLE `ventas`
  MODIFY `id` int(11) NOT NULL AUTO_INCREMENT, AUTO_INCREMENT=1195;

--
-- AUTO_INCREMENT de la tabla `ventas_totales`
--
ALTER TABLE `ventas_totales`
  MODIFY `id` int(11) NOT NULL AUTO_INCREMENT, AUTO_INCREMENT=145;

--
-- AUTO_INCREMENT de la tabla `zonas`
--
ALTER TABLE `zonas`
  MODIFY `id` int(11) NOT NULL AUTO_INCREMENT, AUTO_INCREMENT=5;

--
-- AUTO_INCREMENT de la tabla `zona_ee_mt`
--
ALTER TABLE `zona_ee_mt`
  MODIFY `id` int(11) NOT NULL AUTO_INCREMENT, AUTO_INCREMENT=6;

--
-- AUTO_INCREMENT de la tabla `zona_er_mt`
--
ALTER TABLE `zona_er_mt`
  MODIFY `id` int(11) NOT NULL AUTO_INCREMENT, AUTO_INCREMENT=4;

--
-- Restricciones para tablas volcadas
--

--
-- Filtros para la tabla `balance_am_at`
--
ALTER TABLE `balance_am_at`
  ADD CONSTRAINT `balance_am_at_ibfk_1` FOREIGN KEY (`id_year`) REFERENCES `years` (`id`);

--
-- Filtros para la tabla `balance_am_at2`
--
ALTER TABLE `balance_am_at2`
  ADD CONSTRAINT `balance_am_at2_ibfk_1` FOREIGN KEY (`id_fecha`) REFERENCES `fechas` (`id`);

--
-- Filtros para la tabla `balance_am_mt`
--
ALTER TABLE `balance_am_mt`
  ADD CONSTRAINT `balance_am_mt_ibfk_1` FOREIGN KEY (`id_fecha`) REFERENCES `fechas` (`id`);

--
-- Filtros para la tabla `balance_media_tension`
--
ALTER TABLE `balance_media_tension`
  ADD CONSTRAINT `balance_media_tension_ibfk_1` FOREIGN KEY (`id_fecha`) REFERENCES `fechas` (`id`);

--
-- Filtros para la tabla `balance_mensual`
--
ALTER TABLE `balance_mensual`
  ADD CONSTRAINT `balance_mensual_ibfk_1` FOREIGN KEY (`id_fecha`) REFERENCES `fechas` (`id`);

--
-- Filtros para la tabla `consumo`
--
ALTER TABLE `consumo`
  ADD CONSTRAINT `consumo_ibfk_1` FOREIGN KEY (`id_fecha`) REFERENCES `fechas` (`id`),
  ADD CONSTRAINT `consumo_ibfk_2` FOREIGN KEY (`id_circuito`) REFERENCES `circuito` (`id_circuito`);

--
-- Filtros para la tabla `energia_entregada`
--
ALTER TABLE `energia_entregada`
  ADD CONSTRAINT `energia_entregada_ibfk_1` FOREIGN KEY (`id_punto`) REFERENCES `puntos` (`id`),
  ADD CONSTRAINT `energia_entregada_ibfk_2` FOREIGN KEY (`id_fecha`) REFERENCES `fechas` (`id`);

--
-- Filtros para la tabla `energia_recibida`
--
ALTER TABLE `energia_recibida`
  ADD CONSTRAINT `energia_recibida_ibfk_1` FOREIGN KEY (`id_punto`) REFERENCES `puntos` (`id`),
  ADD CONSTRAINT `energia_recibida_ibfk_2` FOREIGN KEY (`id_fecha`) REFERENCES `fechas` (`id`);

--
-- Filtros para la tabla `energia_sub_mt`
--
ALTER TABLE `energia_sub_mt`
  ADD CONSTRAINT `energia_sub_mt_ibfk_1` FOREIGN KEY (`id_fecha`) REFERENCES `fechas` (`id`),
  ADD CONSTRAINT `energia_sub_mt_ibfk_2` FOREIGN KEY (`id_sub_ermt`) REFERENCES `sub_ermt` (`id`);

--
-- Filtros para la tabla `e_e_mt`
--
ALTER TABLE `e_e_mt`
  ADD CONSTRAINT `e_e_mt_ibfk_1` FOREIGN KEY (`id_fecha`) REFERENCES `fechas` (`id`),
  ADD CONSTRAINT `e_e_mt_ibfk_2` FOREIGN KEY (`id_zona`) REFERENCES `zona_ee_mt` (`id`);

--
-- Filtros para la tabla `e_r_mt`
--
ALTER TABLE `e_r_mt`
  ADD CONSTRAINT `e_r_mt_ibfk_1` FOREIGN KEY (`id_fecha`) REFERENCES `fechas` (`id`),
  ADD CONSTRAINT `e_r_mt_ibfk_2` FOREIGN KEY (`id_zona`) REFERENCES `zona_er_mt` (`id`);

--
-- Filtros para la tabla `fechas`
--
ALTER TABLE `fechas`
  ADD CONSTRAINT `fechas_ibfk_1` FOREIGN KEY (`id_mes`) REFERENCES `meses` (`id`),
  ADD CONSTRAINT `fechas_ibfk_2` FOREIGN KEY (`id_year`) REFERENCES `years` (`id`);

--
-- Filtros para la tabla `model_has_permissions`
--
ALTER TABLE `model_has_permissions`
  ADD CONSTRAINT `model_has_permissions_permission_id_foreign` FOREIGN KEY (`permission_id`) REFERENCES `permissions` (`id`) ON DELETE CASCADE;

--
-- Filtros para la tabla `model_has_roles`
--
ALTER TABLE `model_has_roles`
  ADD CONSTRAINT `model_has_roles_role_id_foreign` FOREIGN KEY (`role_id`) REFERENCES `roles` (`id`) ON DELETE CASCADE;

--
-- Filtros para la tabla `porcentaje_perdesv`
--
ALTER TABLE `porcentaje_perdesv`
  ADD CONSTRAINT `porcentaje_perdesv_ibfk_1` FOREIGN KEY (`id_fecha`) REFERENCES `fechas` (`id`),
  ADD CONSTRAINT `porcentaje_perdesv_ibfk_2` FOREIGN KEY (`id_perdesv`) REFERENCES `perdida_desviacion` (`id`);

--
-- Filtros para la tabla `puntos`
--
ALTER TABLE `puntos`
  ADD CONSTRAINT `puntos_ibfk_1` FOREIGN KEY (`id_entidad`) REFERENCES `entidad` (`id`),
  ADD CONSTRAINT `puntos_ibfk_2` FOREIGN KEY (`id_zona`) REFERENCES `zonas` (`id`);

--
-- Filtros para la tabla `role_has_permissions`
--
ALTER TABLE `role_has_permissions`
  ADD CONSTRAINT `role_has_permissions_permission_id_foreign` FOREIGN KEY (`permission_id`) REFERENCES `permissions` (`id`) ON DELETE CASCADE,
  ADD CONSTRAINT `role_has_permissions_role_id_foreign` FOREIGN KEY (`role_id`) REFERENCES `roles` (`id`) ON DELETE CASCADE;

--
-- Filtros para la tabla `sub_ermt`
--
ALTER TABLE `sub_ermt`
  ADD CONSTRAINT `sub_ermt_ibfk_1` FOREIGN KEY (`id_cipe`) REFERENCES `cipes_mt` (`id`),
  ADD CONSTRAINT `sub_ermt_ibfk_2` FOREIGN KEY (`id_medidor`) REFERENCES `medidores` (`id`),
  ADD CONSTRAINT `sub_ermt_ibfk_3` FOREIGN KEY (`id_punto_i`) REFERENCES `puntos_intercambio` (`id`),
  ADD CONSTRAINT `sub_ermt_ibfk_4` FOREIGN KEY (`id_sub`) REFERENCES `subestaciones` (`id`),
  ADD CONSTRAINT `sub_ermt_ibfk_5` FOREIGN KEY (`id_tc`) REFERENCES `tc` (`id`),
  ADD CONSTRAINT `sub_ermt_ibfk_6` FOREIGN KEY (`id_tp`) REFERENCES `tp` (`id`);

--
-- Filtros para la tabla `suma_total`
--
ALTER TABLE `suma_total`
  ADD CONSTRAINT `suma_total_ibfk_1` FOREIGN KEY (`id_fecha`) REFERENCES `fechas` (`id`),
  ADD CONSTRAINT `suma_total_ibfk_2` FOREIGN KEY (`id_total`) REFERENCES `total` (`id`);

--
-- Filtros para la tabla `ventas`
--
ALTER TABLE `ventas`
  ADD CONSTRAINT `ventas_ibfk_2` FOREIGN KEY (`id_fecha`) REFERENCES `fechas` (`id`),
  ADD CONSTRAINT `ventas_ibfk_3` FOREIGN KEY (`id_tarifa`) REFERENCES `tarifas` (`id`);

--
-- Filtros para la tabla `ventas_totales`
--
ALTER TABLE `ventas_totales`
  ADD CONSTRAINT `ventas_totales_ibfk_1` FOREIGN KEY (`id_fecha`) REFERENCES `fechas` (`id`);
COMMIT;

/*!40101 SET CHARACTER_SET_CLIENT=@OLD_CHARACTER_SET_CLIENT */;
/*!40101 SET CHARACTER_SET_RESULTS=@OLD_CHARACTER_SET_RESULTS */;
/*!40101 SET COLLATION_CONNECTION=@OLD_COLLATION_CONNECTION */;
